condition,context,n,eta,delta,depth,contrast,mean,mcse,lower,upper,repetitions,simultaneous_lower,simultaneous_upper
0,gaussian,200,0.4,0.25,2,combined_vs_aloof,0.8755999999999999,0.25899336170457177,0.36487634546951897,1.386323654530481,200,-0.17316951638782818,1.924369516387828
0,gaussian,200,0.4,0.25,2,combined_vs_cart,0.9501199999999997,0.2727608644469901,0.4122474283386355,1.487992571661364,200,-0.1543997375440923,2.054639737544092
0,gaussian,200,0.4,0.25,2,combined_vs_gap_cart,1.1390999999999998,0.24454924990304236,0.6568595062624147,1.6213404937375848,200,0.14882057018829542,2.129379429811704
0,gaussian,200,0.4,0.25,2,combined_vs_literal,0.4771799999999999,0.2532057646148105,-0.022130764573847495,0.9764907645738472,200,-0.5481531805646718,1.5025131805646716
0,gaussian,200,0.4,0.25,2,combined_vs_node_vote,0.8362599999999998,0.25818147499803457,0.327137350773664,1.3453826492263357,200,,
0,gaussian,200,0.4,0.25,2,combined_vs_tuned_cart,0.6544999999999999,0.2640986315487637,0.1337089751901056,1.1752910248098942,200,-0.4149428315271946,1.7239428315271943
0,gaussian,200,0.4,0.25,2,grouping_mixed,-0.2656799999999999,0.16789285733981843,-0.5967574187639849,0.06539741876398508,200,-0.9455465017449509,0.4141865017449511
0,gaussian,200,0.4,0.25,2,grouping_raw,0.14984,0.18600806345519472,-0.21695981801362793,0.5166398180136279,200,-0.6033823431141998,0.9030623431141998
0,gaussian,200,0.4,0.25,2,interaction,-0.41551999999999983,0.2040342360866856,-0.8178666471020656,-0.013173352897934087,200,-1.2417376516758802,0.4106976516758806
0,gaussian,200,0.4,0.25,2,proposals_grouped,0.29541999999999985,0.21481738678778223,-0.12819055169472082,0.7190305516947205,200,-0.5744630169636062,1.1653030169636058
0,gaussian,200,0.4,0.25,2,proposals_peak,0.7109399999999999,0.22030719982212862,0.2765037755654942,1.1453762244345056,200,-0.1811735039660436,1.6030535039660434
0,gaussian,200,0.4,0.25,5,combined_vs_aloof,1.5569399999999995,0.15667019798507756,1.2479931777944775,1.8658868222055216,200,0.9225186129351796,2.1913613870648194
0,gaussian,200,0.4,0.25,5,combined_vs_cart,1.5891999999999995,0.16133146502787418,1.2710613617449407,1.9073386382550583,200,0.9359032458213125,2.2424967541786867
0,gaussian,200,0.4,0.25,5,combined_vs_gap_cart,1.9407399999999995,0.14829955309860587,1.648299725757943,2.233180274242056,200,1.3402147604335584,2.5412652395664406
0,gaussian,200,0.4,0.25,5,combined_vs_literal,0.6343799999999998,0.1614148476541612,0.31607693482935756,0.9526830651706422,200,-0.01925440436427739,1.2880144043642772
0,gaussian,200,0.4,0.25,5,combined_vs_node_vote,1.2154799999999997,0.1762580048376434,0.8679068738840673,1.563053126115932,200,,
0,gaussian,200,0.4,0.25,5,combined_vs_tuned_cart,0.36401999999999995,0.20329262024290531,-0.03686421288560421,0.7649042128856041,200,-0.45919454733101234,1.1872345473310122
0,gaussian,200,0.4,0.25,5,grouping_mixed,-0.17257999999999996,0.1373625138787707,-0.44345290817779015,0.09829290817779024,200,-0.7288167170428973,0.3836567170428974
0,gaussian,200,0.4,0.25,5,grouping_raw,0.16126,0.14406351356852481,-0.12282698836901404,0.445346988369014,200,-0.422111791693787,0.7446317916937869
0,gaussian,200,0.4,0.25,5,interaction,-0.3338399999999999,0.18578530179704497,-0.7002005417040316,0.03252054170403179,200,-1.086160290509647,0.4184802905096472
0,gaussian,200,0.4,0.25,5,proposals_grouped,0.3955599999999999,0.1579831930250555,0.08402400863282633,0.7070959913671735,200,-0.24417823829233554,1.0352982382923352
0,gaussian,200,0.4,0.25,5,proposals_peak,0.7293999999999999,0.15552269914629416,0.42271599563913537,1.0360840043608646,200,0.09962530269697856,1.3591746973030214
1,gaussian,800,0.4,0.25,2,combined_vs_aloof,1.2717799999999997,0.16163280476400632,0.9530471328802326,1.5905128671197668,200,0.6172629986024197,1.9262970013975798
1,gaussian,800,0.4,0.25,2,combined_vs_cart,1.1707799999999997,0.13560301562736787,0.9033767459136587,1.4381832540863408,200,0.6216682073878446,1.7198917926121549
1,gaussian,800,0.4,0.25,2,combined_vs_gap_cart,1.0091999999999997,0.1326787937522714,0.7475631843770923,1.270836815622907,200,0.4719295717439469,1.5464704282560524
1,gaussian,800,0.4,0.25,2,combined_vs_literal,0.8083999999999998,0.15951021265015755,0.49385279228990897,1.1229472077100906,200,0.16247823783974458,1.454321762160255
1,gaussian,800,0.4,0.25,2,combined_vs_node_vote,1.2421999999999997,0.1425385040107694,0.9611202642084444,1.523279735791555,200,,
1,gaussian,800,0.4,0.25,2,combined_vs_tuned_cart,0.38458,0.16032978926145666,0.06841662282774413,0.7007433771722558,200,-0.2646605613781881,1.0338205613781881
1,gaussian,800,0.4,0.25,2,grouping_mixed,-0.025699999999999994,0.05792598595834369,-0.13992752709265438,0.0885275270926544,200,-0.2602658895656083,0.2088658895656083
1,gaussian,800,0.4,0.25,2,grouping_raw,0.17523999999999995,0.1692543894667693,-0.1585223009519316,0.5090023009519316,200,-0.5101398993893184,0.8606198993893183
1,gaussian,800,0.4,0.25,2,interaction,-0.20093999999999995,0.1694242024739074,-0.5350371648226562,0.13315716482265627,200,-0.8870075413589829,0.485127541358983
1,gaussian,800,0.4,0.25,2,proposals_grouped,0.6472999999999999,0.15232891004064475,0.3469140089669731,0.9476859910330266,200,0.030458254467369494,1.2641417455326303
1,gaussian,800,0.4,0.25,2,proposals_peak,0.8482399999999999,0.1705279714805944,0.5119662506612676,1.1845137493387323,200,0.15770284876480922,1.5387771512351907
1,gaussian,800,0.4,0.25,5,combined_vs_aloof,2.1426199999999995,0.14374909072205316,1.8591530398207468,2.4260869601792523,200,1.5605214343629155,2.7247185656370836
1,gaussian,800,0.4,0.25,5,combined_vs_cart,2.4630599999999996,0.13432502987251202,2.198176878286404,2.727943121713595,200,1.9191232917732102,3.006996708226789
1,gaussian,800,0.4,0.25,5,combined_vs_gap_cart,2.3640799999999995,0.14093622338957637,2.0861598919651296,2.6420001080348694,200,1.7933718788612956,2.9347881211387037
1,gaussian,800,0.4,0.25,5,combined_vs_literal,0.5442199999999999,0.13219013015559353,0.283546807754498,0.8048931922455018,200,0.008928369503824807,1.079511630496175
1,gaussian,800,0.4,0.25,5,combined_vs_node_vote,2.645199999999999,0.12785636727698127,2.3930727998242016,2.8973272001757966,200,,
1,gaussian,800,0.4,0.25,5,combined_vs_tuned_cart,-1.3690999999999998,0.15600433684862056,-1.676733772979924,-1.0614662270200754,200,-2.00082504435755,-0.7373749556424497
1,gaussian,800,0.4,0.25,5,grouping_mixed,-0.08655999999999996,0.09358502238109657,-0.27110559732812944,0.09798559732812952,200,-0.4655238391416508,0.29240383914165086
1,gaussian,800,0.4,0.25,5,grouping_raw,-0.3073399999999999,0.1747284900874531,-0.6518969894947686,0.03721698949476876,200,-1.0148867604348208,0.4002067604348211
1,gaussian,800,0.4,0.25,5,interaction,0.22077999999999995,0.18930872968161905,-0.15252858837920838,0.5940885883792083,200,-0.54580808383922,0.9873680838392199
1,gaussian,800,0.4,0.25,5,proposals_grouped,0.8147399999999999,0.15405876207754074,0.5109428159222329,1.118537184077767,200,0.19089337962340602,1.4385866203765938
1,gaussian,800,0.4,0.25,5,proposals_peak,0.5939599999999998,0.14994197065806528,0.29828094970317726,0.8896390502968223,200,-0.013216056630648398,1.2011360566306482
2,binary,200,0.4,0.25,2,combined_vs_aloof,2.0187399999999993,0.259153132709147,1.507701283991465,2.5297787160085337,200,0.9693235057973795,3.0681564942026194
2,binary,200,0.4,0.25,2,combined_vs_cart,1.9204199999999993,0.24556641349169853,1.4361737038671916,2.4046662961328074,200,0.9260216608929321,2.9148183391070663
2,binary,200,0.4,0.25,2,combined_vs_gap_cart,0.9284799999999999,0.21874938012374479,0.4971157283144828,1.359844271685517,200,0.042674741932386295,1.8142852580676134
2,binary,200,0.4,0.25,2,combined_vs_literal,1.9068599999999998,0.2931510257897932,1.328778916240394,2.4849410837596055,200,0.7197722015997599,3.0939477984002397
2,binary,200,0.4,0.25,2,combined_vs_node_vote,2.295,0.24628162618633345,1.8093433355134765,2.780656664486523,200,,
2,binary,200,0.4,0.25,2,combined_vs_tuned_cart,2.0425999999999997,0.267001053956853,1.5160855243282976,2.569114475671702,200,0.9614040790296976,3.123795920970302
2,binary,200,0.4,0.25,2,grouping_mixed,0.07309999999999998,0.07399990187417095,-0.07282459077458449,0.21902459077458447,200,-0.2265557162335603,0.3727557162335603
2,binary,200,0.4,0.25,2,grouping_raw,0.060599999999999966,0.19747301628527375,-0.3288082067764129,0.4500082067764129,200,-0.7390486026749636,0.8602486026749636
2,binary,200,0.4,0.25,2,interaction,0.012500000000000018,0.21033208093716174,-0.40226572346962947,0.4272657234696295,200,-0.8392201883225671,0.8642201883225672
2,binary,200,0.4,0.25,2,proposals_grouped,1.9505199999999996,0.2770731323157412,1.4041438234942953,2.496896176505704,200,0.8285381350195924,3.072501864980407
2,binary,200,0.4,0.25,2,proposals_peak,1.9380199999999996,0.29752186794845453,1.3513198054417406,2.5247201945582587,200,0.7332328830273569,3.1428071169726426
2,binary,200,0.4,0.25,5,combined_vs_aloof,1.72592,0.1768511987533658,1.3771771212599497,2.07466287874005,200,1.0097775283611174,2.4420624716388826
2,binary,200,0.4,0.25,5,combined_vs_cart,1.6366999999999996,0.17338583792792833,1.2947906622178564,1.9786093377821428,200,0.9345901845384172,2.338809815461582
2,binary,200,0.4,0.25,5,combined_vs_gap_cart,1.0170199999999996,0.16703712342172622,0.6876300513359327,1.3464099486640664,200,0.3406187131220533,1.693421286877946
2,binary,200,0.4,0.25,5,combined_vs_literal,0.5975399999999998,0.17972363077596798,0.24313281013506782,0.9519471898649319,200,-0.13023411780685545,1.325314117806855
2,binary,200,0.4,0.25,5,combined_vs_node_vote,1.4990799999999995,0.17488477805681055,1.154214817421269,1.84394518257873,200,,
2,binary,200,0.4,0.25,5,combined_vs_tuned_cart,0.3421999999999998,0.22410674906141123,-0.09972877042210704,0.7841287704221066,200,-0.5652994250257488,1.2496994250257483
2,binary,200,0.4,0.25,5,grouping_mixed,-0.07447999999999999,0.10201595524043328,-0.27565103055422574,0.12669103055422576,200,-0.48758411717576816,0.3386241171757682
2,binary,200,0.4,0.25,5,grouping_raw,0.12585999999999997,0.15619416309492684,-0.18214810208859833,0.4338681020885983,200,-0.506633728076801,0.7583537280768009
2,binary,200,0.4,0.25,5,interaction,-0.20034,0.18262058815503368,-0.5604598639269922,0.1597798639269922,200,-0.9398450771235058,0.5391650771235059
2,binary,200,0.4,0.25,5,proposals_grouped,0.5642199999999999,0.1732498638806777,0.2225787971301807,0.9058612028698192,200,-0.1373392012109399,1.2657792012109397
2,binary,200,0.4,0.25,5,proposals_peak,0.7645599999999999,0.1802892618033809,0.4090374103289305,1.1200825896710693,200,0.03449541198506845,1.4946245880149314
3,binary,800,0.4,0.25,2,combined_vs_aloof,1.6778799999999996,0.15391877492486694,1.3743588645040585,1.9814011354959407,200,1.054600244571001,2.301159755428998
3,binary,800,0.4,0.25,2,combined_vs_cart,1.7282399999999996,0.14085450817908474,1.4504810308092235,2.0059989691907756,200,1.1578627770017915,2.2986172229982076
3,binary,800,0.4,0.25,2,combined_vs_gap_cart,0.11639999999999998,0.060639460094916865,-0.003178380173921372,0.2359783801739213,200,-0.129153850566674,0.36195385056667395
3,binary,800,0.4,0.25,2,combined_vs_literal,1.1691599999999998,0.1630690715077879,0.8475948772755448,1.4907251227244547,200,0.5088269700819747,1.8294930299180248
3,binary,800,0.4,0.25,2,combined_vs_node_vote,1.6914999999999998,0.13337091947198987,1.4284983425346502,1.9545016574653493,200,,
3,binary,800,0.4,0.25,2,combined_vs_tuned_cart,0.8091399999999999,0.14189948846324515,0.5293203750992621,1.0889596249007376,200,0.23453122658659686,1.3837487734134029
3,binary,800,0.4,0.25,2,grouping_mixed,-0.03161999999999999,0.014348276663630383,-0.059914178065546796,-0.003325821934453181,200,-0.08972201110358716,0.02648201110358718
3,binary,800,0.4,0.25,2,grouping_raw,-0.034879999999999994,0.15007712365052867,-0.33082556612478564,0.2610655661247856,200,-0.6426033460963368,0.5728433460963368
3,binary,800,0.4,0.25,2,interaction,0.003260000000000023,0.150796865135431,-0.29410486505610656,0.30062486505610664,200,-0.6073778722605491,0.6138978722605491
3,binary,800,0.4,0.25,2,proposals_grouped,1.2335199999999997,0.17907402598341707,0.8803938025569142,1.5866461974430852,200,0.5083763963485766,1.958663603651423
3,binary,800,0.4,0.25,2,proposals_peak,1.2302599999999997,0.17497561771852638,0.8852156855558713,1.575304314444128,200,0.5217125192207613,1.938807480779238
3,binary,800,0.4,0.25,5,combined_vs_aloof,0.12421999999999997,0.256993413594893,-0.3825598437674407,0.6309998437674407,200,-0.91645091263218,1.16489091263218
3,binary,800,0.4,0.25,5,combined_vs_cart,0.2883599999999999,0.24145870471451641,-0.187786072927773,0.7645060729277728,200,-0.6894045546758609,1.2661245546758606
3,binary,800,0.4,0.25,5,combined_vs_gap_cart,0.9384799999999999,0.21462449725534719,0.5152498180810816,1.3617101819189181,200,0.06937807124775475,1.807581928752245
3,binary,800,0.4,0.25,5,combined_vs_literal,-1.8448399999999996,0.2265571707762761,-2.291600895558905,-1.398079104441094,200,-2.762262179724676,-0.9274178202753236
3,binary,800,0.4,0.25,5,combined_vs_node_vote,0.5247799999999998,0.2225055996314175,0.08600862667469028,0.9635513733253094,200,,
3,binary,800,0.4,0.25,5,combined_vs_tuned_cart,-3.762459999999999,0.24169632290236148,-4.2390746456683255,-3.2858453543316726,200,-4.74118676741487,-2.783733232585128
3,binary,800,0.4,0.25,5,grouping_mixed,-0.8883999999999997,0.18444381476216568,-1.2521151875665755,-0.524684812433424,200,-1.6352880636002338,-0.14151193639976567
3,binary,800,0.4,0.25,5,grouping_raw,-0.37109999999999993,0.1424378766110592,-0.6519813029321659,-0.09021869706783392,200,-0.9478889261157566,0.20568892611575668
3,binary,800,0.4,0.25,5,interaction,-0.5172999999999999,0.24367806414349977,-0.997822553277798,-0.03677744672220168,200,-1.5040516441506893,0.4694516441506895
3,binary,800,0.4,0.25,5,proposals_grouped,-1.5215999999999996,0.24994594310042678,-2.014482538205473,-1.028717461794526,200,-2.5337328367000644,-0.5094671632999348
3,binary,800,0.4,0.25,5,proposals_peak,-1.0042999999999997,0.18756264306992707,-1.3741653814584558,-0.6344346185415437,200,-1.7638174685954038,-0.24478253140459572
4,mixed,200,0.4,0.25,2,combined_vs_aloof,0.9321599999999998,0.2612314814614284,0.41702287056817156,1.447297129431828,200,-0.1256725740645498,1.9899925740645492
4,mixed,200,0.4,0.25,2,combined_vs_cart,0.6779799999999999,0.2537175337509477,0.1776600489290019,1.178299951070998,200,-0.3494255420563962,1.705385542056396
4,mixed,200,0.4,0.25,2,combined_vs_gap_cart,0.9075599999999998,0.25846830279504046,0.39787173882228555,1.417248261177714,200,-0.1390833391954861,1.9542033391954856
4,mixed,200,0.4,0.25,2,combined_vs_literal,0.8216199999999998,0.24735157425094767,0.3338534444254534,1.3093865555745463,200,-0.18000718147518913,1.8232471814751887
4,mixed,200,0.4,0.25,2,combined_vs_node_vote,0.8895599999999999,0.22677208231745138,0.44237530822103915,1.3367446917789607,200,,
4,mixed,200,0.4,0.25,2,combined_vs_tuned_cart,0.6475599999999999,0.2608529523423659,0.13316931354169592,1.161950686458304,200,-0.40873975562269815,1.703859755622698
4,mixed,200,0.4,0.25,2,grouping_mixed,0.09232,0.15205422032152846,-0.20752431484377737,0.3921643148437774,200,-0.5234094150776015,0.7080494150776014
4,mixed,200,0.4,0.25,2,grouping_raw,0.07041999999999997,0.17959269136565606,-0.2837289830378673,0.4245689830378673,200,-0.6568238908499746,0.7976638908499745
4,mixed,200,0.4,0.25,2,interaction,0.021899999999999985,0.22694142681764856,-0.4256186317743572,0.46941863177435716,200,-0.8970781888054762,0.9408781888054762
4,mixed,200,0.4,0.25,2,proposals_grouped,0.7614399999999998,0.2334029630226203,0.3011794996203441,1.2217005003796555,200,-0.18370357835913098,1.7065835783591305
4,mixed,200,0.4,0.25,2,proposals_peak,0.7395399999999998,0.2538808095728125,0.23889807610355773,1.2401819238964418,200,-0.28852671230264526,1.7676067123026447
4,mixed,200,0.4,0.25,5,combined_vs_aloof,1.7562799999999994,0.17474856713742432,1.4116834194351506,2.100876580564848,200,1.0486519394196834,2.4639080605803154
4,mixed,200,0.4,0.25,5,combined_vs_cart,1.6278599999999994,0.1781318835630178,1.2765916664684354,1.9791283335315635,200,0.9065315144045274,2.349188485595471
4,mixed,200,0.4,0.25,5,combined_vs_gap_cart,1.7657599999999996,0.15972436468922604,1.4507904937750034,2.080729506224996,200,1.1189710490864528,2.4125489509135463
4,mixed,200,0.4,0.25,5,combined_vs_literal,0.7555599999999997,0.1705206989660768,0.41930059174386347,1.0918194082561359,200,0.06505229813557023,1.446067701864429
4,mixed,200,0.4,0.25,5,combined_vs_node_vote,1.3889399999999994,0.172254050960672,1.0492624969346336,1.7286175030653652,200,,
4,mixed,200,0.4,0.25,5,combined_vs_tuned_cart,0.19527999999999998,0.21731188944572807,-0.2332496025357045,0.6238096025357045,200,-0.6847042733393822,1.0752642733393822
4,mixed,200,0.4,0.25,5,grouping_mixed,-0.2718599999999999,0.12328666395660047,-0.5149759438078942,-0.02874405619210557,200,-0.7710978726769124,0.22737787267691262
4,mixed,200,0.4,0.25,5,grouping_raw,0.02371999999999992,0.15591663410925655,-0.283740826989087,0.3311808269890868,200,-0.6076499002760829,0.6550899002760828
4,mixed,200,0.4,0.25,5,interaction,-0.29557999999999995,0.19201813858520925,-0.6742314249976906,0.08307142499769066,200,-1.0731395830576302,0.48197958305763033
4,mixed,200,0.4,0.25,5,proposals_grouped,0.6099799999999999,0.18147599865668793,0.2521172168247497,0.9678427831752501,200,-0.12489016846506729,1.3448501684650669
4,mixed,200,0.4,0.25,5,proposals_peak,0.9055599999999998,0.17543005430016484,0.559619556364763,1.2515004436352366,200,0.1951723205731315,1.6159476794268681
5,mixed,800,0.4,0.25,2,combined_vs_aloof,1.0933399999999998,0.16902819193954524,0.7600237507421708,1.4266562492578287,200,0.40887606644730967,1.7778039335526898
5,mixed,800,0.4,0.25,2,combined_vs_cart,1.1828199999999998,0.1445572461868502,0.8977593923631696,1.4678806076368298,200,0.5974488840148949,1.7681911159851045
5,mixed,800,0.4,0.25,2,combined_vs_gap_cart,0.9456399999999998,0.13898690206898512,0.6715638689001149,1.2197161310998847,200,0.3828254741458459,1.5084545258541537
5,mixed,800,0.4,0.25,2,combined_vs_literal,0.8104999999999998,0.17888781456825117,0.45774100337566465,1.163258996624335,200,0.08611044214551944,1.5348895578544801
5,mixed,800,0.4,0.25,2,combined_vs_node_vote,1.2414399999999999,0.14798147932466268,0.9496269534180248,1.533253046581975,200,,
5,mixed,800,0.4,0.25,2,combined_vs_tuned_cart,0.5687199999999999,0.16852051396233825,0.23640486965169544,0.9010351303483044,200,-0.11368813882833173,1.2511281388283315
5,mixed,800,0.4,0.25,2,grouping_mixed,0.02427999999999999,0.06705155001787054,-0.10794274285980546,0.15650274285980545,200,-0.24723901200275059,0.29579901200275055
5,mixed,800,0.4,0.25,2,grouping_raw,0.17291999999999993,0.125184999855992,-0.07393937970788303,0.4197793797078829,200,-0.3340050072430003,0.6798450072430002
5,mixed,800,0.4,0.25,2,interaction,-0.14864,0.13935126777735382,-0.4234346444430027,0.12615464444300273,200,-0.7129299908824431,0.41564999088244314
5,mixed,800,0.4,0.25,2,proposals_grouped,0.6390999999999998,0.14185101232804948,0.359375967931301,0.9188240320686986,200,0.06468752618489892,1.2135124738151006
5,mixed,800,0.4,0.25,2,proposals_peak,0.7877399999999998,0.17509380016517256,0.44246263490679194,1.1330173650932076,200,0.07871395040108631,1.4967660495989132
5,mixed,800,0.4,0.25,5,combined_vs_aloof,2.0414799999999995,0.1522154867945456,1.741317674679388,2.341642325320611,200,1.4250975513473185,2.6578624486526805
5,mixed,800,0.4,0.25,5,combined_vs_cart,2.0745799999999996,0.13081664147359906,1.8166152677494092,2.3325447322505903,200,1.5448501841051678,2.6043098158948315
5,mixed,800,0.4,0.25,5,combined_vs_gap_cart,1.5771599999999995,0.12199710875559146,1.3365870030099056,1.8177329969900933,200,1.083144061104001,2.0711759388959976
5,mixed,800,0.4,0.25,5,combined_vs_literal,0.016599999999999965,0.12974049320813236,-0.2392426146359208,0.27244261463592073,200,-0.5087720536398188,0.5419720536398187
5,mixed,800,0.4,0.25,5,combined_vs_node_vote,2.4995399999999997,0.11915892576701814,2.2645637765280004,2.734516223471999,200,,
5,mixed,800,0.4,0.25,5,combined_vs_tuned_cart,-1.7312199999999995,0.16864005067437945,-2.063770851549892,-1.3986691484501073,200,-2.414112191619696,-1.0483278083803031
5,mixed,800,0.4,0.25,5,grouping_mixed,0.019799999999999988,0.08054869496960537,-0.13903852617606163,0.1786385261760616,200,-0.30637444444504663,0.3459744444450466
5,mixed,800,0.4,0.25,5,grouping_raw,-0.12007999999999998,0.13728986013716526,-0.39080963815656716,0.15064963815656723,200,-0.6760225124773989,0.43586251247739893
5,mixed,800,0.4,0.25,5,interaction,0.13987999999999995,0.15590262625229184,-0.16755320410387448,0.4473132041038744,200,-0.49143317676287074,0.7711931767628706
5,mixed,800,0.4,0.25,5,proposals_grouped,0.0989,0.14701296544880058,-0.19100317930627247,0.38880317930627245,200,-0.49641532260796706,0.694215322607967
5,mixed,800,0.4,0.25,5,proposals_peak,-0.04097999999999998,0.13520591553619202,-0.30760018996282473,0.22564018996282478,200,-0.588483772746939,0.5065237727469389
6,correlated,200,0.4,0.25,2,combined_vs_aloof,1.2062999999999997,0.2671827566992056,0.6794272144164073,1.7331727855835921,200,0.12436829068373645,2.288231709316263
6,correlated,200,0.4,0.25,2,combined_vs_cart,0.2534799999999999,0.2526445506892337,-0.24472407510058242,0.7516840751005822,200,-0.7695805969994272,1.276540596999427
6,correlated,200,0.4,0.25,2,combined_vs_gap_cart,0.9376399999999998,0.24170441051480943,0.4610094059113791,1.4142705940886204,200,-0.041119517448848675,1.9163995174488484
6,correlated,200,0.4,0.25,2,combined_vs_literal,0.4452599999999999,0.23979506925329164,-0.027605456092765435,0.9181254560927652,200,-0.5257678176929858,1.4162878176929854
6,correlated,200,0.4,0.25,2,combined_vs_node_vote,0.24941999999999992,0.2482698643527414,-0.24015738375029805,0.7389973837502979,200,,
6,correlated,200,0.4,0.25,2,combined_vs_tuned_cart,0.8871799999999999,0.2610766256490639,0.3723482395007788,1.4020117604992208,200,-0.17002549986320958,1.9443854998632093
6,correlated,200,0.4,0.25,2,grouping_mixed,0.023599999999999986,0.15225154008182123,-0.2766334208363964,0.32383342083639644,200,-0.5929284430843969,0.6401284430843968
6,correlated,200,0.4,0.25,2,grouping_raw,0.18642,0.19333145729523551,-0.1948212324226121,0.5676612324226121,200,-0.5964577449568856,0.9692977449568857
6,correlated,200,0.4,0.25,2,interaction,-0.16282000000000005,0.2301015616665976,-0.6165702803704529,0.29093028037045277,200,-1.0945948607952127,0.7689548607952127
6,correlated,200,0.4,0.25,2,proposals_grouped,0.1594,0.2272538841014515,-0.28873478395995084,0.6075347839599508,200,-0.7608434554990668,1.0796434554990668
6,correlated,200,0.4,0.25,2,proposals_peak,0.32221999999999995,0.21813877413680843,-0.10794018321362009,0.75238018321362,200,-0.5611126659463019,1.2055526659463018
6,correlated,200,0.4,0.25,5,combined_vs_aloof,1.4599599999999997,0.1658808314520278,1.1328502088526426,1.7870697911473568,200,0.7882410098492066,2.131678990150793
6,correlated,200,0.4,0.25,5,combined_vs_cart,1.2873799999999997,0.15566949939925956,0.9804065119196026,1.594353488080397,200,0.657010848733777,1.9177491512662224
6,correlated,200,0.4,0.25,5,combined_vs_gap_cart,1.66296,0.1492170877897106,1.3687103872192437,1.9572096127807563,200,1.0587192890873989,2.267200710912601
6,correlated,200,0.4,0.25,5,combined_vs_literal,0.26458000000000004,0.14458543028692855,-0.020536185457423417,0.5496961854574235,200,-0.32090524487556926,0.8500652448755693
6,correlated,200,0.4,0.25,5,combined_vs_node_vote,0.9915999999999997,0.16500192293686855,0.6662233782509075,1.316976621749092,200,,
6,correlated,200,0.4,0.25,5,combined_vs_tuned_cart,-0.5813799999999999,0.21356799601675586,-1.0025268073874702,-0.1602331926125295,200,-1.4462037253042181,0.28344372530421835
6,correlated,200,0.4,0.25,5,grouping_mixed,-0.060579999999999946,0.14416533890888458,-0.34486778351530684,0.22370778351530693,200,-0.644364123933742,0.523204123933742
6,correlated,200,0.4,0.25,5,grouping_raw,-0.05409999999999997,0.1469535213500715,-0.34388595812676664,0.23568595812676668,200,-0.6491746092620114,0.5409746092620116
6,correlated,200,0.4,0.25,5,interaction,-0.006480000000000033,0.19438185195601265,-0.3897925650479762,0.37683256504797613,200,-0.7936112203863301,0.7806512203863301
6,correlated,200,0.4,0.25,5,proposals_grouped,0.08691999999999997,0.13589911632194454,-0.18106715178876834,0.3549071517887683,200,-0.46339082481981264,0.6372308248198126
6,correlated,200,0.4,0.25,5,proposals_peak,0.09339999999999993,0.16092392222326235,-0.2239349815544429,0.41073498155444277,200,-0.5582464475172073,0.7450464475172072
7,correlated,800,0.4,0.25,2,combined_vs_aloof,0.7147399999999999,0.13891200664431327,0.44081155942293093,0.9886684405770689,200,0.15222875619831178,1.277251243801688
7,correlated,800,0.4,0.25,2,combined_vs_cart,0.7576999999999998,0.11697284119781584,0.5270346403005216,0.988365359699478,200,0.28402936502257053,1.2313706349774292
7,correlated,800,0.4,0.25,2,combined_vs_gap_cart,0.4568399999999999,0.11558602127233134,0.22890938892827636,0.6847706110717234,200,-0.011214836746174128,0.924894836746174
7,correlated,800,0.4,0.25,2,combined_vs_literal,0.5756399999999999,0.15340310660996384,0.2731357400122941,0.8781442599877057,200,-0.04555160457571794,1.196831604575718
7,correlated,800,0.4,0.25,2,combined_vs_node_vote,0.5958999999999999,0.0934653992356067,0.4115902943164628,0.7802097056835369,200,,
7,correlated,800,0.4,0.25,2,combined_vs_tuned_cart,0.19537999999999997,0.12002749466425132,-0.04130900359302975,0.4320690035930297,200,-0.2906601699247391,0.681420169924739
7,correlated,800,0.4,0.25,2,grouping_mixed,-0.08255999999999998,0.04656035400234968,-0.17437499477750196,0.009254994777501982,200,-0.2711018206416847,0.10598182064168475
7,correlated,800,0.4,0.25,2,grouping_raw,0.014479999999999986,0.15187924470731448,-0.2850192705362441,0.3139792705362441,200,-0.6005408676110137,0.6295008676110135
7,correlated,800,0.4,0.25,2,interaction,-0.09703999999999997,0.15458997930170798,-0.4018847213593815,0.2078047213593816,200,-0.7230377350909636,0.5289577350909636
7,correlated,800,0.4,0.25,2,proposals_grouped,0.5909799999999998,0.16516400984701146,0.2652837499077141,0.9166762500922856,200,-0.07783628776845619,1.2597962877684559
7,correlated,800,0.4,0.25,2,proposals_peak,0.6880199999999997,0.15871885955959827,0.3750333061956493,1.0010066938043503,200,0.04530274853691285,1.3307372514630866
7,correlated,800,0.4,0.25,5,combined_vs_aloof,1.4785599999999997,0.143312684223332,1.1959536144718532,1.761166385528146,200,0.8982286218676455,2.058891378132354
7,correlated,800,0.4,0.25,5,combined_vs_cart,1.7681599999999997,0.14401077246138433,1.4841770148023623,2.052142985197637,200,1.1850017785115083,2.351318221488491
7,correlated,800,0.4,0.25,5,combined_vs_gap_cart,1.4813999999999998,0.13962433374188152,1.206066881341235,1.7567331186587647,200,0.9160042539056283,2.0467957460943715
7,correlated,800,0.4,0.25,5,combined_vs_literal,0.31445999999999996,0.1386098176528226,0.04112746298230113,0.5877925370176988,200,-0.24682755760225228,0.8757475576022522
7,correlated,800,0.4,0.25,5,combined_vs_node_vote,2.0315599999999994,0.13944164259808564,1.7565871403378193,2.3065328596621795,200,,
7,correlated,800,0.4,0.25,5,combined_vs_tuned_cart,-1.7878999999999996,0.14808383456779303,-2.079914886673504,-1.4958851133264954,200,-2.3875517074506076,-1.1882482925493913
7,correlated,800,0.4,0.25,5,grouping_mixed,-0.08913999999999998,0.10935852935051997,-0.30479026762224737,0.12651026762224743,200,-0.5319771877370955,0.3536971877370955
7,correlated,800,0.4,0.25,5,grouping_raw,0.14265999999999995,0.1306020455179295,-0.11488155835143848,0.4002015583514384,200,-0.3862008295425751,0.671520829542575
7,correlated,800,0.4,0.25,5,interaction,-0.23179999999999992,0.1636977991520844,-0.5546049463171758,0.09100494631717596,200,-0.8946790040044212,0.43107900400442145
7,correlated,800,0.4,0.25,5,proposals_grouped,0.32839999999999997,0.1329374810553695,0.06625306425683408,0.5905469357431659,200,-0.2099179584165955,0.8667179584165954
7,correlated,800,0.4,0.25,5,proposals_peak,0.5601999999999999,0.14045282904210096,0.28323312461208744,0.8371668753879125,200,-0.008550660713117164,1.128950660713117
8,xor,200,0.4,0.25,2,combined_vs_aloof,-0.02868000000000001,0.032320929759252166,-0.09241546895498234,0.03505546895498232,200,-0.1595605972852759,0.10220059728527589
8,xor,200,0.4,0.25,2,combined_vs_cart,-0.11732,0.05663096874595672,-0.2289938094257723,-0.005646190574227702,200,-0.346641837877912,0.112001837877912
8,xor,200,0.4,0.25,2,combined_vs_gap_cart,-0.05595999999999999,0.04469458155191188,-0.1440957725837809,0.032175772583780925,200,-0.2369465487317914,0.12502654873179145
8,xor,200,0.4,0.25,2,combined_vs_literal,0.009199999999999976,0.026137802578221653,-0.04234261084642292,0.060742610846422865,200,-0.09664259916542164,0.11504259916542159
8,xor,200,0.4,0.25,2,combined_vs_node_vote,-0.04089999999999998,0.04331965039739775,-0.12632446809574438,0.04452446809574441,200,,
8,xor,200,0.4,0.25,2,combined_vs_tuned_cart,-0.07183999999999999,0.04650840602682248,-0.16355255562720056,0.019872555627200597,200,-0.2601714621490484,0.1164914621490484
8,xor,200,0.4,0.25,2,grouping_mixed,0.015820000000000004,0.02577002734860284,-0.03499737407556325,0.06663737407556325,200,-0.08853332759811898,0.12017332759811898
8,xor,200,0.4,0.25,2,grouping_raw,0.036799999999999986,0.03560345531196028,-0.033408466700310974,0.10700846670031094,200,-0.10737287904024727,0.18097287904024723
8,xor,200,0.4,0.25,2,interaction,-0.020979999999999978,0.04272692298467902,-0.10523563539527767,0.0632756353952777,200,-0.19399869847342416,0.15203869847342422
8,xor,200,0.4,0.25,2,proposals_grouped,-0.02016,0.0426007369176831,-0.10416680195467198,0.06384680195467199,200,-0.19266771973795704,0.15234771973795702
8,xor,200,0.4,0.25,2,proposals_peak,0.0008199999999999843,0.007186268172790119,-0.013351008552064633,0.0149910085520646,200,-0.02828012421402266,0.02992012421402263
8,xor,200,0.4,0.25,5,combined_vs_aloof,0.03897999999999995,0.06712816810224913,-0.09339383039270369,0.1713538303927036,200,-0.23284926980538867,0.3108092698053886
8,xor,200,0.4,0.25,5,combined_vs_cart,-0.027360000000000016,0.06998163400126804,-0.1653607411460665,0.11064074114606645,200,-0.3107441144208921,0.2560241144208921
8,xor,200,0.4,0.25,5,combined_vs_gap_cart,0.11753999999999998,0.05835013137222381,0.0024760765827313153,0.23260392341726865,200,-0.1187434269482868,0.3538234269482867
8,xor,200,0.4,0.25,5,combined_vs_literal,0.07645999999999999,0.061285053896980274,-0.04439146309682715,0.19731146309682712,200,-0.1717081225893884,0.3246281225893884
8,xor,200,0.4,0.25,5,combined_vs_node_vote,0.021200000000000014,0.06703429558009538,-0.11098871785831736,0.1533887178583174,200,,
8,xor,200,0.4,0.25,5,combined_vs_tuned_cart,0.04873999999999998,0.06502809954668262,-0.07949258646118193,0.17697258646118189,200,-0.21458523762129314,0.3120652376212931
8,xor,200,0.4,0.25,5,grouping_mixed,-0.14333999999999997,0.07160399066670085,-0.2845399579895733,-0.0021400420104266127,200,-0.4332936967615985,0.14661369676159858
8,xor,200,0.4,0.25,5,grouping_raw,0.04899999999999999,0.03945709711272248,-0.02880768086851701,0.126807680868517,200,-0.11077784289382833,0.2087778428938283
8,xor,200,0.4,0.25,5,interaction,-0.19233999999999996,0.09005920454688729,-0.3699328377761292,-0.014747162223870708,200,-0.557026367933438,0.1723463679334381
8,xor,200,0.4,0.25,5,proposals_grouped,0.03543999999999999,0.06649137044548406,-0.0956780930860831,0.1665580930860831,200,-0.23381061695449348,0.30469061695449345
8,xor,200,0.4,0.25,5,proposals_peak,0.22777999999999995,0.08243501816033932,0.0652217264634011,0.3903382735365988,200,-0.10603293466532424,0.5615929346653241
9,xor,800,0.4,0.25,2,combined_vs_aloof,-0.09196000000000001,0.05176165702224419,-0.19403173830620707,0.010111738306207055,200,-0.30156401318924386,0.11764401318924383
9,xor,800,0.4,0.25,2,combined_vs_cart,-0.08716000000000004,0.053749709098196076,-0.19315209060768904,0.01883209060768895,200,-0.30481444506335575,0.1304944450633557
9,xor,800,0.4,0.25,2,combined_vs_gap_cart,0.021459999999999965,0.044632612431520405,-0.06655357217128359,0.10947357217128352,200,-0.15927561054559164,0.20219561054559154
9,xor,800,0.4,0.25,2,combined_vs_literal,0.011900000000000023,0.04161821631987897,-0.07016931403197228,0.09396931403197233,200,-0.15662909401018443,0.18042909401018448
9,xor,800,0.4,0.25,2,combined_vs_node_vote,-0.2012599999999999,0.08260107474935627,-0.36414572991402644,-0.03837427008597338,200,,
9,xor,800,0.4,0.25,2,combined_vs_tuned_cart,-0.03272000000000001,0.0609527752613472,-0.15291622406677624,0.08747622406677623,200,-0.27954259117613,0.21410259117612995
9,xor,800,0.4,0.25,2,grouping_mixed,-0.03833999999999997,0.033018359777736685,-0.10345077064408882,0.02677077064408888,200,-0.17204477524252676,0.09536477524252683
9,xor,800,0.4,0.25,2,grouping_raw,-0.015179999999999978,0.04847432556721113,-0.11076926353033772,0.08040926353033778,200,-0.21147227038004324,0.1811122703800433
9,xor,800,0.4,0.25,2,interaction,-0.023160000000000007,0.03532248663828124,-0.09281440868552052,0.046494408685520495,200,-0.16619512254303395,0.11987512254303392
9,xor,800,0.4,0.25,2,proposals_grouped,-0.015199999999999977,0.0186558355750962,-0.0519884970507516,0.021588497050751644,200,-0.09074507005558938,0.06034507005558942
9,xor,800,0.4,0.25,2,proposals_peak,0.007960000000000012,0.039654984313507446,-0.0702379058291281,0.08615790582912812,200,-0.1526191686980909,0.16853916869809094
9,xor,800,0.4,0.25,5,combined_vs_aloof,0.2640799999999999,0.12217621003901487,0.023153823061975942,0.5050061769380239,200,-0.23066119287611647,0.7588211928761164
9,xor,800,0.4,0.25,5,combined_vs_cart,0.27467999999999987,0.12531649695890099,0.02756131371948567,0.5217986862805141,200,-0.23277749252415442,0.7821374925241542
9,xor,800,0.4,0.25,5,combined_vs_gap_cart,0.4377799999999999,0.12414190517752463,0.19297755766959235,0.6825824423304074,200,-0.06492109241258565,0.9404810924125855
9,xor,800,0.4,0.25,5,combined_vs_literal,0.4938199999999999,0.12741620258588396,0.24256078546735937,0.7450792145326405,200,-0.022140055062724873,1.0097800550627247
9,xor,800,0.4,0.25,5,combined_vs_node_vote,0.1575199999999999,0.12569295462439828,-0.09034104443762453,0.40538104443762435,200,,
9,xor,800,0.4,0.25,5,combined_vs_tuned_cart,0.3847,0.13516995722675734,0.11815071826078505,0.6512492817392149,200,-0.16265816291915142,0.9320581629191513
9,xor,800,0.4,0.25,5,grouping_mixed,-0.3217799999999999,0.1320750409434008,-0.5822262413203458,-0.061333758679653905,200,-0.8566055874415639,0.21304558744156404
9,xor,800,0.4,0.25,5,grouping_raw,0.16741999999999999,0.0696230331984954,0.030126404053734096,0.3047135959462659,200,-0.11451199384133401,0.44935199384133395
9,xor,800,0.4,0.25,5,interaction,-0.48919999999999986,0.14742164327032378,-0.7799090742109146,-0.19849092578908512,200,-1.0861702254148051,0.1077702254148053
9,xor,800,0.4,0.25,5,proposals_grouped,0.25864,0.11451482602219884,0.03282173941194408,0.48445826058805586,200,-0.205077131265831,0.722357131265831
9,xor,800,0.4,0.25,5,proposals_peak,0.74784,0.16321939691607804,0.42597844210290037,1.0697015578970994,200,0.08689824133033575,1.4087817586696643
10,majority,200,0.4,0.25,2,combined_vs_aloof,0.11851999999999999,0.14378383918246945,-0.1650154826331732,0.40205548263317314,200,-0.4637192762938598,0.7007592762938597
10,majority,200,0.4,0.25,2,combined_vs_cart,-0.127,0.13270554172309496,-0.38868956145901823,0.13468956145901823,200,-0.6643787416747456,0.41037874167474564
10,majority,200,0.4,0.25,2,combined_vs_gap_cart,0.49389999999999984,0.11813532802952387,0.26094226678513127,0.7268577332148685,200,0.01552198277820116,0.9722780172217985
10,majority,200,0.4,0.25,2,combined_vs_literal,0.08682000000000001,0.12706039808614264,-0.16373758352090229,0.3373775835209023,200,-0.42769925785206897,0.601339257852069
10,majority,200,0.4,0.25,2,combined_vs_node_vote,-0.11735999999999999,0.13597356361443955,-0.3854939586144055,0.15077395861440548,200,,
10,majority,200,0.4,0.25,2,combined_vs_tuned_cart,0.10937999999999999,0.12280468652769658,-0.13278550526278676,0.3515455052627868,200,-0.3879061499312231,0.606666149931223
10,majority,200,0.4,0.25,2,grouping_mixed,-0.06325999999999997,0.08647273635466447,-0.23378047835373317,0.10726047835373322,200,-0.41342329874455136,0.2869032987445514
10,majority,200,0.4,0.25,2,grouping_raw,0.03320000000000001,0.09770498925143542,-0.15946999296018485,0.22586999296018487,200,-0.3624472615803614,0.4288472615803614
10,majority,200,0.4,0.25,2,interaction,-0.09646,0.1229652242460011,-0.33894207866699627,0.14602207866699624,200,-0.5943962324819114,0.4014762324819114
10,majority,200,0.4,0.25,2,proposals_grouped,-0.07838,0.12062392604984462,-0.3162451403670462,0.15948514036704617,200,-0.5668353633169957,0.4100753633169957
10,majority,200,0.4,0.25,2,proposals_peak,0.01808000000000002,0.12198940215935142,-0.2224777999172043,0.2586377999172043,200,-0.47590473175169745,0.5120647317516975
10,majority,200,0.4,0.25,5,combined_vs_aloof,0.8770599999999998,0.119447042499214,0.6415156228524392,1.1126043771475604,200,0.3933703171008968,1.3607496828991028
10,majority,200,0.4,0.25,5,combined_vs_cart,0.7056999999999998,0.10519456751741449,0.49826088416454944,0.91313911583545,200,0.279724388209182,1.1316756117908175
10,majority,200,0.4,0.25,5,combined_vs_gap_cart,1.1886199999999996,0.10579137561147808,0.9800040045377996,1.3972359954621996,200,0.760227669371031,1.617012330628968
10,majority,200,0.4,0.25,5,combined_vs_literal,0.36733999999999994,0.11034416612120879,0.1497460994975399,0.58493390050246,200,-0.07948843211697465,0.8141684321169745
10,majority,200,0.4,0.25,5,combined_vs_node_vote,0.6724,0.11456527401464303,0.4464822581630995,0.8983177418369005,200,,
10,majority,200,0.4,0.25,5,combined_vs_tuned_cart,0.4602799999999999,0.11320599273872295,0.2370427017706257,0.6835172982293741,200,0.001862867316020922,0.9186971326839789
10,majority,200,0.4,0.25,5,grouping_mixed,-0.08809999999999998,0.10690475143508346,-0.2989115242037677,0.12271152420376774,200,-0.5210008424162801,0.34480084241628006
10,majority,200,0.4,0.25,5,grouping_raw,0.09887999999999998,0.0869660739489282,-0.07261331865126582,0.2703733186512658,200,-0.2532810234226924,0.4510410234226923
10,majority,200,0.4,0.25,5,interaction,-0.18698,0.13258192725698276,-0.44842579910360436,0.07446579910360437,200,-0.7238581763977449,0.3498981763977448
10,majority,200,0.4,0.25,5,proposals_grouped,0.2678399999999999,0.10877233553107342,0.05334568111620869,0.48233431888379114,200,-0.17262345041624577,0.7083034504162455
10,majority,200,0.4,0.25,5,proposals_peak,0.45481999999999995,0.11445803706706761,0.22911372476365616,0.6805262752363437,200,-0.0086671696767881,0.9183071696767879
11,majority,800,0.4,0.25,2,combined_vs_aloof,0.18927999999999998,0.14794135945429837,-0.10245393194105581,0.4810139319410558,200,-0.4097947677371976,0.7883547677371976
11,majority,800,0.4,0.25,2,combined_vs_cart,0.03396000000000001,0.12822416611496987,-0.2188924835013363,0.2868124835013363,200,-0.48527182818494485,0.5531918281849448
11,majority,800,0.4,0.25,2,combined_vs_gap_cart,0.3718399999999999,0.11871169701017321,0.1377456922018375,0.6059343077981623,200,-0.10887196977223551,0.8525519697722352
11,majority,800,0.4,0.25,2,combined_vs_literal,0.4978199999999998,0.13248236457209336,0.23657053418442614,0.7590694658155734,200,-0.038655006570555206,1.034295006570555
11,majority,800,0.4,0.25,2,combined_vs_node_vote,0.12829999999999997,0.1314164929646031,-0.13084761332385364,0.3874476133238536,200,,
11,majority,800,0.4,0.25,2,combined_vs_tuned_cart,0.6834399999999999,0.14975709119710853,0.38812552396610833,0.9787544760338915,200,0.07701259554167583,1.289867404458324
11,majority,800,0.4,0.25,2,grouping_mixed,-0.10315999999999999,0.06958396736729562,-0.2403765598247749,0.03405655982477494,200,-0.3849338003933435,0.17861380039334357
11,majority,800,0.4,0.25,2,grouping_raw,0.16453999999999994,0.09306000518388184,-0.01897028623023847,0.34805028623023837,200,-0.212297830859453,0.5413778308594529
11,majority,800,0.4,0.25,2,interaction,-0.26769999999999994,0.10380126329340374,-0.47239158045278196,-0.06300841954721795,200,-0.688033555996107,0.15263355599610717
11,majority,800,0.4,0.25,2,proposals_grouped,0.21583999999999995,0.12112088513580306,-0.023005122088826158,0.45468512208882605,200,-0.27462775288873964,0.7063077528887395
11,majority,800,0.4,0.25,2,proposals_peak,0.48353999999999986,0.11776932457586428,0.2513040096907932,0.7157759903092065,200,0.006644079703637784,0.9604359202963619
11,majority,800,0.4,0.25,5,combined_vs_aloof,2.12578,0.1471877663080521,1.8355321209953859,2.4160278790046137,200,1.5297568375794026,2.721803162420597
11,majority,800,0.4,0.25,5,combined_vs_cart,1.9772399999999997,0.1463196319207615,1.6887040442816914,2.265775955718308,200,1.3847322669924427,2.5697477330075564
11,majority,800,0.4,0.25,5,combined_vs_gap_cart,2.3847199999999997,0.1477295634855738,2.093403720505516,2.6760362794944834,200,1.786502880328491,2.9829371196715084
11,majority,800,0.4,0.25,5,combined_vs_literal,1.7491199999999998,0.1472645837127189,1.458720640411541,2.039519359588459,200,1.1527857726478064,2.345454227352193
11,majority,800,0.4,0.25,5,combined_vs_node_vote,2.2077399999999994,0.13515472489077657,1.941220755765406,2.474259244234593,200,,
11,majority,800,0.4,0.25,5,combined_vs_tuned_cart,1.6674599999999997,0.1594471672300528,1.3530371151186693,1.9818828848813301,200,1.021793534401473,2.3131264655985264
11,majority,800,0.4,0.25,5,grouping_mixed,-0.27849999999999997,0.11729248563283858,-0.5097956846349542,-0.047204315365045796,200,-0.7534650053710505,0.1964650053710506
11,majority,800,0.4,0.25,5,grouping_raw,0.12685999999999997,0.11714260476554324,-0.10414012607783338,0.35786012607783335,200,-0.3474980767468011,0.6012180767468011
11,majority,800,0.4,0.25,5,interaction,-0.4053599999999999,0.14762016569084643,-0.6964605517972445,-0.11425944820275524,200,-1.0031341234822821,0.19241412348228232
11,majority,800,0.4,0.25,5,proposals_grouped,1.7251799999999997,0.14939179825186058,1.4305858657800579,2.0197741342199413,200,1.120231815329419,2.3301281846705804
11,majority,800,0.4,0.25,5,proposals_peak,2.13054,0.1439748670906448,1.846627818633166,2.414452181366834,200,1.5475271739689767,2.713552826031023
12,breast_cancer,200,0.4,0.25,2,combined_vs_aloof,0.9059399999999997,0.2681554157892124,0.3771491729585448,1.4347308270414547,200,-0.17993040178591957,1.991810401785919
12,breast_cancer,200,0.4,0.25,2,combined_vs_cart,0.33451999999999993,0.2489219292919208,-0.15634322747438845,0.8253832274743883,200,-0.6734661880768995,1.3425061880768994
12,breast_cancer,200,0.4,0.25,2,combined_vs_gap_cart,1.0306999999999997,0.24747054674756278,0.5426988358321675,1.5187011641678319,200,0.0285910504713085,2.032808949528691
12,breast_cancer,200,0.4,0.25,2,combined_vs_literal,0.15697999999999993,0.24999357498879518,-0.33599646621945656,0.6499564662194565,200,-0.8553457175994055,1.1693057175994053
12,breast_cancer,200,0.4,0.25,2,combined_vs_node_vote,0.30667999999999995,0.25067711817371635,-0.18764438367623892,0.8010043836762388,200,,
12,breast_cancer,200,0.4,0.25,2,combined_vs_tuned_cart,0.5211999999999998,0.2513340614645402,0.025580152702220083,1.0168198472977794,200,-0.4965538928377159,1.5389538928377156
12,breast_cancer,200,0.4,0.25,2,grouping_mixed,-0.22883999999999996,0.15458705463038122,-0.533678954034619,0.07599895403461901,200,-0.8548258919065947,0.3971458919065949
12,breast_cancer,200,0.4,0.25,2,grouping_raw,0.022740000000000014,0.18870214135712343,-0.3493724225630539,0.394852422563054,200,-0.7413917608680797,0.7868717608680796
12,breast_cancer,200,0.4,0.25,2,interaction,-0.25157999999999997,0.2126674586244659,-0.6709509867834029,0.16779098678340298,200,-1.112757082937846,0.6095970829378459
12,breast_cancer,200,0.4,0.25,2,proposals_grouped,0.03001999999999995,0.20768876211181397,-0.37953321361344744,0.4395732136134473,200,-0.8109963147256792,0.8710363147256791
12,breast_cancer,200,0.4,0.25,2,proposals_peak,0.2815999999999999,0.22772527396406841,-0.16746434428443113,0.7306643442844309,200,-0.6405523048803525,1.2037523048803525
12,breast_cancer,200,0.4,0.25,5,combined_vs_aloof,1.7929599999999999,0.15612349509475826,1.4850912521368032,2.1008287478631966,200,1.1607524354135415,2.4251675645864585
12,breast_cancer,200,0.4,0.25,5,combined_vs_cart,1.5622799999999994,0.15893846983650572,1.2488602442729169,1.875699755727082,200,0.9186734571574341,2.2058865428425647
12,breast_cancer,200,0.4,0.25,5,combined_vs_gap_cart,1.7921999999999993,0.14784504654855607,1.5006559929237178,2.083744007076281,200,1.1935152424117588,2.39088475758824
12,breast_cancer,200,0.4,0.25,5,combined_vs_literal,0.49853999999999987,0.15715998615500446,0.18862733680749455,0.8084526631925052,200,-0.1378647386794173,1.1349447386794171
12,breast_cancer,200,0.4,0.25,5,combined_vs_node_vote,1.1649199999999997,0.16904203684023528,0.8315764491996505,1.498263550800349,200,,
12,breast_cancer,200,0.4,0.25,5,combined_vs_tuned_cart,0.26077999999999996,0.20459041705749262,-0.14266341180723563,0.6642234118072355,200,-0.56768985475915,1.08924985475915
12,breast_cancer,200,0.4,0.25,5,grouping_mixed,0.15448,0.14447060888693172,-0.1304097626462798,0.4393697626462798,200,-0.4305402863015228,0.7395002863015228
12,breast_cancer,200,0.4,0.25,5,grouping_raw,0.27891999999999995,0.12665365652659927,0.029164493159257426,0.5286755068407425,200,-0.23395219575793036,0.7917921957579303
12,breast_cancer,200,0.4,0.25,5,interaction,-0.12443999999999995,0.1948036770571204,-0.5085843858166342,0.25970438581663435,200,-0.9132793618783643,0.6643993618783643
12,breast_cancer,200,0.4,0.25,5,proposals_grouped,0.3265999999999999,0.14929114316373787,0.032204353239793704,0.620995646760206,200,-0.2779405912581565,0.9311405912581563
12,breast_cancer,200,0.4,0.25,5,proposals_peak,0.45103999999999983,0.15824474458237053,0.13898824032772028,0.7630917596722794,200,-0.18975736698378315,1.0918373669837829
13,breast_cancer,800,0.4,0.25,2,combined_vs_aloof,0.9275399999999999,0.1499056056155835,0.6319326599866812,1.2231473400133186,200,0.3205112002247631,1.5345687997752369
13,breast_cancer,800,0.4,0.25,2,combined_vs_cart,0.9090999999999998,0.1279242676008193,0.6568389033362534,1.1613610966637462,200,0.39108258293965326,1.4271174170603462
13,breast_cancer,800,0.4,0.25,2,combined_vs_gap_cart,0.5123999999999999,0.13253963093672855,0.25103760740191844,0.7737623925980812,200,-0.024306901384956836,1.0491069013849565
13,breast_cancer,800,0.4,0.25,2,combined_vs_literal,0.5062399999999999,0.1555555158280239,0.19949128256883786,0.812988717431162,200,-0.12366758540177669,1.1361475854017766
13,breast_cancer,800,0.4,0.25,2,combined_vs_node_vote,0.9518599999999998,0.12851976561122344,0.6984246071375494,1.2052953928624501,200,,
13,breast_cancer,800,0.4,0.25,2,combined_vs_tuned_cart,0.03232000000000002,0.1126760477951444,-0.18987226982979258,0.25451226982979264,200,-0.4239511699514552,0.48859116995145524
13,breast_cancer,800,0.4,0.25,2,grouping_mixed,-0.06281999999999997,0.05894693839147747,-0.17906080092453988,0.053420800924539935,200,-0.30152014143409467,0.1758801414340947
13,breast_cancer,800,0.4,0.25,2,grouping_raw,0.08483999999999998,0.08586077588853305,-0.08447371890772341,0.25415371890772337,200,-0.2628452217857867,0.4325252217857866
13,breast_cancer,800,0.4,0.25,2,interaction,-0.14765999999999999,0.09977742779550608,-0.34441675170971964,0.049096751709719694,200,-0.551699408604144,0.2563794086041441
13,breast_cancer,800,0.4,0.25,2,proposals_grouped,0.3781799999999999,0.12783391799892063,0.12609706882498783,0.630262931175012,200,-0.1394715547553615,0.8958315547553612
13,breast_cancer,800,0.4,0.25,2,proposals_peak,0.5258399999999999,0.1448999151103787,0.2401036641369068,0.811576335863093,200,-0.060918721902279205,1.112598721902279
13,breast_cancer,800,0.4,0.25,5,combined_vs_aloof,2.0531399999999995,0.14250783105344692,1.7721207499473677,2.334159250052631,200,1.4760677998797305,2.6302122001202686
13,breast_cancer,800,0.4,0.25,5,combined_vs_cart,2.2801799999999997,0.15138398924257138,1.981657351718531,2.5787026482814683,200,1.667164623305157,2.8931953766948424
13,breast_cancer,800,0.4,0.25,5,combined_vs_gap_cart,1.9783999999999997,0.13840894327278655,1.705463578530585,2.2513364214694143,200,1.4179258645064015,2.538874135493598
13,breast_cancer,800,0.4,0.25,5,combined_vs_literal,0.4123199999999999,0.14147788607851838,0.1333317566808952,0.6913082433191047,200,-0.16058153379062767,0.9852215337906275
13,breast_cancer,800,0.4,0.25,5,combined_vs_node_vote,2.3880799999999995,0.12792163417675784,2.1358240963340647,2.6403359036659344,200,,
13,breast_cancer,800,0.4,0.25,5,combined_vs_tuned_cart,-1.6751399999999996,0.13812923197364174,-1.9475248429425651,-1.4027551570574341,200,-2.23448147061755,-1.115798529382449
13,breast_cancer,800,0.4,0.25,5,grouping_mixed,0.07437999999999999,0.10639667542129082,-0.13542962038339318,0.2841896203833932,200,-0.3564634358798091,0.5052234358798091
13,breast_cancer,800,0.4,0.25,5,grouping_raw,0.4017599999999999,0.14945094458109287,0.10704923178906017,0.6964707682109397,200,-0.20342769222666957,1.0069476922266694
13,breast_cancer,800,0.4,0.25,5,interaction,-0.32737999999999995,0.18392262322692482,-0.6900674205078501,0.03530742050785024,200,-1.0721575469801845,0.41739754698018466
13,breast_cancer,800,0.4,0.25,5,proposals_grouped,0.24855999999999992,0.13489249034604847,-0.017442129107988674,0.5145621291079885,200,-0.2976745866066952,0.794794586606695
13,breast_cancer,800,0.4,0.25,5,proposals_peak,0.5759399999999999,0.16326400232222457,0.25399048218034076,0.8978895178196591,200,-0.08518238411089063,1.2370623841108905
14,wine,200,0.4,0.25,2,combined_vs_aloof,0.5307799999999999,0.24751606406017204,0.04268907766969121,1.0188709223303087,200,-0.4715132676502768,1.5330732676502765
14,wine,200,0.4,0.25,2,combined_vs_cart,0.40339999999999987,0.2323239961690997,-0.05473282463182766,0.8615328246318275,200,-0.5373744024940904,1.3441744024940903
14,wine,200,0.4,0.25,2,combined_vs_gap_cart,0.8850799999999999,0.24962486461321476,0.3928306146186018,1.377329385381398,200,-0.12575265924555556,1.8959126592455553
14,wine,200,0.4,0.25,2,combined_vs_literal,0.7193999999999998,0.2467273371446146,0.23286441287245024,1.2059355871275494,200,-0.2796993914043876,1.7184993914043871
14,wine,200,0.4,0.25,2,combined_vs_node_vote,0.42811999999999983,0.24389603668685916,-0.05283238566114262,0.9090723856611422,200,,
14,wine,200,0.4,0.25,2,combined_vs_tuned_cart,0.5489399999999998,0.25109584464500784,0.05378990591844718,1.0440900940815523,200,-0.4678492559953964,1.565729255995396
14,wine,200,0.4,0.25,2,grouping_mixed,-0.08191999999999998,0.1374367325180067,-0.35293926410913695,0.18909926410913697,200,-0.638457258515722,0.474617258515722
14,wine,200,0.4,0.25,2,grouping_raw,0.5414999999999999,0.17379644637871436,0.19878096019620506,0.8842190398037947,200,-0.16227253617195658,1.2452725361719563
14,wine,200,0.4,0.25,2,interaction,-0.6234199999999999,0.21029849548682006,-1.0381194944210366,-0.2087205055789632,200,-1.475004187166859,0.22816418716685938
14,wine,200,0.4,0.25,2,proposals_grouped,0.30970000000000003,0.24416641567323205,-0.17178556127274797,0.7911855612727481,200,-0.6790291782245117,1.2984291782245119
14,wine,200,0.4,0.25,2,proposals_peak,0.9331199999999998,0.24530534459820108,0.44938852038022425,1.4168514796197753,200,-0.06022116491783258,1.9264611649178323
14,wine,200,0.4,0.25,5,combined_vs_aloof,1.6604799999999995,0.14259263002937234,1.379293530051846,1.941666469948153,200,1.0830644143180848,2.2378955856819145
14,wine,200,0.4,0.25,5,combined_vs_cart,1.5748599999999993,0.1386361171081842,1.30147560159919,1.8482443984008086,200,1.0134659452006787,2.13625405479932
14,wine,200,0.4,0.25,5,combined_vs_gap_cart,1.9911799999999997,0.15470041931644338,1.6861174957308136,2.296242504269186,200,1.3647350483468756,2.6176249516531236
14,wine,200,0.4,0.25,5,combined_vs_literal,1.1067799999999999,0.15978894169321348,0.7916831507293826,1.421876849270617,200,0.45972955051832043,1.7538304494816792
14,wine,200,0.4,0.25,5,combined_vs_node_vote,1.3236799999999997,0.15441770763144602,1.01917499088818,1.6281850091118195,200,,
14,wine,200,0.4,0.25,5,combined_vs_tuned_cart,0.22898,0.21745411806936793,-0.19983007120087068,0.6577900712008706,200,-0.6515802149150642,1.1095402149150642
14,wine,200,0.4,0.25,5,grouping_mixed,-0.09851999999999995,0.1329611037996379,-0.36071351876831903,0.16367351876831915,200,-0.6369336165211856,0.43989361652118575
14,wine,200,0.4,0.25,5,grouping_raw,0.6105799999999998,0.14581290937603403,0.3230432791198855,0.8981167208801141,200,0.020124192781887706,1.201035807218112
14,wine,200,0.4,0.25,5,interaction,-0.7090999999999997,0.18672842492070352,-1.0773203395197628,-0.3408796604802366,200,-1.4652393798321826,0.04703937983218298
14,wine,200,0.4,0.25,5,proposals_grouped,0.6116599999999999,0.15676699421234003,0.3025222998406689,0.9207977001593308,200,-0.023153354379295332,1.2464733543792952
14,wine,200,0.4,0.25,5,proposals_peak,1.3207599999999997,0.16128391244656218,1.0027151333688549,1.6388048666311446,200,0.6676558055741084,1.973864194425891
15,wine,800,0.4,0.25,2,combined_vs_aloof,0.8171399999999999,0.13474081989034953,0.5514369584396961,1.0828430415603036,200,0.2715195887892562,1.3627604112107434
15,wine,800,0.4,0.25,2,combined_vs_cart,0.7988399999999999,0.12427382827437901,0.5537774110554127,1.043902588944587,200,0.2956046972834214,1.3020753027165783
15,wine,800,0.4,0.25,2,combined_vs_gap_cart,0.4211799999999999,0.1296588079165922,0.16549846520930062,0.6768615347906992,200,-0.10386127665333267,0.9462212766533324
15,wine,800,0.4,0.25,2,combined_vs_literal,2.041959999999999,0.25222719277643196,1.5445789365668605,2.5393410634331377,200,1.0205894550292762,3.063330544970722
15,wine,800,0.4,0.25,2,combined_vs_node_vote,0.7871799999999999,0.12476305759600279,0.541152672092998,1.0332073279070018,200,,
15,wine,800,0.4,0.25,2,combined_vs_tuned_cart,0.30543999999999993,0.14178114365273464,0.0258537459228263,0.5850262540771736,200,-0.26868954711636883,0.8795695471163687
15,wine,800,0.4,0.25,2,grouping_mixed,-0.08307999999999996,0.03374943689089139,-0.14963242294172518,-0.016527577058274734,200,-0.21974520397845732,0.053585203978457396
15,wine,800,0.4,0.25,2,grouping_raw,0.5270999999999999,0.19210949858670748,0.1482684170494722,0.9059315829505277,200,-0.25082953688176657,1.3050295368817664
15,wine,800,0.4,0.25,2,interaction,-0.6101799999999998,0.19430894076264602,-0.9933487873430676,-0.22701121265693203,200,-1.3970159732938827,0.17665597329388305
15,wine,800,0.4,0.25,2,proposals_grouped,1.2418199999999997,0.2097277657263885,0.828245959865044,1.6553940401349554,200,0.3925469298860892,2.09109307011391
15,wine,800,0.4,0.25,2,proposals_peak,1.8519999999999994,0.240326038171305,1.3780874962745646,2.325912503725434,200,0.878822073085307,2.8251779269146917
15,wine,800,0.4,0.25,5,combined_vs_aloof,1.6354999999999995,0.14719603975855808,1.3452358061105167,1.9257641938894823,200,1.0394433350115029,2.231556664988496
15,wine,800,0.4,0.25,5,combined_vs_cart,1.9625799999999995,0.14954532604098164,1.6676831156515763,2.2574768843484225,200,1.3570101188346173,2.5681498811653816
15,wine,800,0.4,0.25,5,combined_vs_gap_cart,1.6306399999999996,0.16046370604215743,1.314212544755656,1.9470674552443432,200,0.9808571550806142,2.280422844919385
15,wine,800,0.4,0.25,5,combined_vs_literal,2.0103599999999995,0.23172213162194294,1.5534140261006895,2.4673059738993093,200,1.072022791980309,2.94869720801969
15,wine,800,0.4,0.25,5,combined_vs_node_vote,2.1844999999999994,0.13064752207801578,1.9268687638482889,2.44213123615171,200,,
15,wine,800,0.4,0.25,5,combined_vs_tuned_cart,-1.4054199999999997,0.1618975068728925,-1.7246748481756615,-1.0861651518243378,200,-2.0610088879544253,-0.749831112045574
15,wine,800,0.4,0.25,5,grouping_mixed,-0.09570000000000001,0.0994661688400563,-0.2918429625755643,0.10044296257556426,200,-0.4984789944297035,0.3070789944297035
15,wine,800,0.4,0.25,5,grouping_raw,0.7523799999999997,0.24300887193101797,0.2731770646849657,1.2315829353150338,200,-0.23166181256104612,1.7364218125610456
15,wine,800,0.4,0.25,5,interaction,-0.8480799999999998,0.26343056901479234,-1.3675536345240613,-0.32860636547593824,200,-1.9148175744655513,0.21865757446555156
15,wine,800,0.4,0.25,5,proposals_grouped,1.6104799999999995,0.2180345121545033,1.1805254168847024,2.0404345831152964,200,0.7275695332484573,2.4933904667515416
15,wine,800,0.4,0.25,5,proposals_peak,2.4585599999999994,0.23151638736836855,2.002019744827967,2.9151002551720318,200,1.5210559341886674,3.3960640658113315
16,digits,200,0.4,0.25,2,combined_vs_aloof,0.9931599999999996,0.25452615245474686,0.4912454879842424,1.4950745120157567,200,-0.037519968247647695,2.023839968247647
16,digits,200,0.4,0.25,2,combined_vs_cart,0.27343999999999996,0.24141888622294153,-0.2026275525927297,0.7495075525927296,200,-0.7041633133997236,1.2510433133997236
16,digits,200,0.4,0.25,2,combined_vs_gap_cart,0.7750599999999997,0.23323592296386075,0.3151288953573668,1.2349911046426327,200,-0.16940716518587562,1.719527165185875
16,digits,200,0.4,0.25,2,combined_vs_literal,1.5553599999999994,0.26575638134034624,1.031299964639866,2.079420035360133,200,0.47920426496142765,2.631515735038571
16,digits,200,0.4,0.25,2,combined_vs_node_vote,0.22708000000000003,0.2637002039357931,-0.2929253428710872,0.7470853428710873,200,,
16,digits,200,0.4,0.25,2,combined_vs_tuned_cart,0.31889999999999985,0.2514056817857759,-0.1768610794589418,0.8146610794589415,200,-0.6991439126635969,1.3369439126635965
16,digits,200,0.4,0.25,2,grouping_mixed,0.34691999999999995,0.10877751655807696,0.13241546435610316,0.5614245356438967,200,-0.09356443050295199,0.787404430502952
16,digits,200,0.4,0.25,2,grouping_raw,0.8527799999999999,0.16012971801309947,0.5370111546352582,1.1685488453647417,200,0.2043496085234714,1.5012103914765285
16,digits,200,0.4,0.25,2,interaction,-0.5058599999999999,0.16350659415958832,-0.8282878983809299,-0.1834321016190698,200,-1.1679647371807804,0.15624473718078058
16,digits,200,0.4,0.25,2,proposals_grouped,0.6225199999999999,0.21962433949929705,0.18943034644791018,1.0556096535520896,200,-0.26682832463548845,1.511868324635488
16,digits,200,0.4,0.25,2,proposals_peak,1.1283799999999997,0.2317713404397666,0.6713369884503475,1.585423011549652,200,0.1898435254518882,2.066916474548111
16,digits,200,0.4,0.25,5,combined_vs_aloof,1.3889599999999995,0.1668541209572062,1.0599309242434567,1.7179890757565424,200,0.7132997645719795,2.0646202354280194
16,digits,200,0.4,0.25,5,combined_vs_cart,0.8390199999999999,0.1582733631582621,0.5269118057397039,1.1511281942602958,200,0.19810674475637902,1.4799332552436208
16,digits,200,0.4,0.25,5,combined_vs_gap_cart,1.1983999999999997,0.15152511110862912,0.8995990655312218,1.4972009344687776,200,0.5848131634413092,1.8119868365586902
16,digits,200,0.4,0.25,5,combined_vs_literal,1.7067799999999993,0.18646353479175265,1.3390820123035279,2.0744779876964707,200,0.951713268094417,2.4618467319055815
16,digits,200,0.4,0.25,5,combined_vs_node_vote,0.55958,0.17374753334860213,0.216957414566034,0.9022025854339659,200,,
16,digits,200,0.4,0.25,5,combined_vs_tuned_cart,-0.4111399999999999,0.21183151715526535,-0.8288625465326034,0.006582546532603595,200,-1.2689320157507493,0.4466520157507495
16,digits,200,0.4,0.25,5,grouping_mixed,0.10973999999999995,0.09844890143096985,-0.08439695545096468,0.3038769554509646,200,-0.28891966472316977,0.5083996647231697
16,digits,200,0.4,0.25,5,grouping_raw,0.9760799999999997,0.14736690057446622,0.6854788760064312,1.2666811239935682,200,0.37933145003773294,1.5728285499622665
16,digits,200,0.4,0.25,5,interaction,-0.8663399999999999,0.1875266965838685,-1.23613449655003,-0.4965455034499697,200,-1.6257119066452776,-0.10696809335472213
16,digits,200,0.4,0.25,5,proposals_grouped,0.7337399999999998,0.16767886411037833,0.4030845665852343,1.0643954334147654,200,0.054740043923528714,1.412739956076471
16,digits,200,0.4,0.25,5,proposals_peak,1.6000799999999995,0.17913665418434552,1.2468303024662386,1.9533296975337604,200,0.8746827892770758,2.3254772107229233
17,digits,800,0.4,0.25,2,combined_vs_aloof,0.7751399999999998,0.13210419787988356,0.5146362624679464,1.0356437375320533,200,0.2401963442574836,1.310083655742516
17,digits,800,0.4,0.25,2,combined_vs_cart,0.9788199999999998,0.13657939189148274,0.7094913743499877,1.2481486256500118,200,0.4257544625675571,1.5318855374324425
17,digits,800,0.4,0.25,2,combined_vs_gap_cart,0.5673599999999999,0.13935877977184458,0.29255054223030075,0.842169457769699,200,0.0030395899949301475,1.1316804100050697
17,digits,800,0.4,0.25,2,combined_vs_literal,2.7005599999999994,0.29049049082249045,2.1277253755803707,3.273394624419628,200,1.5242457903613658,3.876874209638633
17,digits,800,0.4,0.25,2,combined_vs_node_vote,0.7683199999999998,0.13433633440625262,0.5034145862371148,1.0332254137628847,200,,
17,digits,800,0.4,0.25,2,combined_vs_tuned_cart,0.00525999999999998,0.1542746010353717,-0.2989628091231657,0.30948280912316567,200,-0.6194606401504299,0.6299806401504298
17,digits,800,0.4,0.25,2,grouping_mixed,-0.019079999999999996,0.02294683757675268,-0.06433016652930537,0.026170166529305382,200,-0.11200108334209917,0.07384108334209917
17,digits,800,0.4,0.25,2,grouping_raw,1.0707799999999998,0.19887284429754346,0.6786113932139681,1.4629486067860316,200,0.26546292405687244,1.8760970759431272
17,digits,800,0.4,0.25,2,interaction,-1.0898599999999998,0.2001648001977144,-1.4845762876782553,-0.6951437123217443,200,-1.9004087311318894,-0.2793112688681103
17,digits,800,0.4,0.25,2,proposals_grouped,1.0882199999999997,0.20647560688661495,0.681059075772074,1.4953809242279255,200,0.2521162444629481,1.9243237555370514
17,digits,800,0.4,0.25,2,proposals_peak,2.1780799999999996,0.27158520094967314,1.6425257856660047,2.7136342143339944,200,1.0783210023814442,3.277838997618555
17,digits,800,0.4,0.25,5,combined_vs_aloof,1.9120999999999997,0.12760749316383338,1.6604635687603184,2.163736431239681,200,1.3953653315433052,2.428834668456694
17,digits,800,0.4,0.25,5,combined_vs_cart,2.1234599999999997,0.12527575108956748,1.876421662803169,2.3704983371968305,200,1.6161675040819146,2.6307524959180846
17,digits,800,0.4,0.25,5,combined_vs_gap_cart,2.0385399999999994,0.13309193309617368,1.776088491544197,2.3009915084558017,200,1.499596602417422,2.5774833975825766
17,digits,800,0.4,0.25,5,combined_vs_literal,4.181279999999999,0.2355080517097037,3.716868356207624,4.645691643792374,200,3.227612060901367,5.134947939098631
17,digits,800,0.4,0.25,5,combined_vs_node_vote,2.1914,0.12450831378267484,1.945875015822797,2.4369249841772027,200,,
17,digits,800,0.4,0.25,5,combined_vs_tuned_cart,-2.29112,0.16253209757370551,-2.61162623346105,-1.97061376653895,200,-2.949278603942571,-1.6329613960574283
17,digits,800,0.4,0.25,5,grouping_mixed,0.009740000000000006,0.055537744528713816,-0.09977801877624823,0.11925801877624825,200,-0.2151549281452636,0.2346349281452636
17,digits,800,0.4,0.25,5,grouping_raw,1.2575599999999998,0.21009416178485393,0.843263442759766,1.6718565572402335,200,0.40680324314402705,2.1083167568559724
17,digits,800,0.4,0.25,5,interaction,-1.24782,0.21549598986113672,-1.6727687274661698,-0.8228712725338301,200,-2.120450956958582,-0.37518904304141787
17,digits,800,0.4,0.25,5,proposals_grouped,2.5473599999999994,0.23029524496015163,2.0932277845913108,3.001492215408688,200,1.6148008367316415,3.4799191632683573
17,digits,800,0.4,0.25,5,proposals_peak,3.7951799999999993,0.24151438513915835,3.3189241276944674,4.271435872305531,200,2.8171899726261524,4.773170027373846
18,gaussian,200,0.1,0.25,2,combined_vs_aloof,0.35224000000000005,0.06512414516457843,0.22381801575406204,0.4806619842459381,200,0.08852583458701069,0.6159541654129894
18,gaussian,200,0.1,0.25,2,combined_vs_cart,0.38792000000000004,0.07340235621209605,0.243173743304232,0.5326662566957681,200,0.0906839893176144,0.6851560106823857
18,gaussian,200,0.1,0.25,2,combined_vs_gap_cart,0.13112000000000001,0.059853376356781514,0.0130917427978227,0.24914825720217731,200,-0.11125067762178223,0.37349067762178223
18,gaussian,200,0.1,0.25,2,combined_vs_literal,0.23600000000000002,0.06508712367543759,0.10765102052185113,0.3643489794781489,200,-0.027564250337920843,0.49956425033792085
18,gaussian,200,0.1,0.25,2,combined_vs_node_vote,0.17344,0.0790706574930417,0.017516099498493976,0.32936390050150605,200,,
18,gaussian,200,0.1,0.25,2,combined_vs_tuned_cart,0.19336000000000003,0.07140045431495455,0.05256140685124547,0.3341585931487546,200,-0.09576949524622602,0.4824894952462261
18,gaussian,200,0.1,0.25,2,grouping_mixed,-0.053200000000000004,0.04216164157264874,-0.13634092501548203,0.029940925015482033,200,-0.223929644000305,0.117529644000305
18,gaussian,200,0.1,0.25,2,grouping_raw,0.29480000000000006,0.20607793617681264,-0.11157673486927477,0.7011767348692749,200,-0.5396934250048091,1.1292934250048092
18,gaussian,200,0.1,0.25,2,interaction,-0.34800000000000003,0.2092263422983774,-0.7605852549246492,0.06458525492464923,200,-1.1952426026044745,0.49924260260447445
18,gaussian,200,0.1,0.25,2,proposals_grouped,0.14472000000000002,0.06141359749916092,0.023615054505631367,0.26582494549436864,200,-0.10396864794419469,0.3934086479441947
18,gaussian,200,0.1,0.25,2,proposals_peak,0.49272000000000005,0.20959301219699344,0.07941168796919557,0.9060283120308046,200,-0.3560073982367431,1.3414473982367432
18,gaussian,200,0.1,0.25,5,combined_vs_aloof,2.5818399999999997,0.22823939973183802,2.131761822043248,3.0319181779567512,200,1.6576057906674346,3.5060742093325645
18,gaussian,200,0.1,0.25,5,combined_vs_cart,2.2725600000000004,0.22459411169270485,1.8296701716476915,2.7154498283523094,200,1.3630870453526303,3.1820329546473705
18,gaussian,200,0.1,0.25,5,combined_vs_gap_cart,2.0724,0.2197855053039407,1.638992534484734,2.505807465515266,200,1.1823990494366425,2.9624009505633575
18,gaussian,200,0.1,0.25,5,combined_vs_literal,0.29351999999999995,0.10322460678164938,0.08996556112935597,0.49707443887064395,200,-0.12447843911521828,0.7115184391152182
18,gaussian,200,0.1,0.25,5,combined_vs_node_vote,0.73448,0.13971379088989075,0.4589704757327885,1.0099895242672114,200,,
18,gaussian,200,0.1,0.25,5,combined_vs_tuned_cart,0.004639999999999995,0.09255984103737604,-0.17788398426833738,0.18716398426833739,200,-0.37017246269328435,0.3794524626932843
18,gaussian,200,0.1,0.25,5,grouping_mixed,0.07464000000000001,0.07718973785517577,-0.0775748087124091,0.22685480871240912,200,-0.23793266019357942,0.38721266019357947
18,gaussian,200,0.1,0.25,5,grouping_raw,0.06056,0.07458737975080271,-0.0865230716180102,0.2076430716180102,200,-0.24147465322448763,0.36259465322448764
18,gaussian,200,0.1,0.25,5,interaction,0.014079999999999997,0.08312331680692804,-0.14983556855713745,0.17799556855713747,200,-0.3225201359818455,0.35068013598184544
18,gaussian,200,0.1,0.25,5,proposals_grouped,0.30000000000000004,0.09281772487112178,0.11696748001805163,0.48303251998194846,200,-0.07585673927945513,0.6758567392794552
18,gaussian,200,0.1,0.25,5,proposals_peak,0.28592,0.08683251578173308,0.1146900522505726,0.4571499477494274,200,-0.06570019205351363,0.6375401920535136
19,xor,200,0.1,0.25,2,combined_vs_aloof,-0.2464,0.31800378367585624,-0.8734896423156737,0.38068964231567365,200,-1.5341267286705906,1.0413267286705907
19,xor,200,0.1,0.25,2,combined_vs_cart,-0.17351999999999998,0.3102215950545528,-0.7852635045353111,0.4382235045353111,200,-1.4297334800564692,1.0826934800564694
19,xor,200,0.1,0.25,2,combined_vs_gap_cart,0.32119999999999993,0.23541132782075647,-0.14302090848658044,0.7854209084865803,200,-0.6320762647114329,1.2744762647114327
19,xor,200,0.1,0.25,2,combined_vs_literal,-0.15167999999999998,0.37552078877474954,-0.8921906769260621,0.5888306769260621,200,-1.6723164883054753,1.3689564883054752
19,xor,200,0.1,0.25,2,combined_vs_node_vote,-0.9468000000000001,0.5699872483806834,-2.070790084582994,0.1771900845829939,200,,
19,xor,200,0.1,0.25,2,combined_vs_tuned_cart,-0.29192,0.3586668335032895,-0.9991954095320199,0.4153554095320198,200,-1.7443079648570876,1.1604679648570877
19,xor,200,0.1,0.25,2,grouping_mixed,0.21744,0.15594677880964877,-0.09008027102829977,0.5249602710282998,200,-0.41405196843506553,0.8489319684350655
19,xor,200,0.1,0.25,2,grouping_raw,0.56664,0.2984841521714134,-0.02195777722915082,1.1552377772291509,200,-0.6420437973836697,1.7753237973836697
19,xor,200,0.1,0.25,2,interaction,-0.34919999999999995,0.29211909597141333,-0.9252461630010456,0.22684616300104565,200,-1.5321090946317513,0.8337090946317514
19,xor,200,0.1,0.25,2,proposals_grouped,-0.5619200000000001,0.3126654840120065,-1.1784827473583808,0.054642747358380706,200,-1.8280297809621966,0.7041897809621963
19,xor,200,0.1,0.25,2,proposals_peak,-0.2127199999999999,0.273892342507822,-0.7528237972280962,0.3273837972280964,200,-1.3218215526564645,0.8963815526564646
19,xor,200,0.1,0.25,5,combined_vs_aloof,5.093040000000001,1.1243838030113968,2.8758040014036546,7.310275998596348,200,0.5399524244826015,9.6461275755174
19,xor,200,0.1,0.25,5,combined_vs_cart,3.56472,1.0309411812533342,1.5317487908912857,5.597691209108714,200,-0.609980374446971,7.73942037444697
19,xor,200,0.1,0.25,5,combined_vs_gap_cart,8.00488,1.0687164183459572,5.897417664895915,10.112342335104085,200,3.6772123182972676,12.332547681702732
19,xor,200,0.1,0.25,5,combined_vs_literal,5.258240000000001,1.0487433386025948,3.1901637102046547,7.326316289795347,200,1.0114514460299544,9.505028553970046
19,xor,200,0.1,0.25,5,combined_vs_node_vote,3.8830400000000003,1.0810978132440214,1.751162092199742,6.014917907800259,200,,
19,xor,200,0.1,0.25,5,combined_vs_tuned_cart,4.828480000000001,1.0648928866077276,2.7285575033292635,6.9284024966707385,200,0.5162953542546562,9.140664645745346
19,xor,200,0.1,0.25,5,grouping_mixed,5.00592,0.9580798439089107,3.1166281818903845,6.895211818109615,200,1.1262648306778082,8.885575169322191
19,xor,200,0.1,0.25,5,grouping_raw,7.9928,0.951305700117148,6.116866499072238,9.868733500927762,200,4.140576095563016,11.845023904436983
19,xor,200,0.1,0.25,5,interaction,-2.9868799999999998,1.050408291294438,-5.058239504151891,-0.9155204958481082,200,-7.240410624955729,1.2666506249557297
19,xor,200,0.1,0.25,5,proposals_grouped,-3.0303200000000006,0.9289665934503423,-4.86220175334347,-1.198438246656531,200,-6.792083770859482,0.7314437708594808
19,xor,200,0.1,0.25,5,proposals_peak,-0.043439999999999944,0.8855259618881252,-1.7896587156480286,1.7027787156480287,200,-3.6292949759187962,3.5424149759187964
20,majority,200,0.1,0.25,2,combined_vs_aloof,0.5158400000000001,0.07202083361341952,0.3738180458337207,0.6578619541662795,200,0.22419833651692828,0.8074816634830719
20,majority,200,0.1,0.25,2,combined_vs_cart,0.48040000000000005,0.0643530400901482,0.3534986014518886,0.6073013985481115,200,0.2198083528271379,0.7409916471728621
20,majority,200,0.1,0.25,2,combined_vs_gap_cart,0.2368,0.07442482970341222,0.09003747001170953,0.3835625299882905,200,-0.06457642193443242,0.5381764219344325
20,majority,200,0.1,0.25,2,combined_vs_literal,0.7538400000000002,0.09697370037708222,0.5626120769213329,0.9450679230786675,200,0.3611540246628362,1.1465259753371642
20,majority,200,0.1,0.25,2,combined_vs_node_vote,0.47448000000000007,0.06838332136717279,0.3396310619124942,0.609328938087506,200,,
20,majority,200,0.1,0.25,2,combined_vs_tuned_cart,0.43712,0.06223183214933751,0.31440153133248405,0.559838468667516,200,0.18511798698455562,0.6891220130154444
20,majority,200,0.1,0.25,2,grouping_mixed,-0.014879999999999994,0.01896693043829856,-0.05228196260212588,0.022521962602125894,200,-0.09168481975374437,0.06192481975374439
20,majority,200,0.1,0.25,2,grouping_raw,0.22752000000000003,0.08708990588198304,0.05578249015795969,0.39925750984204034,200,-0.12514246931183995,0.58018246931184
20,majority,200,0.1,0.25,2,interaction,-0.24240000000000003,0.08576380326075066,-0.41152249309975486,-0.07327750690024518,200,-0.5896925401538219,0.1048925401538218
20,majority,200,0.1,0.25,2,proposals_grouped,0.5259200000000002,0.0716920548011287,0.3845463833642282,0.6672936166357721,200,0.23560969572125473,0.8162303042787455
20,majority,200,0.1,0.25,2,proposals_peak,0.7683199999999999,0.0953533976332307,0.5802872435207358,0.956352756479264,200,0.3821952898392361,1.1544447101607638
20,majority,200,0.1,0.25,5,combined_vs_aloof,4.97136,0.31004251475690225,4.359969634029587,5.582750365970413,200,3.7158716889437144,6.226848311056285
20,majority,200,0.1,0.25,5,combined_vs_cart,4.78016,0.2870954693382897,4.2140202104140085,5.346299789585992,200,3.617593613922084,5.942726386077917
20,majority,200,0.1,0.25,5,combined_vs_gap_cart,1.64304,0.27752330952307996,1.0957760936042122,2.190303906395788,200,0.5192351843118137,2.766844815688186
20,majority,200,0.1,0.25,5,combined_vs_literal,5.523120000000001,0.3730222763067985,4.787536281086004,6.258703718913999,200,4.012601005422766,7.033638994577236
20,majority,200,0.1,0.25,5,combined_vs_node_vote,5.278720000000001,0.29148622213834124,4.703921836695766,5.853518163304235,200,,
20,majority,200,0.1,0.25,5,combined_vs_tuned_cart,5.04936,0.29855336088962803,4.460625746186047,5.638094253813954,200,3.84039594835246,6.25832405164754
20,majority,200,0.1,0.25,5,grouping_mixed,-0.013439999999999994,0.0391925645701827,-0.09072603419008875,0.06384603419008876,200,-0.1721466429801226,0.1452666429801226
20,majority,200,0.1,0.25,5,grouping_raw,3.83248,0.3670908570567692,3.1085927820927846,4.556367217907215,200,2.3459797356998853,5.318980264300114
20,majority,200,0.1,0.25,5,interaction,-3.84592,0.3678816730892895,-4.571366672757841,-3.120473327242159,200,-5.3356226002307325,-2.3562173997692675
20,majority,200,0.1,0.25,5,proposals_grouped,1.8684,0.2103363317696483,1.4536258940734301,2.28317410592657,200,1.0166625983268596,2.7201374016731403
20,majority,200,0.1,0.25,5,proposals_peak,5.71432,0.36408616392525694,4.9963579063769314,6.432282093623068,200,4.239986960920215,7.188653039079784
21,gaussian,200,0.4,0.0,2,combined_vs_aloof,0.5579799999999999,0.2517904576644124,0.06146015922911169,1.054499840770888,200,-0.4616220267770219,1.5775820267770218
21,gaussian,200,0.4,0.0,2,combined_vs_cart,1.1192199999999999,0.2612258534112813,0.6040939688384906,1.6343460311615092,200,0.06141021620077636,2.1770297837992234
21,gaussian,200,0.4,0.0,2,combined_vs_gap_cart,1.1192199999999999,0.2612258534112813,0.6040939688384906,1.6343460311615092,200,0.06141021620077636,2.1770297837992234
21,gaussian,200,0.4,0.0,2,combined_vs_literal,-0.3330199999999999,0.15708975892717827,-0.6427941781510089,-0.023245821848990933,200,-0.9691403600556572,0.30310036005565727
21,gaussian,200,0.4,0.0,2,combined_vs_node_vote,2.0707799999999996,0.255685972907605,1.5665783724520745,2.574981627547925,200,,
21,gaussian,200,0.4,0.0,2,combined_vs_tuned_cart,1.4328199999999998,0.2659073996033564,0.9084621631878221,1.9571778368121775,200,0.3560527305590768,2.5095872694409227
21,gaussian,200,0.4,0.0,2,grouping_mixed,-0.33347999999999994,0.12649402173888843,-0.5829207139764262,-0.08403928602357366,200,-0.8457057695406547,0.17874576954065485
21,gaussian,200,0.4,0.0,2,grouping_raw,-0.33347999999999994,0.12649402173888843,-0.5829207139764262,-0.08403928602357366,200,-0.8457057695406547,0.17874576954065485
21,gaussian,200,0.4,0.0,2,interaction,0.0,0.0,0.0,0.0,200,0.0,0.0
21,gaussian,200,0.4,0.0,2,proposals_grouped,0.0,0.0,0.0,0.0,200,0.0,0.0
21,gaussian,200,0.4,0.0,2,proposals_peak,0.0,0.0,0.0,0.0,200,0.0,0.0
21,gaussian,200,0.4,0.0,5,combined_vs_aloof,1.7258999999999998,0.15729629931722633,1.4157185331751836,2.036081466824816,200,1.088943273855422,2.3628567261445776
21,gaussian,200,0.4,0.0,5,combined_vs_cart,2.1501399999999995,0.1477965486775825,1.8586916286177664,2.4415883713822324,200,1.5516516300270708,2.748628369972928
21,gaussian,200,0.4,0.0,5,combined_vs_gap_cart,2.1501399999999995,0.1477965486775825,1.8586916286177664,2.4415883713822324,200,1.5516516300270708,2.748628369972928
21,gaussian,200,0.4,0.0,5,combined_vs_literal,-0.1364,0.15331997086921412,-0.4387403199196733,0.16594031991967337,200,-0.7572549541301358,0.48445495413013584
21,gaussian,200,0.4,0.0,5,combined_vs_node_vote,2.2746799999999996,0.15869427796012817,1.9617417800415924,2.587618219958407,200,,
21,gaussian,200,0.4,0.0,5,combined_vs_tuned_cart,1.2417999999999998,0.22293162257003496,0.8021885279528833,1.6814114720471163,200,0.3390591403442048,2.1445408596557947
21,gaussian,200,0.4,0.0,5,grouping_mixed,-0.23815999999999996,0.14241625123234836,-0.5189986586250952,0.04267865862509532,200,-0.8148613561571174,0.33854135615711756
21,gaussian,200,0.4,0.0,5,grouping_raw,-0.23815999999999996,0.14241625123234836,-0.5189986586250952,0.04267865862509532,200,-0.8148613561571174,0.33854135615711756
21,gaussian,200,0.4,0.0,5,interaction,0.0,0.0,0.0,0.0,200,0.0,0.0
21,gaussian,200,0.4,0.0,5,proposals_grouped,0.0,0.0,0.0,0.0,200,0.0,0.0
21,gaussian,200,0.4,0.0,5,proposals_peak,0.0,0.0,0.0,0.0,200,0.0,0.0
22,gaussian,200,0.4,0.1,2,combined_vs_aloof,0.7079599999999999,0.27052945964288866,0.1744876616449531,1.2414323383550467,200,-0.3875238714436615,1.8034438714436614
22,gaussian,200,0.4,0.1,2,combined_vs_cart,0.46055999999999986,0.2488784911332108,-0.030217569313050197,0.9513375693130499,200,-0.5472502892955438,1.4683702892955435
22,gaussian,200,0.4,0.1,2,combined_vs_gap_cart,1.4082999999999999,0.2415896715445114,0.9318956661747388,1.884704333825261,200,0.4300051073338035,2.386594892666196
22,gaussian,200,0.4,0.1,2,combined_vs_literal,0.27523999999999993,0.23896031989521205,-0.19597936663329235,0.7464593666332922,200,-0.6924075778489359,1.2428875778489359
22,gaussian,200,0.4,0.1,2,combined_vs_node_vote,0.31913999999999987,0.26402129178263795,-0.20149851415195208,0.8397785141519518,200,,
22,gaussian,200,0.4,0.1,2,combined_vs_tuned_cart,0.3801399999999998,0.2615847050029058,-0.1356936709060278,0.8959736709060274,200,-0.679122919924899,1.4394029199248988
22,gaussian,200,0.4,0.1,2,grouping_mixed,-0.34238,0.16390721752805437,-0.665597910254156,-0.019162089745844046,200,-1.0061070242295083,0.32134702422950834
22,gaussian,200,0.4,0.1,2,grouping_raw,0.05583999999999996,0.1933495303236651,-0.32543687164929824,0.43711687164929813,200,-0.7271109300036414,0.8387909300036414
22,gaussian,200,0.4,0.1,2,interaction,-0.3982199999999999,0.207610186904527,-0.807618266719222,0.011178266719222174,200,-1.2389181317359528,0.4424781317359531
22,gaussian,200,0.4,0.1,2,proposals_grouped,0.3872599999999998,0.20010414188616882,-0.00733667212384026,0.7818566721238399,200,-0.4230431009441279,1.1975631009441274
22,gaussian,200,0.4,0.1,2,proposals_peak,0.7854799999999997,0.2324015815858792,0.32719418029781555,1.243765819702184,200,-0.15560857741926648,1.726568577419266
22,gaussian,200,0.4,0.1,5,combined_vs_aloof,1.4510199999999998,0.16482764440408346,1.1259870479441552,1.7760529520558443,200,0.7835657927906261,2.118474207209373
22,gaussian,200,0.4,0.1,5,combined_vs_cart,1.4265199999999996,0.15981041861370435,1.1113807991754698,1.7416592008245293,200,0.7793825817274272,2.073657418272572
22,gaussian,200,0.4,0.1,5,combined_vs_gap_cart,1.8323399999999999,0.15114507198691474,1.5342884861643573,2.1303915138356424,200,1.2202920964983794,2.44438790350162
22,gaussian,200,0.4,0.1,5,combined_vs_literal,0.43994,0.16744797671674821,0.10973986649208806,0.7701401335079119,200,-0.2381249990622688,1.118004999062269
22,gaussian,200,0.4,0.1,5,combined_vs_node_vote,1.0335399999999997,0.17105332249824445,0.6962302812839842,1.3708497187160151,200,,
22,gaussian,200,0.4,0.1,5,combined_vs_tuned_cart,0.41179999999999994,0.23119428232744962,-0.0441050780286566,0.8677050780286565,200,-0.5243997314231172,1.3479997314231171
22,gaussian,200,0.4,0.1,5,grouping_mixed,-0.36225999999999986,0.14971822801851825,-0.6574978395345401,-0.06702216046545967,200,-0.9685300316332168,0.24401003163321716
22,gaussian,200,0.4,0.1,5,grouping_raw,0.209,0.14291129413013423,-0.07281486170706833,0.49081486170706834,200,-0.3697059863031764,0.7877059863031763
22,gaussian,200,0.4,0.1,5,interaction,-0.5712599999999999,0.19886307418263152,-0.963409340543993,-0.17911065945600674,200,-1.376537512771995,0.23401751277199523
22,gaussian,200,0.4,0.1,5,proposals_grouped,0.2613999999999999,0.15659934538456527,-0.04740710395626485,0.5702071039562646,200,-0.37273447605256466,0.8955344760525645
22,gaussian,200,0.4,0.1,5,proposals_peak,0.83266,0.16035737921073875,0.5164422166467018,1.1488777833532982,200,0.18330771568970539,1.4820122843102945
23,gaussian,200,0.4,0.4,2,combined_vs_aloof,0.7417199999999998,0.25524293129857567,0.23839203125237485,1.2450479687476248,200,-0.2918624974725349,1.7753024974725347
23,gaussian,200,0.4,0.4,2,combined_vs_cart,0.6082599999999999,0.24062282848879846,0.13376223866571407,1.0827577613342858,200,-0.3661197516861755,1.5826397516861754
23,gaussian,200,0.4,0.4,2,combined_vs_gap_cart,0.6082599999999999,0.24062282848879846,0.13376223866571407,1.0827577613342858,200,-0.3661197516861755,1.5826397516861754
23,gaussian,200,0.4,0.4,2,combined_vs_literal,0.15957999999999994,0.194997263524157,-0.22494612991718527,0.5441061299171852,200,-0.6300432722615378,0.9492032722615377
23,gaussian,200,0.4,0.4,2,combined_vs_node_vote,0.7802399999999998,0.23835315994607956,0.3102179264018055,1.2502620735981942,200,,
23,gaussian,200,0.4,0.4,2,combined_vs_tuned_cart,0.27651999999999993,0.25419250618182065,-0.22473657606439607,0.777776576064396,200,-0.7528088987144423,1.305848898714442
23,gaussian,200,0.4,0.4,2,grouping_mixed,0.19004,0.17519847637069522,-0.15544378202171544,0.5355237820217154,200,-0.5194099261520451,0.899489926152045
23,gaussian,200,0.4,0.4,2,grouping_raw,0.19004,0.17519847637069522,-0.15544378202171544,0.5355237820217154,200,-0.5194099261520451,0.899489926152045
23,gaussian,200,0.4,0.4,2,interaction,0.0,0.0,0.0,0.0,200,0.0,0.0
23,gaussian,200,0.4,0.4,2,proposals_grouped,0.0,0.0,0.0,0.0,200,0.0,0.0
23,gaussian,200,0.4,0.4,2,proposals_peak,0.0,0.0,0.0,0.0,200,0.0,0.0
23,gaussian,200,0.4,0.4,5,combined_vs_aloof,1.30462,0.16735189440458692,0.9746093366363411,1.6346306633636587,200,0.6269440773194407,1.9822959226805592
23,gaussian,200,0.4,0.4,5,combined_vs_cart,1.3062199999999995,0.14835609936600336,1.0136682189758957,1.5987717810241033,200,0.7054657815859088,1.9069742184140903
23,gaussian,200,0.4,0.4,5,combined_vs_gap_cart,1.3062199999999995,0.14835609936600336,1.0136682189758957,1.5987717810241033,200,0.7054657815859088,1.9069742184140903
23,gaussian,200,0.4,0.4,5,combined_vs_literal,0.08620000000000004,0.15277907128633675,-0.21507368944743654,0.38747368944743665,200,-0.5324646316052065,0.7048646316052066
23,gaussian,200,0.4,0.4,5,combined_vs_node_vote,1.0696199999999998,0.1495549554562052,0.7747041268632092,1.3645358731367905,200,,
23,gaussian,200,0.4,0.4,5,combined_vs_tuned_cart,-0.3171999999999999,0.22023699797350554,-0.7514977894396949,0.11709778943969507,200,-1.2090292281130046,0.5746292281130048
23,gaussian,200,0.4,0.4,5,grouping_mixed,0.11641999999999998,0.1398573901008779,-0.1593726956710667,0.39221269567106665,200,-0.4499194861319812,0.6827594861319811
23,gaussian,200,0.4,0.4,5,grouping_raw,0.11641999999999998,0.1398573901008779,-0.1593726956710667,0.39221269567106665,200,-0.4499194861319812,0.6827594861319811
23,gaussian,200,0.4,0.4,5,interaction,0.0,0.0,0.0,0.0,200,0.0,0.0
23,gaussian,200,0.4,0.4,5,proposals_grouped,0.0,0.0,0.0,0.0,200,0.0,0.0
23,gaussian,200,0.4,0.4,5,proposals_peak,0.0,0.0,0.0,0.0,200,0.0,0.0
24,gaussian,200,0.4,0.6,2,combined_vs_aloof,0.4102599999999999,0.22211267470209026,-0.027736542439524003,0.8482565424395239,200,-0.4891646064755652,1.309684606475565
24,gaussian,200,0.4,0.6,2,combined_vs_cart,0.3391399999999999,0.1826068933240123,-0.02095285831533733,0.6992328583153371,200,-0.40030962117972124,1.078589621179721
24,gaussian,200,0.4,0.6,2,combined_vs_gap_cart,0.3391399999999999,0.1826068933240123,-0.02095285831533733,0.6992328583153371,200,-0.40030962117972124,1.078589621179721
24,gaussian,200,0.4,0.6,2,combined_vs_literal,0.18427999999999994,0.17685129774920474,-0.16446307395554266,0.5330230739555426,200,-0.5318628725133199,0.9004228725133196
24,gaussian,200,0.4,0.6,2,combined_vs_node_vote,0.3060199999999999,0.18479861427290495,-0.05839483678367463,0.6704348367836744,200,,
24,gaussian,200,0.4,0.6,2,combined_vs_tuned_cart,-0.022259999999999974,0.19680008084628806,-0.41034120733364765,0.36582120733364776,200,-0.8191836132379359,0.774663613237936
24,gaussian,200,0.4,0.6,2,grouping_mixed,0.12457999999999998,0.1662082495821002,-0.20317544547165928,0.4523354454716592,200,-0.5484648393991005,0.7976248393991006
24,gaussian,200,0.4,0.6,2,grouping_raw,0.12457999999999998,0.1662082495821002,-0.20317544547165928,0.4523354454716592,200,-0.5484648393991005,0.7976248393991006
24,gaussian,200,0.4,0.6,2,interaction,0.0,0.0,0.0,0.0,200,0.0,0.0
24,gaussian,200,0.4,0.6,2,proposals_grouped,0.0,0.0,0.0,0.0,200,0.0,0.0
24,gaussian,200,0.4,0.6,2,proposals_peak,0.0,0.0,0.0,0.0,200,0.0,0.0
24,gaussian,200,0.4,0.6,5,combined_vs_aloof,0.7234599999999998,0.14045056478255502,0.4464975896335168,1.0004224103664827,200,0.15471850819520272,1.2922014918047968
24,gaussian,200,0.4,0.6,5,combined_vs_cart,0.5721399999999999,0.13490457860518748,0.3061140333702935,0.8381659666297062,200,0.025856463112850614,1.1184235368871491
24,gaussian,200,0.4,0.6,5,combined_vs_gap_cart,0.5721399999999999,0.13490457860518748,0.3061140333702935,0.8381659666297062,200,0.025856463112850614,1.1184235368871491
24,gaussian,200,0.4,0.6,5,combined_vs_literal,-0.12533999999999992,0.12531591685450583,-0.37245754233985573,0.12177754233985588,200,-0.6327951434453903,0.38211514344539055
24,gaussian,200,0.4,0.6,5,combined_vs_node_vote,0.31074,0.1409035896272669,0.0328842443262799,0.5885957556737201,200,,
24,gaussian,200,0.4,0.6,5,combined_vs_tuned_cart,-0.3422399999999999,0.18318133507428636,-0.70346563248408,0.018985632484080306,200,-1.0840157695901005,0.3995357695901006
24,gaussian,200,0.4,0.6,5,grouping_mixed,-0.29913999999999996,0.12439909475506399,-0.544449609000949,-0.05383039099905096,200,-0.8028825576728558,0.20460255767285584
24,gaussian,200,0.4,0.6,5,grouping_raw,-0.29913999999999996,0.12439909475506399,-0.544449609000949,-0.05383039099905096,200,-0.8028825576728558,0.20460255767285584
24,gaussian,200,0.4,0.6,5,interaction,0.0,0.0,0.0,0.0,200,0.0,0.0
24,gaussian,200,0.4,0.6,5,proposals_grouped,0.0,0.0,0.0,0.0,200,0.0,0.0
24,gaussian,200,0.4,0.6,5,proposals_peak,0.0,0.0,0.0,0.0,200,0.0,0.0
25,continuous,200,0.1,0.25,2,combined_vs_aloof,0.027840000000000007,0.09225828650666416,-0.15408933183805204,0.20976933183805205,200,-0.34575134568372945,0.4014313456837295
25,continuous,200,0.1,0.25,2,combined_vs_cart,0.12688,0.09364649517355926,-0.05778681900351956,0.31154681900351955,200,-0.2523327674940911,0.5060927674940912
25,continuous,200,0.1,0.25,2,combined_vs_gap_cart,0.12688,0.09364649517355926,-0.05778681900351956,0.31154681900351955,200,-0.2523327674940911,0.5060927674940912
25,continuous,200,0.1,0.25,2,combined_vs_literal,-0.12576,0.06987156999429264,-0.263543699707225,0.012023699707225027,200,-0.40869842046716465,0.1571784204671646
25,continuous,200,0.1,0.25,2,combined_vs_node_vote,-0.0484,0.06436683187190535,-0.1753285953424043,0.0785285953424043,200,,
25,continuous,200,0.1,0.25,2,combined_vs_tuned_cart,-0.18952,0.0813091751144294,-0.34985815997441905,-0.029181840025580913,200,-0.5187739380214859,0.13973393802148584
25,continuous,200,0.1,0.25,2,grouping_mixed,0.11512,0.20563960113698648,-0.2903923572189158,0.5206323572189158,200,-0.7175984280523441,0.9478384280523441
25,continuous,200,0.1,0.25,2,grouping_raw,0.11512,0.20563960113698648,-0.2903923572189158,0.5206323572189158,200,-0.7175984280523441,0.9478384280523441
25,continuous,200,0.1,0.25,2,interaction,0.0,0.0,0.0,0.0,200,0.0,0.0
25,continuous,200,0.1,0.25,2,proposals_grouped,0.0,0.0,0.0,0.0,200,0.0,0.0
25,continuous,200,0.1,0.25,2,proposals_peak,0.0,0.0,0.0,0.0,200,0.0,0.0
25,continuous,200,0.1,0.25,5,combined_vs_aloof,2.1564,0.2382901487155404,1.6865021818102286,2.6262978181897716,200,1.1914662179772408,3.1213337820227594
25,continuous,200,0.1,0.25,5,combined_vs_cart,1.89728,0.21878228504439343,1.465850841240872,2.3287091587591284,200,1.0113414965183405,2.7832185034816597
25,continuous,200,0.1,0.25,5,combined_vs_gap_cart,1.89728,0.21878228504439343,1.465850841240872,2.3287091587591284,200,1.0113414965183405,2.7832185034816597
25,continuous,200,0.1,0.25,5,combined_vs_literal,0.007840000000000007,0.11754355408757082,-0.22395078071731797,0.239630780717318,200,-0.46814168371414316,0.4838216837141432
25,continuous,200,0.1,0.25,5,combined_vs_node_vote,0.42400000000000004,0.16944910325217075,0.08985373192469054,0.7581462680753095,200,,
25,continuous,200,0.1,0.25,5,combined_vs_tuned_cart,-0.38496,0.11905253513727906,-0.6197264257734385,-0.15019357422656154,200,-0.8670521620496695,0.09713216204966946
25,continuous,200,0.1,0.25,5,grouping_mixed,0.03112000000000002,0.10130819949254902,-0.16865536697545525,0.23089536697545526,200,-0.3791181261382218,0.4413581261382219
25,continuous,200,0.1,0.25,5,grouping_raw,0.03112000000000002,0.10130819949254902,-0.16865536697545525,0.23089536697545526,200,-0.3791181261382218,0.4413581261382219
25,continuous,200,0.1,0.25,5,interaction,0.0,0.0,0.0,0.0,200,0.0,0.0
25,continuous,200,0.1,0.25,5,proposals_grouped,0.0,0.0,0.0,0.0,200,0.0,0.0
25,continuous,200,0.1,0.25,5,proposals_peak,0.0,0.0,0.0,0.0,200,0.0,0.0
26,continuous,200,0.4,0.25,2,combined_vs_aloof,0.3308999999999999,0.28067146471547044,-0.22257193162973515,0.8843719316297349,200,-0.8056529771735119,1.4674529771735119
26,continuous,200,0.4,0.25,2,combined_vs_cart,0.28941999999999996,0.26144581059444594,-0.22613977716830552,0.8049797771683054,200,-0.7692804799433075,1.3481204799433075
26,continuous,200,0.4,0.25,2,combined_vs_gap_cart,0.28941999999999996,0.26144581059444594,-0.22613977716830552,0.8049797771683054,200,-0.7692804799433075,1.3481204799433075
26,continuous,200,0.4,0.25,2,combined_vs_literal,-0.04189999999999999,0.2026088916233049,-0.4414359297596925,0.3576359297596925,200,-0.862345851913495,0.7785458519134949
26,continuous,200,0.4,0.25,2,combined_vs_node_vote,0.28782,0.27145160990608064,-0.24747077860132954,0.8231107786013296,200,,
26,continuous,200,0.4,0.25,2,combined_vs_tuned_cart,0.12718,0.24593646325380242,-0.35779601818288653,0.6121560181828865,200,-0.868716821182001,1.123076821182001
26,continuous,200,0.4,0.25,2,grouping_mixed,-0.09196000000000001,0.16873116315338865,-0.4246905213991371,0.2407705213991371,200,-0.7752211431245476,0.5913011431245475
26,continuous,200,0.4,0.25,2,grouping_raw,-0.09196000000000001,0.16873116315338865,-0.4246905213991371,0.2407705213991371,200,-0.7752211431245476,0.5913011431245475
26,continuous,200,0.4,0.25,2,interaction,0.0,0.0,0.0,0.0,200,0.0,0.0
26,continuous,200,0.4,0.25,2,proposals_grouped,0.0,0.0,0.0,0.0,200,0.0,0.0
26,continuous,200,0.4,0.25,2,proposals_peak,0.0,0.0,0.0,0.0,200,0.0,0.0
26,continuous,200,0.4,0.25,5,combined_vs_aloof,0.8991199999999998,0.1598730857453143,0.5838572223151826,1.214382777684817,200,0.25172881700975513,1.5465111829902445
26,continuous,200,0.4,0.25,5,combined_vs_cart,0.9690599999999998,0.15229240712636236,0.6687459911276763,1.2693740088723233,200,0.35236606962180705,1.5857539303781927
26,continuous,200,0.4,0.25,5,combined_vs_gap_cart,0.9690599999999998,0.15229240712636236,0.6687459911276763,1.2693740088723233,200,0.35236606962180705,1.5857539303781927
26,continuous,200,0.4,0.25,5,combined_vs_literal,-0.21961999999999995,0.15430878550627664,-0.5239102194142784,0.08467021941427846,200,-0.844479066984164,0.4052390669841641
26,continuous,200,0.4,0.25,5,combined_vs_node_vote,0.6914999999999998,0.16259431140265176,0.37087108357181664,1.0121289164281828,200,,
26,continuous,200,0.4,0.25,5,combined_vs_tuned_cart,-0.3789399999999999,0.22004092899769995,-0.8128511499397307,0.05497114993973096,200,-1.2699752650415925,0.5120952650415929
26,continuous,200,0.4,0.25,5,grouping_mixed,-0.05862,0.142424221861537,-0.33947437635948563,0.22223437635948562,200,-0.6353536324782729,0.5181136324782729
26,continuous,200,0.4,0.25,5,grouping_raw,-0.05862,0.142424221861537,-0.33947437635948563,0.22223437635948562,200,-0.6353536324782729,0.5181136324782729
26,continuous,200,0.4,0.25,5,interaction,0.0,0.0,0.0,0.0,200,0.0,0.0
26,continuous,200,0.4,0.25,5,proposals_grouped,0.0,0.0,0.0,0.0,200,0.0,0.0
26,continuous,200,0.4,0.25,5,proposals_peak,0.0,0.0,0.0,0.0,200,0.0,0.0
27,within_cluster,200,0.1,0.25,2,combined_vs_aloof,3.7812,0.6435842941826603,2.5120797393103755,5.050320260689625,200,1.1750652924445375,6.387334707555462
27,within_cluster,200,0.1,0.25,2,combined_vs_cart,3.27024,0.6210684369122642,2.045520031404118,4.494959968595881,200,0.7552811611429271,5.785198838857072
27,within_cluster,200,0.1,0.25,2,combined_vs_gap_cart,22.60032,0.6225055570279299,21.37276609298716,23.82787390701284,200,20.079541676972454,25.121098323027546
27,within_cluster,200,0.1,0.25,2,combined_vs_literal,0.22935999999999993,0.6976132152867471,-1.146302945239563,1.605022945239563,200,-2.595559795653298,3.0542797956532977
27,within_cluster,200,0.1,0.25,2,combined_vs_node_vote,2.19336,0.7119435969077111,0.789438164941386,3.5972818350586144,200,,
27,within_cluster,200,0.1,0.25,2,combined_vs_tuned_cart,3.22096,0.6220559371444688,1.9942927238587742,4.447627276141225,200,0.702002370849053,5.739917629150947
27,within_cluster,200,0.1,0.25,2,grouping_mixed,2.11936,0.7276170517670065,0.6845307930606006,3.554189206939399,200,-0.8270575393332114,5.065777539333212
27,within_cluster,200,0.1,0.25,2,grouping_raw,1.7476800000000003,0.5767935762785339,0.6102681325765329,2.885091867423468,200,-0.5879919109243699,4.083351910924371
27,within_cluster,200,0.1,0.25,2,interaction,0.3716799999999999,0.7633672474374975,-1.1336470392500204,1.8770070392500204,200,-2.71950462979972,3.46286462979972
27,within_cluster,200,0.1,0.25,2,proposals_grouped,-1.89704,0.6346676713503584,-3.1485770679428633,-0.6455029320571366,200,-4.467067673173968,0.6729876731739677
27,within_cluster,200,0.1,0.25,2,proposals_peak,-2.26872,0.48616612067529175,-3.2274184632579828,-1.3100215367420174,200,-4.237404463219475,-0.3000355367805252
27,within_cluster,200,0.1,0.25,5,combined_vs_aloof,1.6607999999999998,0.32856354578390234,1.0128869656896478,2.308713034310352,200,0.3303124973607745,2.991287502639225
27,within_cluster,200,0.1,0.25,5,combined_vs_cart,0.63512,0.2530801881542309,0.1360568667493962,1.1341831332506038,200,-0.38970467037365764,1.6599446703736578
27,within_cluster,200,0.1,0.25,5,combined_vs_gap_cart,38.247440000000005,0.21110032298369208,37.83115933659915,38.66372066340086,200,37.39260888700236,39.10227111299765
27,within_cluster,200,0.1,0.25,5,combined_vs_literal,-0.09935999999999996,0.20023452669407943,-0.49421378529907006,0.29549378529907017,200,-0.9101910820901955,0.7114710820901955
27,within_cluster,200,0.1,0.25,5,combined_vs_node_vote,-0.07328000000000008,0.2249335996002948,-0.5168392837533745,0.3702792837533743,200,,
27,within_cluster,200,0.1,0.25,5,combined_vs_tuned_cart,-0.42160000000000003,0.21639036380518123,-0.8483123940181345,0.005112394018134514,200,-1.297852641014853,0.45465264101485287
27,within_cluster,200,0.1,0.25,5,grouping_mixed,2.1192,0.3719712789474599,1.3856888022067393,2.852711197793261,200,0.6129369214239475,3.625463078576053
27,within_cluster,200,0.1,0.25,5,grouping_raw,0.31800000000000006,0.08932080964241132,0.1418632448879926,0.4941367551120075,200,-0.04369630648254319,0.6796963064825433
27,within_cluster,200,0.1,0.25,5,interaction,1.8012000000000001,0.36745631566160086,1.076592113605335,2.5258078863946656,200,0.31321984508907397,3.2891801549109263
27,within_cluster,200,0.1,0.25,5,proposals_grouped,-0.35640000000000005,0.18943645173575008,-0.7299604507196971,0.017160450719696962,200,-1.1235052824116525,0.4107052824116523
27,within_cluster,200,0.1,0.25,5,proposals_peak,-2.1576,0.37100172750142985,-2.8891992844742753,-1.4260007155257246,200,-3.6599369702214846,-0.6552630297785156
28,within_cluster,200,0.4,0.25,2,combined_vs_aloof,-0.22651999999999994,0.10419414159979719,-0.43198631940016813,-0.02105368059983176,200,-0.6484444801367247,0.19540448013672485
28,within_cluster,200,0.4,0.25,2,combined_vs_cart,-0.38677999999999985,0.10617549593803853,-0.59615346405394,-0.1774065359460597,200,-0.816727790145267,0.043167790145267226
28,within_cluster,200,0.4,0.25,2,combined_vs_gap_cart,0.5304399999999999,0.09103761347562159,0.35091778233390103,0.7099622176660988,200,0.16179165616005703,0.8990883438399428
28,within_cluster,200,0.4,0.25,2,combined_vs_literal,-0.3275999999999999,0.08071039860024887,-0.48675739870873785,-0.16844260129126193,200,-0.654429248249252,-0.0007707517507477557
28,within_cluster,200,0.4,0.25,2,combined_vs_node_vote,-0.29635999999999996,0.11078607096380837,-0.5148253176487597,-0.07789468235124017,200,,
28,within_cluster,200,0.4,0.25,2,combined_vs_tuned_cart,-0.15299999999999997,0.09432473683981045,-0.3390042820958662,0.03300428209586623,200,-0.5349592440046347,0.2289592440046348
28,within_cluster,200,0.4,0.25,2,grouping_mixed,0.12345999999999996,0.06901939238085998,-0.012643242485553707,0.2595632424855536,200,-0.1560276065249302,0.4029476065249301
28,within_cluster,200,0.4,0.25,2,grouping_raw,0.13241999999999998,0.0753275641955731,-0.016122683177826808,0.2809626831778268,200,-0.17261196125227074,0.4374519612522707
28,within_cluster,200,0.4,0.25,2,interaction,-0.008959999999999982,0.08811934456424511,-0.18272751818843047,0.16480751818843054,200,-0.36579108545644384,0.3478710854564439
28,within_cluster,200,0.4,0.25,2,proposals_grouped,-0.39477999999999996,0.07697286448701698,-0.546567143854795,-0.24299285614520497,200,-0.7064744516713828,-0.08308554832861709
28,within_cluster,200,0.4,0.25,2,proposals_peak,-0.38581999999999994,0.0749471789741342,-0.5336125800510745,-0.23802741994892537,200,-0.6893116266965742,-0.08232837330342574
28,within_cluster,200,0.4,0.25,5,combined_vs_aloof,-0.40891999999999995,0.07990793551828233,-0.5664949763827355,-0.2513450236172644,200,-0.7324997486757723,-0.08534025132422768
28,within_cluster,200,0.4,0.25,5,combined_vs_cart,-0.4627999999999999,0.08106320134972046,-0.6226531103993875,-0.3029468896006122,200,-0.7910578901515324,-0.13454210984846732
28,within_cluster,200,0.4,0.25,5,combined_vs_gap_cart,0.31615999999999994,0.06318523356531584,0.19156146517094885,0.44075853482905103,200,0.06029727667376533,0.5720227233262345
28,within_cluster,200,0.4,0.25,5,combined_vs_literal,-0.5728399999999999,0.07835022822759727,-0.727343245296844,-0.4183367547031558,200,-0.8901119579618577,-0.25556804203814204
28,within_cluster,200,0.4,0.25,5,combined_vs_node_vote,-0.4226399999999998,0.07595849403510051,-0.5724268494038449,-0.2728531505961547,200,,
28,within_cluster,200,0.4,0.25,5,combined_vs_tuned_cart,-0.5612199999999998,0.09700526099808467,-0.7525101592517935,-0.3699298407482062,200,-0.9540337771348925,-0.1684062228651072
28,within_cluster,200,0.4,0.25,5,grouping_mixed,-0.10049999999999998,0.05790870609162347,-0.21469345194639167,0.013693451946391724,200,-0.3349959163533833,0.13399591635338337
28,within_cluster,200,0.4,0.25,5,grouping_raw,-0.03825999999999999,0.07080630002064127,-0.1778869466997896,0.10136694669978963,200,-0.3249835227232025,0.24846352272320257
28,within_cluster,200,0.4,0.25,5,interaction,-0.06223999999999998,0.08043001834673592,-0.22084450103294478,0.0963645010329448,200,-0.3879338745047432,0.2634538745047433
28,within_cluster,200,0.4,0.25,5,proposals_grouped,-0.5306199999999999,0.07609612327766405,-0.6806782482893983,-0.3805617517106015,200,-0.838764169733349,-0.2224758302666507
28,within_cluster,200,0.4,0.25,5,proposals_peak,-0.46837999999999996,0.07255133187463837,-0.6114480736842028,-0.3253119263157971,200,-0.7621698668238883,-0.17459013317611155
29,imbalanced,200,0.1,0.25,2,combined_vs_aloof,0.35200000000000004,0.08061887256136324,0.1930230866626118,0.5109769133373883,200,0.025541377927832953,0.6784586220721671
29,imbalanced,200,0.1,0.25,2,combined_vs_cart,0.40271999999999997,0.08438385498965176,0.23631870492416424,0.5691212950758358,200,0.06101543195247272,0.7444245680475272
29,imbalanced,200,0.1,0.25,2,combined_vs_gap_cart,0.05184000000000001,0.054004502622629416,-0.05465453236562767,0.1583345323656277,200,-0.16684620772954917,0.27052620772954916
29,imbalanced,200,0.1,0.25,2,combined_vs_literal,0.3208,0.07934767208511308,0.1643298387608062,0.47727016123919375,200,-0.000511014041079394,0.6421110140410793
29,imbalanced,200,0.1,0.25,2,combined_vs_node_vote,0.17248000000000002,0.06463834019462117,0.0450160020437981,0.29994399795620197,200,,
29,imbalanced,200,0.1,0.25,2,combined_vs_tuned_cart,0.17808,0.06119315467349655,0.05740975817833302,0.298750241821667,200,-0.06971598523600181,0.4258759852360018
29,imbalanced,200,0.1,0.25,2,grouping_mixed,-0.00248,0.00248,-0.007370452229738499,0.002410452229738499,200,-0.012522529212036948,0.007562529212036949
29,imbalanced,200,0.1,0.25,2,grouping_raw,0.21672000000000005,0.09076548503903818,0.03773440778529816,0.3957055922147019,200,-0.15082638506017879,0.5842663850601789
29,imbalanced,200,0.1,0.25,2,interaction,-0.21920000000000006,0.09090351171550556,-0.3984577748226428,-0.03994222517735732,200,-0.5873053112418176,0.14890531124181755
29,imbalanced,200,0.1,0.25,2,proposals_grouped,0.17952,0.06962720290895379,0.04221818156590809,0.31682181843409196,200,-0.10242887869580336,0.4614688786958034
29,imbalanced,200,0.1,0.25,2,proposals_peak,0.39872,0.11136690326896315,0.17910930628597882,0.6183306937140212,200,-0.052249911021232054,0.8496899110212321
29,imbalanced,200,0.1,0.25,5,combined_vs_aloof,1.8756,0.21200108276958726,1.4575430774445546,2.2936569225554453,200,1.017121344073773,2.734078655926227
29,imbalanced,200,0.1,0.25,5,combined_vs_cart,1.82336,0.195421666379274,1.4379969660952687,2.2087230339047315,200,1.0320181478714525,2.6147018521285474
29,imbalanced,200,0.1,0.25,5,combined_vs_gap_cart,1.47912,0.1800241528407512,1.1241201936827274,1.8341198063172726,200,0.750128946058287,2.208111053941713
29,imbalanced,200,0.1,0.25,5,combined_vs_literal,0.35031999999999996,0.11563543599732504,0.12229194523794279,0.5783480547620572,200,-0.11793493707651842,0.8185749370765183
29,imbalanced,200,0.1,0.25,5,combined_vs_node_vote,0.43704,0.1246558929623917,0.19122399609355958,0.6828560039064404,200,,
29,imbalanced,200,0.1,0.25,5,combined_vs_tuned_cart,0.10375999999999999,0.08661131630775977,-0.06703375199914122,0.2745537519991412,200,-0.24696446536840713,0.45448446536840714
29,imbalanced,200,0.1,0.25,5,grouping_mixed,-0.09912000000000001,0.07782669658611714,-0.25259086365030575,0.054350863650305725,200,-0.41427196529936194,0.21603196529936194
29,imbalanced,200,0.1,0.25,5,grouping_raw,0.07368000000000002,0.10989832252801843,-0.14303471631115663,0.29039471631115665,200,-0.37134302997640456,0.5187030299764046
29,imbalanced,200,0.1,0.25,5,interaction,-0.1728,0.12574567616970728,-0.42076500903391945,0.07516500903391946,200,-0.6819954137990418,0.33639541379904186
29,imbalanced,200,0.1,0.25,5,proposals_grouped,0.2504,0.09768641038480914,0.05776664375744356,0.44303335624255646,200,-0.14517202818890135,0.6459720281889014
29,imbalanced,200,0.1,0.25,5,proposals_peak,0.4232000000000001,0.10659791921941793,0.21299353559190054,0.6334064644080997,200,-0.008458353912644878,0.8548583539126451
30,imbalanced,200,0.4,0.25,2,combined_vs_aloof,-0.23753999999999992,0.24209121197718617,-0.7149333497636796,0.23985334976367984,200,-1.2178658339751294,0.7427858339751297
30,imbalanced,200,0.4,0.25,2,combined_vs_cart,-0.27333999999999997,0.24990766580708504,-0.766147057046372,0.2194670570463721,200,-1.2853178363627493,0.7386378363627495
30,imbalanced,200,0.4,0.25,2,combined_vs_gap_cart,0.13592,0.2563313730938154,-0.36955432866878246,0.6413943286687825,200,-0.9020700412323317,1.1739100412323318
30,imbalanced,200,0.4,0.25,2,combined_vs_literal,-0.1972,0.23428021190113812,-0.6591903970465842,0.2647903970465843,200,-1.1458959160562041,0.751495916056204
30,imbalanced,200,0.4,0.25,2,combined_vs_node_vote,-0.26623999999999987,0.23678717478510852,-0.7331740189118199,0.2006940189118202,200,,
30,imbalanced,200,0.4,0.25,2,combined_vs_tuned_cart,-1.1701199999999998,0.2666442568791481,-1.6959308873393528,-0.6443091126606469,200,-2.2498711044075517,-0.09036889559244776
30,imbalanced,200,0.4,0.25,2,grouping_mixed,-0.3595799999999999,0.1686727124869,-0.692195259224839,-0.02696474077516081,200,-1.042604452590001,0.3234444525900011
30,imbalanced,200,0.4,0.25,2,grouping_raw,0.14172,0.18582621050474213,-0.2247212118978919,0.508161211897892,200,-0.6107659465145161,0.8942059465145162
30,imbalanced,200,0.4,0.25,2,interaction,-0.5013,0.2044305417052685,-0.9044281445601531,-0.09817185543984686,200,-1.3291224543982647,0.32652245439826477
30,imbalanced,200,0.4,0.25,2,proposals_grouped,-0.27513999999999994,0.16417504539255726,-0.5988860551642947,0.04860605516429484,200,-0.939951568242842,0.3896715682428421
30,imbalanced,200,0.4,0.25,2,proposals_peak,0.22615999999999992,0.16528905052397017,-0.09978282487351192,0.5521028248735118,200,-0.44316262835355713,0.895482628353557
30,imbalanced,200,0.4,0.25,5,combined_vs_aloof,1.13746,0.16865485001674527,0.8048799647900788,1.470040035209921,200,0.454507879820615,1.8204121201793848
30,imbalanced,200,0.4,0.25,5,combined_vs_cart,1.0870399999999998,0.15971489734577313,0.7720891629648822,1.4019908370351173,200,0.44028938621273805,1.7337906137872614
30,imbalanced,200,0.4,0.25,5,combined_vs_gap_cart,1.5632799999999998,0.14173280760557447,1.283789062507347,1.8427709374926526,200,0.9893461852084698,2.13721381479153
30,imbalanced,200,0.4,0.25,5,combined_vs_literal,0.4238999999999999,0.15636385459921873,0.1155572736390097,0.7322427263609901,200,-0.20928087803199685,1.0570808780319967
30,imbalanced,200,0.4,0.25,5,combined_vs_node_vote,1.0647599999999997,0.1453391345514373,0.7781575424857496,1.3513624575142498,200,,
30,imbalanced,200,0.4,0.25,5,combined_vs_tuned_cart,-0.6325999999999999,0.22509930672804662,-1.0764860510083734,-0.18871394899162652,200,-1.544118694929707,0.2789186949297071
30,imbalanced,200,0.4,0.25,5,grouping_mixed,-0.10100000000000002,0.1411205115990225,-0.3792835163755151,0.17728351637551504,200,-0.6724543790930575,0.4704543790930575
30,imbalanced,200,0.4,0.25,5,grouping_raw,-0.0643,0.12441169114867119,-0.3096344485417567,0.18103444854175668,200,-0.5680935655965521,0.43949356559655206
30,imbalanced,200,0.4,0.25,5,interaction,-0.03669999999999999,0.16122686768749678,-0.3546323768451906,0.2812323768451906,200,-0.6895731969826219,0.616173196982622
30,imbalanced,200,0.4,0.25,5,proposals_grouped,0.32281999999999994,0.13146724466611634,0.06357230652621548,0.5820676934737844,200,-0.20954437297801703,0.8551843729780169
30,imbalanced,200,0.4,0.25,5,proposals_peak,0.35951999999999984,0.12362940100137908,0.11572819363369766,0.603311806366302,200,-0.14110575444474993,0.8601457544447496
31,contaminated,200,0.1,0.25,2,combined_vs_aloof,0.27399999999999997,0.07115031296611336,0.13369467472108015,0.4143053252789198,200,-0.014116571132163247,0.5621165711321632
31,contaminated,200,0.1,0.25,2,combined_vs_cart,0.25256,0.06819251518779897,0.11808732340659359,0.38703267659340646,200,-0.02357924428054209,0.528699244280542
31,contaminated,200,0.1,0.25,2,combined_vs_gap_cart,0.21584,0.06680448238203526,0.08410446378155215,0.34757553621844783,200,-0.05467853460346647,0.48635853460346645
31,contaminated,200,0.1,0.25,2,combined_vs_literal,0.09928000000000001,0.05516614474139135,-0.009505240143796015,0.20806524014379602,200,-0.12411016938745206,0.3226701693874521
31,contaminated,200,0.1,0.25,2,combined_vs_node_vote,0.042559999999999994,0.0624146809169914,-0.08051903849149902,0.165639038491499,200,,
31,contaminated,200,0.1,0.25,2,combined_vs_tuned_cart,-0.031120000000000002,0.06267699864219704,-0.1547163176463909,0.09247631764639089,200,-0.28492467330123544,0.22268467330123545
31,contaminated,200,0.1,0.25,2,grouping_mixed,0.08071999999999999,0.05352633323653642,-0.024831603115461898,0.18627160311546187,200,-0.1360299052988473,0.29746990529884726
31,contaminated,200,0.1,0.25,2,grouping_raw,0.08719999999999999,0.05372753147308143,-0.01874835729470828,0.19314835729470825,200,-0.13036463883429633,0.3047646388342963
31,contaminated,200,0.1,0.25,2,interaction,-0.006479999999999999,0.005180369595475657,-0.01669546372542881,0.0037354637254288147,200,-0.027457424593432388,0.014497424593432388
31,contaminated,200,0.1,0.25,2,proposals_grouped,0.0216,0.011220512443622504,-0.0005263629430331644,0.04372636294303317,200,-0.023836420963348016,0.06703642096334803
31,contaminated,200,0.1,0.25,2,proposals_peak,0.028079999999999997,0.01488345234711504,-0.0012695212569175211,0.05742952125691751,200,-0.032189155230589794,0.08834915523058978
31,contaminated,200,0.1,0.25,5,combined_vs_aloof,2.28152,0.24090458931653594,1.8064666185575442,2.756573381442456,200,1.3059992840624692,3.2570407159375305
31,contaminated,200,0.1,0.25,5,combined_vs_cart,2.1948000000000003,0.2246250414495925,1.7518491795111848,2.637750820488816,200,1.2852017981804265,3.104398201819574
31,contaminated,200,0.1,0.25,5,combined_vs_gap_cart,2.09656,0.2158121759969597,1.6709877672140934,2.522132232785907,200,1.222648676708578,2.9704713232914224
31,contaminated,200,0.1,0.25,5,combined_vs_literal,0.07744000000000001,0.10358525356332769,-0.12682561865193698,0.281705618651937,200,-0.3420188446959568,0.4968988446959568
31,contaminated,200,0.1,0.25,5,combined_vs_node_vote,0.41240000000000004,0.1661825574844132,0.08469521822851017,0.7401047817714899,200,,
31,contaminated,200,0.1,0.25,5,combined_vs_tuned_cart,-0.40896,0.10888324571755727,-0.623673028951852,-0.19424697104814803,200,-0.8498725708951476,0.031952570895147525
31,contaminated,200,0.1,0.25,5,grouping_mixed,-0.012720000000000002,0.08501660380545124,-0.1803690482440176,0.15492904824401757,200,-0.356986825493716,0.331546825493716
31,contaminated,200,0.1,0.25,5,grouping_raw,0.014560000000000012,0.0890042787746803,-0.1609525699959283,0.19007256999592834,200,-0.3458545441899222,0.3749745441899222
31,contaminated,200,0.1,0.25,5,interaction,-0.027280000000000002,0.026276439338723347,-0.07909599651356775,0.024535996513567745,200,-0.1336839958255831,0.07912399582558309
31,contaminated,200,0.1,0.25,5,proposals_grouped,0.024880000000000003,0.011659599448372247,0.0018877765644557155,0.04787222343554429,200,-0.022334462927793616,0.07209446292779362
31,contaminated,200,0.1,0.25,5,proposals_peak,0.05215999999999999,0.029464198051774127,-0.005942118169256272,0.11026211816925625,200,-0.06715252808233219,0.17147252808233218
32,contaminated,200,0.4,0.25,2,combined_vs_aloof,0.05996000000000002,0.24152996753630887,-0.41632660011556816,0.5362466001155682,200,-0.9180931268410152,1.0380131268410153
32,contaminated,200,0.4,0.25,2,combined_vs_cart,-0.18683999999999998,0.23169286304487155,-0.6437282575372132,0.2700482575372133,200,-1.125058687640564,0.7513786876405639
32,contaminated,200,0.4,0.25,2,combined_vs_gap_cart,-0.14024,0.2305819435154818,-0.5949375725010987,0.3144575725010986,200,-1.0739601223880966,0.7934801223880966
32,contaminated,200,0.4,0.25,2,combined_vs_literal,-0.24907999999999997,0.20198749493110382,-0.6473905624859316,0.1492305624859317,200,-1.0670095638353931,0.5688495638353933
32,contaminated,200,0.4,0.25,2,combined_vs_node_vote,-0.08285999999999992,0.2159550602375666,-0.5087139942992417,0.3429939942992418,200,,
32,contaminated,200,0.4,0.25,2,combined_vs_tuned_cart,-0.015460000000000003,0.20262781521671072,-0.41503324626354987,0.3841132462635498,200,-0.8359824812439687,0.8050624812439686
32,contaminated,200,0.4,0.25,2,grouping_mixed,-0.13372000000000003,0.18793627597442614,-0.50432216930963,0.23688216930962994,200,-0.8947504602720211,0.627310460272021
32,contaminated,200,0.4,0.25,2,grouping_raw,0.01107999999999997,0.1811399630092569,-0.34612013548119747,0.3682801354811974,200,-0.7224294233821591,0.744589423382159
32,contaminated,200,0.4,0.25,2,interaction,-0.14479999999999996,0.05848922075667975,-0.2601382016391821,-0.029461798360817776,200,-0.3816466564670299,0.09204665646702997
32,contaminated,200,0.4,0.25,2,proposals_grouped,-0.09799999999999998,0.07155496745044447,-0.2391032863374564,0.04310328633745644,200,-0.38775518180945223,0.19175518180945228
32,contaminated,200,0.4,0.25,2,proposals_peak,0.04679999999999998,0.05737096423878929,-0.06633304838057856,0.15993304838057854,200,-0.1855183807624067,0.2791183807624067
32,contaminated,200,0.4,0.25,5,combined_vs_aloof,1.1382199999999998,0.1498113324641142,0.8427985625446679,1.4336414374553317,200,0.5315729505786102,1.7448670494213894
32,contaminated,200,0.4,0.25,5,combined_vs_cart,1.0523199999999997,0.14392355413613114,0.7685090055496238,1.3361309944503756,200,0.4695149610031133,1.635125038996886
32,contaminated,200,0.4,0.25,5,combined_vs_gap_cart,1.0864399999999999,0.14196376858181015,0.8064936174987927,1.366386382501207,200,0.5115709302283541,1.6613090697716455
32,contaminated,200,0.4,0.25,5,combined_vs_literal,0.22833999999999996,0.1328989302073243,-0.03373091514607676,0.4904109151460767,200,-0.30982185034496523,0.7665018503449652
32,contaminated,200,0.4,0.25,5,combined_vs_node_vote,0.7834399999999998,0.1364001975860282,0.5144647377333209,1.0524152622666787,200,,
32,contaminated,200,0.4,0.25,5,combined_vs_tuned_cart,-0.13453999999999994,0.1960154750890139,-0.5210739988759352,0.25199399887593527,200,-0.9282864252390011,0.6592064252390013
32,contaminated,200,0.4,0.25,5,grouping_mixed,0.1697599999999999,0.1232013236240324,-0.07318765638059835,0.41270765638059814,200,-0.3291322949419207,0.6686522949419205
32,contaminated,200,0.4,0.25,5,grouping_raw,0.2354999999999999,0.1272218430014414,-0.015375945878161573,0.48637594587816135,200,-0.27967301401256206,0.7506730140125619
32,contaminated,200,0.4,0.25,5,interaction,-0.06573999999999999,0.04902754083985877,-0.16242018000761396,0.030940180007613977,200,-0.26427246414460326,0.1327924641446033
32,contaminated,200,0.4,0.25,5,proposals_grouped,0.0022399999999999933,0.040286198641780846,-0.07720263305459084,0.08168263305459082,200,-0.1608952123798417,0.16537521237984168
32,contaminated,200,0.4,0.25,5,proposals_peak,0.06797999999999998,0.05581583858714235,-0.042086408174683274,0.17804640817468326,200,-0.15804104415553072,0.2940010441555307
33,gaussian,200,0.5,0.25,2,combined_vs_aloof,0.0,0.0,0.0,0.0,200,0.0,0.0
33,gaussian,200,0.5,0.25,2,combined_vs_cart,0.0,0.0,0.0,0.0,200,0.0,0.0
33,gaussian,200,0.5,0.25,2,combined_vs_gap_cart,0.0,0.0,0.0,0.0,200,0.0,0.0
33,gaussian,200,0.5,0.25,2,combined_vs_literal,0.0,0.0,0.0,0.0,200,0.0,0.0
33,gaussian,200,0.5,0.25,2,combined_vs_node_vote,0.0,0.0,0.0,0.0,200,,
33,gaussian,200,0.5,0.25,2,combined_vs_tuned_cart,0.0,0.0,0.0,0.0,200,0.0,0.0
33,gaussian,200,0.5,0.25,2,grouping_mixed,0.0,0.0,0.0,0.0,200,0.0,0.0
33,gaussian,200,0.5,0.25,2,grouping_raw,0.0,0.0,0.0,0.0,200,0.0,0.0
33,gaussian,200,0.5,0.25,2,interaction,0.0,0.0,0.0,0.0,200,0.0,0.0
33,gaussian,200,0.5,0.25,2,proposals_grouped,0.0,0.0,0.0,0.0,200,0.0,0.0
33,gaussian,200,0.5,0.25,2,proposals_peak,0.0,0.0,0.0,0.0,200,0.0,0.0
33,gaussian,200,0.5,0.25,5,combined_vs_aloof,0.0,0.0,0.0,0.0,200,0.0,0.0
33,gaussian,200,0.5,0.25,5,combined_vs_cart,0.0,0.0,0.0,0.0,200,0.0,0.0
33,gaussian,200,0.5,0.25,5,combined_vs_gap_cart,0.0,0.0,0.0,0.0,200,0.0,0.0
33,gaussian,200,0.5,0.25,5,combined_vs_literal,0.0,0.0,0.0,0.0,200,0.0,0.0
33,gaussian,200,0.5,0.25,5,combined_vs_node_vote,0.0,0.0,0.0,0.0,200,,
33,gaussian,200,0.5,0.25,5,combined_vs_tuned_cart,0.0,0.0,0.0,0.0,200,0.0,0.0
33,gaussian,200,0.5,0.25,5,grouping_mixed,0.0,0.0,0.0,0.0,200,0.0,0.0
33,gaussian,200,0.5,0.25,5,grouping_raw,0.0,0.0,0.0,0.0,200,0.0,0.0
33,gaussian,200,0.5,0.25,5,interaction,0.0,0.0,0.0,0.0,200,0.0,0.0
33,gaussian,200,0.5,0.25,5,proposals_grouped,0.0,0.0,0.0,0.0,200,0.0,0.0
33,gaussian,200,0.5,0.25,5,proposals_peak,0.0,0.0,0.0,0.0,200,0.0,0.0
