scenario,method,comparator,datasets,replication_unit,difference,low,high,wins,ties
family-continuous_xor_n-600_p-20,aloof,cart_strong,5,dataset,-0.025277777777777722,-0.2258596128295496,0.17530405727399415,3,1
family-continuous_xor_n-600_p-20,cart,cart_strong,5,dataset,0.008611111111111115,-0.008737385629768859,0.025959607851991088,4,1
family-continuous_xor_n-600_p-20,cart_strong,cart_strong,5,dataset,0.0,0.0,0.0,0,5
family-continuous_xor_n-600_p-20,cart_tuned,cart_strong,5,dataset,-0.0022222222222222144,-0.012322158938590256,0.007877714494145828,3,1
family-continuous_xor_n-600_p-20,error_greedy,cart_strong,5,dataset,-0.06333333333333334,-0.36186594289257396,0.23519927622590725,2,0
family-continuous_xor_n-600_p-20,fixed_keep_single_class,cart_strong,5,dataset,-0.04638888888888887,-0.2202103855875216,0.12743260780974386,3,0
family-continuous_xor_n-600_p-20,fixed_original,cart_strong,5,dataset,-0.05833333333333331,-0.24216810107175407,0.12550143440508743,3,0
family-continuous_xor_n-600_p-20,fixed_random_ties,cart_strong,5,dataset,-0.03666666666666666,-0.21605378094139996,0.14272044760806665,3,0
family-continuous_xor_n-600_p-20,fixed_refined,cart_strong,5,dataset,-0.034999999999999996,-0.2528086279562115,0.1828086279562115,4,0
family-continuous_xor_n-600_p-20,frequency_bootstrap,cart_strong,5,dataset,0.06444444444444446,-0.3562791339584429,0.48516802284733185,3,0
family-continuous_xor_n-600_p-20,frequency_subsample,cart_strong,5,dataset,0.02916666666666664,-0.05857293880853886,0.11690627214187213,4,0
family-continuous_xor_n-600_p-20,holdout_common,cart_strong,5,dataset,0.0586111111111111,-0.3444271234529,0.4616493456751222,4,0
family-continuous_xor_n-600_p-20,holdout_refined,cart_strong,5,dataset,-0.08388888888888889,-0.34187988211512127,0.17410210433734347,3,0
family-continuous_xor_n-600_p-20,holdout_selected,cart_strong,5,dataset,-0.05861111111111109,-0.24920676577167064,0.13198454354944847,3,0
family-continuous_xor_n-600_p-20,node_vote,cart_strong,5,dataset,0.02027777777777775,-0.07593047309245485,0.11648602864801033,3,0
family-continuous_xor_n-600_p-20,relative_bootstrap,cart_strong,5,dataset,0.06444444444444446,-0.3562791339584429,0.48516802284733185,3,0
family-continuous_xor_n-600_p-20,relative_random_bootstrap,cart_strong,5,dataset,0.10388888888888888,-0.24876320850659095,0.4565409862843687,4,0
family-continuous_xor_n-600_p-20,relative_random_subsample,cart_strong,5,dataset,0.018055555555555502,-0.05844844389318424,0.09455955500429525,4,0
family-continuous_xor_n-600_p-20,relative_subsample,cart_strong,5,dataset,0.02916666666666664,-0.05857293880853886,0.11690627214187213,4,0
family-continuous_xor_n-600_p-20,weighted_bootstrap,cart_strong,5,dataset,0.1572222222222222,-0.23930308326181965,0.553747527706264,3,0
family-continuous_xor_n-600_p-20,weighted_subsample,cart_strong,5,dataset,-0.0055555555555555245,-0.055134014288977386,0.04402290317786634,2,1
family-continuous_xor_n-600_p-20,aloof,cart_tuned,5,dataset,-0.023055555555555506,-0.22953772726939733,0.18342661615828634,3,1
family-continuous_xor_n-600_p-20,cart,cart_tuned,5,dataset,0.010833333333333328,-0.01644483752424293,0.03811150419090959,2,3
family-continuous_xor_n-600_p-20,cart_strong,cart_tuned,5,dataset,0.0022222222222222144,-0.007877714494145828,0.012322158938590256,1,1
family-continuous_xor_n-600_p-20,cart_tuned,cart_tuned,5,dataset,0.0,0.0,0.0,0,5
family-continuous_xor_n-600_p-20,error_greedy,cart_tuned,5,dataset,-0.06111111111111113,-0.3617270008334276,0.2395047786112054,2,0
family-continuous_xor_n-600_p-20,fixed_keep_single_class,cart_tuned,5,dataset,-0.04416666666666665,-0.22172410252301658,0.13339076918968326,3,0
family-continuous_xor_n-600_p-20,fixed_original,cart_tuned,5,dataset,-0.0561111111111111,-0.2442615701574572,0.13203934793523497,3,0
family-continuous_xor_n-600_p-20,fixed_random_ties,cart_tuned,5,dataset,-0.034444444444444444,-0.21860005862235452,0.14971116973346563,3,0
family-continuous_xor_n-600_p-20,fixed_refined,cart_tuned,5,dataset,-0.03277777777777778,-0.2543974212583428,0.18884186570278727,4,0
family-continuous_xor_n-600_p-20,frequency_bootstrap,cart_tuned,5,dataset,0.06666666666666667,-0.3532085059465408,0.4865418392798741,3,0
family-continuous_xor_n-600_p-20,frequency_subsample,cart_tuned,5,dataset,0.031388888888888855,-0.05003575176619607,0.11281352954397378,3,0
family-continuous_xor_n-600_p-20,holdout_common,cart_tuned,5,dataset,0.06083333333333333,-0.342322947787485,0.4639896144541517,4,0
family-continuous_xor_n-600_p-20,holdout_refined,cart_tuned,5,dataset,-0.08166666666666668,-0.34353862870873203,0.1802052953753987,3,0
family-continuous_xor_n-600_p-20,holdout_selected,cart_tuned,5,dataset,-0.05638888888888888,-0.2511909403822127,0.1384131626044349,3,0
family-continuous_xor_n-600_p-20,node_vote,cart_tuned,5,dataset,0.022499999999999964,-0.07482848115663956,0.1198284811566395,3,0
family-continuous_xor_n-600_p-20,relative_bootstrap,cart_tuned,5,dataset,0.06666666666666667,-0.3532085059465408,0.4865418392798741,3,0
family-continuous_xor_n-600_p-20,relative_random_bootstrap,cart_tuned,5,dataset,0.10611111111111109,-0.24526779208796573,0.45749001431018793,4,0
family-continuous_xor_n-600_p-20,relative_random_subsample,cart_tuned,5,dataset,0.020277777777777718,-0.04983250918299137,0.0903880647385468,4,0
family-continuous_xor_n-600_p-20,relative_subsample,cart_tuned,5,dataset,0.031388888888888855,-0.05003575176619607,0.11281352954397378,3,0
family-continuous_xor_n-600_p-20,weighted_bootstrap,cart_tuned,5,dataset,0.15944444444444442,-0.23358536584365577,0.5524742547325446,3,0
family-continuous_xor_n-600_p-20,weighted_subsample,cart_tuned,5,dataset,-0.0033333333333333106,-0.045126145303185226,0.0384594786365186,2,1
family-continuous_xor_n-600_p-20,aloof,aloof,5,dataset,0.0,0.0,0.0,0,5
family-continuous_xor_n-600_p-20,cart,aloof,5,dataset,0.033888888888888836,-0.15908014912243354,0.2268579269002112,1,1
family-continuous_xor_n-600_p-20,cart_strong,aloof,5,dataset,0.025277777777777722,-0.17530405727399415,0.2258596128295496,1,1
family-continuous_xor_n-600_p-20,cart_tuned,aloof,5,dataset,0.023055555555555506,-0.18342661615828634,0.22953772726939733,1,1
family-continuous_xor_n-600_p-20,error_greedy,aloof,5,dataset,-0.03805555555555562,-0.1989629252066056,0.12285181409549437,2,0
family-continuous_xor_n-600_p-20,fixed_keep_single_class,aloof,5,dataset,-0.021111111111111146,-0.10308904819279532,0.060866825970573024,3,0
family-continuous_xor_n-600_p-20,fixed_original,aloof,5,dataset,-0.033055555555555595,-0.10239595062704498,0.0362848395159338,1,0
family-continuous_xor_n-600_p-20,fixed_random_ties,aloof,5,dataset,-0.011388888888888938,-0.06565554402925346,0.04287776625147559,3,0
family-continuous_xor_n-600_p-20,fixed_refined,aloof,5,dataset,-0.009722222222222276,-0.066905521554159,0.04746107710971445,2,0
family-continuous_xor_n-600_p-20,frequency_bootstrap,aloof,5,dataset,0.08972222222222218,-0.2311420227601604,0.4105864672046048,3,0
family-continuous_xor_n-600_p-20,frequency_subsample,aloof,5,dataset,0.054444444444444365,-0.16415809713281193,0.2730469860217007,3,0
family-continuous_xor_n-600_p-20,holdout_common,aloof,5,dataset,0.08388888888888883,-0.21421504208529535,0.38199281986307304,3,0
family-continuous_xor_n-600_p-20,holdout_refined,aloof,5,dataset,-0.05861111111111117,-0.1440181781696338,0.02679595594741145,1,0
family-continuous_xor_n-600_p-20,holdout_selected,aloof,5,dataset,-0.03333333333333337,-0.09283598122836936,0.026169314561702635,1,0
family-continuous_xor_n-600_p-20,node_vote,aloof,5,dataset,0.045555555555555474,-0.12243116450076706,0.213542275611878,3,0
family-continuous_xor_n-600_p-20,relative_bootstrap,aloof,5,dataset,0.08972222222222218,-0.2311420227601604,0.4105864672046048,3,0
family-continuous_xor_n-600_p-20,relative_random_bootstrap,aloof,5,dataset,0.1291666666666666,-0.1468691220757007,0.4052024554090339,4,0
family-continuous_xor_n-600_p-20,relative_random_subsample,aloof,5,dataset,0.043333333333333224,-0.18564482268413485,0.2723114893508013,3,0
family-continuous_xor_n-600_p-20,relative_subsample,aloof,5,dataset,0.054444444444444365,-0.16415809713281193,0.2730469860217007,3,0
family-continuous_xor_n-600_p-20,weighted_bootstrap,aloof,5,dataset,0.18249999999999994,-0.16845757450163912,0.533457574501639,4,0
family-continuous_xor_n-600_p-20,weighted_subsample,aloof,5,dataset,0.019722222222222197,-0.20883017425823272,0.2482746187026771,1,1
family-continuous_xor_n-600_p-20,aloof,node_vote,5,dataset,-0.045555555555555474,-0.213542275611878,0.12243116450076706,2,0
family-continuous_xor_n-600_p-20,cart,node_vote,5,dataset,-0.011666666666666636,-0.11057282536031551,0.08723949202698225,3,0
family-continuous_xor_n-600_p-20,cart_strong,node_vote,5,dataset,-0.02027777777777775,-0.11648602864801033,0.07593047309245485,2,0
family-continuous_xor_n-600_p-20,cart_tuned,node_vote,5,dataset,-0.022499999999999964,-0.1198284811566395,0.07482848115663956,2,0
family-continuous_xor_n-600_p-20,error_greedy,node_vote,5,dataset,-0.0836111111111111,-0.3664960860459217,0.19927386382369955,1,1
family-continuous_xor_n-600_p-20,fixed_keep_single_class,node_vote,5,dataset,-0.06666666666666662,-0.23390639291216406,0.10057305957883081,2,0
family-continuous_xor_n-600_p-20,fixed_original,node_vote,5,dataset,-0.07861111111111106,-0.24715546276663264,0.0899332405444105,2,1
family-continuous_xor_n-600_p-20,fixed_random_ties,node_vote,5,dataset,-0.05694444444444441,-0.2201658531008247,0.10627696421193589,3,0
family-continuous_xor_n-600_p-20,fixed_refined,node_vote,5,dataset,-0.055277777777777745,-0.24054034098066712,0.1299847854251116,3,0
family-continuous_xor_n-600_p-20,frequency_bootstrap,node_vote,5,dataset,0.04416666666666669,-0.35973766865870527,0.44807100199203864,3,0
family-continuous_xor_n-600_p-20,frequency_subsample,node_vote,5,dataset,0.00888888888888889,-0.1313433497997082,0.14912112757748597,2,1
family-continuous_xor_n-600_p-20,holdout_common,node_vote,5,dataset,0.03833333333333335,-0.3575486840435113,0.43421535071017797,3,0
family-continuous_xor_n-600_p-20,holdout_refined,node_vote,5,dataset,-0.10416666666666666,-0.32231161242975237,0.11397827909641903,1,1
family-continuous_xor_n-600_p-20,holdout_selected,node_vote,5,dataset,-0.07888888888888884,-0.23494915081024018,0.07717137303246249,2,1
family-continuous_xor_n-600_p-20,node_vote,node_vote,5,dataset,0.0,0.0,0.0,0,5
family-continuous_xor_n-600_p-20,relative_bootstrap,node_vote,5,dataset,0.04416666666666669,-0.35973766865870527,0.44807100199203864,3,0
family-continuous_xor_n-600_p-20,relative_random_bootstrap,node_vote,5,dataset,0.08361111111111111,-0.2554744191093409,0.42269664133156304,3,0
family-continuous_xor_n-600_p-20,relative_random_subsample,node_vote,5,dataset,-0.002222222222222248,-0.14673667479834573,0.14229223035390126,2,0
family-continuous_xor_n-600_p-20,relative_subsample,node_vote,5,dataset,0.00888888888888889,-0.1313433497997082,0.14912112757748597,2,1
family-continuous_xor_n-600_p-20,weighted_bootstrap,node_vote,5,dataset,0.13694444444444445,-0.2263607457233763,0.5002496346122652,3,0
family-continuous_xor_n-600_p-20,weighted_subsample,node_vote,5,dataset,-0.025833333333333274,-0.11526497819145588,0.06359831152478933,2,0
family-interaction_mixture-0.0_n-200_p-20,aloof,cart_strong,20,dataset,-0.07617166666666667,-0.12831948792537737,-0.024023845407955956,3,3
family-interaction_mixture-0.0_n-200_p-20,cart,cart_strong,20,dataset,-0.02161833333333333,-0.04006751764957887,-0.0031691490170877926,5,4
family-interaction_mixture-0.0_n-200_p-20,cart_strong,cart_strong,20,dataset,0.0,0.0,0.0,0,20
family-interaction_mixture-0.0_n-200_p-20,cart_tuned,cart_strong,20,dataset,-0.026583333333333337,-0.04350856405105864,-0.009658102615608028,3,6
family-interaction_mixture-0.0_n-200_p-20,error_greedy,cart_strong,20,dataset,-0.019621666666666683,-0.047738271848855,0.00849493851552163,5,4
family-interaction_mixture-0.0_n-200_p-20,fixed_keep_single_class,cart_strong,20,dataset,0.02281999999999997,-0.030187874813802352,0.07582787481380229,10,4
family-interaction_mixture-0.0_n-200_p-20,fixed_original,cart_strong,20,dataset,0.018353333333333326,-0.026600049082362,0.06330671574902866,6,4
family-interaction_mixture-0.0_n-200_p-20,fixed_random_ties,cart_strong,20,dataset,0.009291666666666656,-0.03809596742795537,0.05667930076128868,6,4
family-interaction_mixture-0.0_n-200_p-20,fixed_refined,cart_strong,20,dataset,0.020676666666666656,-0.03471364049418759,0.0760669738275209,9,4
family-interaction_mixture-0.0_n-200_p-20,frequency_bootstrap,cart_strong,20,dataset,0.2039766666666667,0.11700241558094165,0.29095091775239174,15,3
family-interaction_mixture-0.0_n-200_p-20,frequency_subsample,cart_strong,20,dataset,0.1306766666666667,0.04818415638239211,0.21316917695094129,13,4
family-interaction_mixture-0.0_n-200_p-20,holdout_common,cart_strong,20,dataset,-0.11259833333333336,-0.18485301298677942,-0.040343653679887306,4,1
family-interaction_mixture-0.0_n-200_p-20,holdout_refined,cart_strong,20,dataset,-0.044095,-0.10057928716883971,0.012389287168839698,5,3
family-interaction_mixture-0.0_n-200_p-20,holdout_selected,cart_strong,20,dataset,-0.047188333333333346,-0.10280281672325373,0.008426150056587041,4,3
family-interaction_mixture-0.0_n-200_p-20,lookahead,cart_strong,20,dataset,0.3078883333333334,0.22638429067132237,0.3893923759953444,16,4
family-interaction_mixture-0.0_n-200_p-20,node_vote,cart_strong,20,dataset,-0.03013333333333334,-0.08275212904955272,0.02248546238288604,6,3
family-interaction_mixture-0.0_n-200_p-20,relative_bootstrap,cart_strong,20,dataset,0.22058666666666665,0.12848334298466707,0.31268999034866624,15,3
family-interaction_mixture-0.0_n-200_p-20,relative_random_bootstrap,cart_strong,20,dataset,0.222335,0.1274049113975229,0.3172650886024771,15,3
family-interaction_mixture-0.0_n-200_p-20,relative_random_subsample,cart_strong,20,dataset,0.15911333333333333,0.0732876663395421,0.24493900032712457,14,4
family-interaction_mixture-0.0_n-200_p-20,relative_subsample,cart_strong,20,dataset,0.14250166666666667,0.06455082868286549,0.22045250465046784,14,4
family-interaction_mixture-0.0_n-200_p-20,weighted_bootstrap,cart_strong,20,dataset,0.22264333333333336,0.12588685148798134,0.3193998151786854,15,3
family-interaction_mixture-0.0_n-200_p-20,weighted_subsample,cart_strong,20,dataset,0.16103333333333333,0.06759467868407888,0.2544719879825878,13,4
family-interaction_mixture-0.0_n-200_p-20,aloof,cart_tuned,20,dataset,-0.04958833333333333,-0.10429376761604875,0.005117100949382093,6,4
family-interaction_mixture-0.0_n-200_p-20,cart,cart_tuned,20,dataset,0.004965000000000006,-0.002471545704052016,0.012401545704052028,10,5
family-interaction_mixture-0.0_n-200_p-20,cart_strong,cart_tuned,20,dataset,0.026583333333333337,0.009658102615608028,0.04350856405105864,11,6
family-interaction_mixture-0.0_n-200_p-20,cart_tuned,cart_tuned,20,dataset,0.0,0.0,0.0,0,20
family-interaction_mixture-0.0_n-200_p-20,error_greedy,cart_tuned,20,dataset,0.0069616666666666525,-0.019330660325802287,0.033253993659135596,10,4
family-interaction_mixture-0.0_n-200_p-20,fixed_keep_single_class,cart_tuned,20,dataset,0.0494033333333333,-0.0013080166721589626,0.10011468333882556,12,4
family-interaction_mixture-0.0_n-200_p-20,fixed_original,cart_tuned,20,dataset,0.04493666666666666,0.002901499235105069,0.08697183409822826,11,4
family-interaction_mixture-0.0_n-200_p-20,fixed_random_ties,cart_tuned,20,dataset,0.03587499999999999,-0.008402758569759541,0.08015275856975952,11,4
family-interaction_mixture-0.0_n-200_p-20,fixed_refined,cart_tuned,20,dataset,0.04725999999999999,-0.004937076416119374,0.09945707641611935,12,4
family-interaction_mixture-0.0_n-200_p-20,frequency_bootstrap,cart_tuned,20,dataset,0.23056000000000001,0.13716655634116562,0.3239534436588344,15,3
family-interaction_mixture-0.0_n-200_p-20,frequency_subsample,cart_tuned,20,dataset,0.15725999999999998,0.07200102990404728,0.2425189700959527,12,4
family-interaction_mixture-0.0_n-200_p-20,holdout_common,cart_tuned,20,dataset,-0.08601500000000002,-0.16246361250175131,-0.00956638749824873,6,1
family-interaction_mixture-0.0_n-200_p-20,holdout_refined,cart_tuned,20,dataset,-0.017511666666666665,-0.07410354102875957,0.03908020769542625,10,3
family-interaction_mixture-0.0_n-200_p-20,holdout_selected,cart_tuned,20,dataset,-0.020605000000000016,-0.07753218910761527,0.03632218910761524,9,3
family-interaction_mixture-0.0_n-200_p-20,lookahead,cart_tuned,20,dataset,0.33447166666666667,0.2475689541922499,0.42137437914108344,16,4
family-interaction_mixture-0.0_n-200_p-20,node_vote,cart_tuned,20,dataset,-0.003550000000000006,-0.05715832786443185,0.05005832786443184,10,3
family-interaction_mixture-0.0_n-200_p-20,relative_bootstrap,cart_tuned,20,dataset,0.24716999999999997,0.1500246195143768,0.34431538048562316,15,3
family-interaction_mixture-0.0_n-200_p-20,relative_random_bootstrap,cart_tuned,20,dataset,0.24891833333333335,0.14835506544973334,0.3494816012169334,15,3
family-interaction_mixture-0.0_n-200_p-20,relative_random_subsample,cart_tuned,20,dataset,0.18569666666666668,0.09832943352139109,0.27306389981194223,14,4
family-interaction_mixture-0.0_n-200_p-20,relative_subsample,cart_tuned,20,dataset,0.169085,0.08911956580739172,0.2490504341926083,13,4
family-interaction_mixture-0.0_n-200_p-20,weighted_bootstrap,cart_tuned,20,dataset,0.24922666666666665,0.14654057848167196,0.35191275485166135,15,3
family-interaction_mixture-0.0_n-200_p-20,weighted_subsample,cart_tuned,20,dataset,0.18761666666666668,0.09207980079952478,0.2831535325338086,13,4
family-interaction_mixture-0.0_n-200_p-20,aloof,aloof,20,dataset,0.0,0.0,0.0,0,20
family-interaction_mixture-0.0_n-200_p-20,cart,aloof,20,dataset,0.05455333333333334,0.0001912321174746337,0.10891543454919206,11,3
family-interaction_mixture-0.0_n-200_p-20,cart_strong,aloof,20,dataset,0.07617166666666667,0.024023845407955956,0.12831948792537737,14,3
family-interaction_mixture-0.0_n-200_p-20,cart_tuned,aloof,20,dataset,0.04958833333333333,-0.005117100949382093,0.10429376761604875,10,4
family-interaction_mixture-0.0_n-200_p-20,error_greedy,aloof,20,dataset,0.05655,0.000990824667794328,0.11210917533220568,12,4
family-interaction_mixture-0.0_n-200_p-20,fixed_keep_single_class,aloof,20,dataset,0.09899166666666663,0.031130302199333673,0.16685303113399957,15,3
family-interaction_mixture-0.0_n-200_p-20,fixed_original,aloof,20,dataset,0.094525,0.030542460646257708,0.1585075393537423,14,3
family-interaction_mixture-0.0_n-200_p-20,fixed_random_ties,aloof,20,dataset,0.08546333333333334,0.019219098150265665,0.151707568516401,14,3
family-interaction_mixture-0.0_n-200_p-20,fixed_refined,aloof,20,dataset,0.09684833333333334,0.027943895453212297,0.1657527712134544,14,3
family-interaction_mixture-0.0_n-200_p-20,frequency_bootstrap,aloof,20,dataset,0.28014833333333333,0.18556319640656804,0.3747334702600986,16,2
family-interaction_mixture-0.0_n-200_p-20,frequency_subsample,aloof,20,dataset,0.20684833333333336,0.11426900978231957,0.29942765688434714,16,3
family-interaction_mixture-0.0_n-200_p-20,holdout_common,aloof,20,dataset,-0.03642666666666668,-0.1069669086495772,0.034113575316243844,10,1
family-interaction_mixture-0.0_n-200_p-20,holdout_refined,aloof,20,dataset,0.03207666666666668,-0.04697073867838001,0.11112407201171337,12,3
family-interaction_mixture-0.0_n-200_p-20,holdout_selected,aloof,20,dataset,0.028983333333333326,-0.05155755265577589,0.10952421932244255,14,2
family-interaction_mixture-0.0_n-200_p-20,lookahead,aloof,20,dataset,0.38406,0.2999933932377703,0.4681266067622297,17,3
family-interaction_mixture-0.0_n-200_p-20,node_vote,aloof,20,dataset,0.046038333333333334,-0.029314013145211162,0.12139067981187783,12,2
family-interaction_mixture-0.0_n-200_p-20,relative_bootstrap,aloof,20,dataset,0.29675833333333335,0.2005043683704714,0.39301229829619533,16,2
family-interaction_mixture-0.0_n-200_p-20,relative_random_bootstrap,aloof,20,dataset,0.29850666666666664,0.20092756132333134,0.39608577201000195,17,2
family-interaction_mixture-0.0_n-200_p-20,relative_random_subsample,aloof,20,dataset,0.23528500000000002,0.14000908214438082,0.33056091785561925,16,3
family-interaction_mixture-0.0_n-200_p-20,relative_subsample,aloof,20,dataset,0.21867333333333333,0.12875149037201952,0.30859517629464717,16,3
family-interaction_mixture-0.0_n-200_p-20,weighted_bootstrap,aloof,20,dataset,0.298815,0.19967857545795759,0.3979514245420424,16,2
family-interaction_mixture-0.0_n-200_p-20,weighted_subsample,aloof,20,dataset,0.23720499999999997,0.13633364411434923,0.3380763558856507,16,3
family-interaction_mixture-0.0_n-200_p-20,aloof,node_vote,20,dataset,-0.046038333333333334,-0.12139067981187783,0.029314013145211162,6,2
family-interaction_mixture-0.0_n-200_p-20,cart,node_vote,20,dataset,0.008515000000000012,-0.045217539195257436,0.062247539195257454,9,3
family-interaction_mixture-0.0_n-200_p-20,cart_strong,node_vote,20,dataset,0.03013333333333334,-0.02248546238288604,0.08275212904955272,11,3
family-interaction_mixture-0.0_n-200_p-20,cart_tuned,node_vote,20,dataset,0.003550000000000006,-0.05005832786443184,0.05715832786443185,7,3
family-interaction_mixture-0.0_n-200_p-20,error_greedy,node_vote,20,dataset,0.010511666666666659,-0.0437154188477806,0.06473875218111391,9,3
family-interaction_mixture-0.0_n-200_p-20,fixed_keep_single_class,node_vote,20,dataset,0.05295333333333331,-0.01609050909868344,0.12199717576535006,10,3
family-interaction_mixture-0.0_n-200_p-20,fixed_original,node_vote,20,dataset,0.048486666666666664,-0.01525819830762111,0.11223153164095444,12,3
family-interaction_mixture-0.0_n-200_p-20,fixed_random_ties,node_vote,20,dataset,0.039425,-0.02878155887230345,0.10763155887230345,10,3
family-interaction_mixture-0.0_n-200_p-20,fixed_refined,node_vote,20,dataset,0.05081,-0.017720717624016342,0.11934071762401635,9,3
family-interaction_mixture-0.0_n-200_p-20,frequency_bootstrap,node_vote,20,dataset,0.23411000000000004,0.15046970093260886,0.3177502990673912,15,4
family-interaction_mixture-0.0_n-200_p-20,frequency_subsample,node_vote,20,dataset,0.16080999999999998,0.08338200996272495,0.23823799003727503,14,4
family-interaction_mixture-0.0_n-200_p-20,holdout_common,node_vote,20,dataset,-0.08246500000000001,-0.16686066319441495,0.0019306631944149277,7,1
family-interaction_mixture-0.0_n-200_p-20,holdout_refined,node_vote,20,dataset,-0.01396166666666666,-0.08969046117116508,0.06176712783783175,10,2
family-interaction_mixture-0.0_n-200_p-20,holdout_selected,node_vote,20,dataset,-0.017055000000000008,-0.0983375210431224,0.06422752104312238,9,2
family-interaction_mixture-0.0_n-200_p-20,lookahead,node_vote,20,dataset,0.33802166666666666,0.25004006841339976,0.42600326491993357,16,4
family-interaction_mixture-0.0_n-200_p-20,node_vote,node_vote,20,dataset,0.0,0.0,0.0,0,20
family-interaction_mixture-0.0_n-200_p-20,relative_bootstrap,node_vote,20,dataset,0.25072000000000005,0.16410960732361685,0.33733039267638326,15,4
family-interaction_mixture-0.0_n-200_p-20,relative_random_bootstrap,node_vote,20,dataset,0.2524683333333334,0.158923367799718,0.3460132988669488,15,4
family-interaction_mixture-0.0_n-200_p-20,relative_random_subsample,node_vote,20,dataset,0.18924666666666665,0.10533967038170777,0.2731536629516255,14,4
family-interaction_mixture-0.0_n-200_p-20,relative_subsample,node_vote,20,dataset,0.17263499999999998,0.09645856320345304,0.24881143679654694,14,4
family-interaction_mixture-0.0_n-200_p-20,weighted_bootstrap,node_vote,20,dataset,0.2527766666666667,0.16253371661069105,0.34301961672264236,15,4
family-interaction_mixture-0.0_n-200_p-20,weighted_subsample,node_vote,20,dataset,0.19116666666666668,0.10359541896866578,0.27873791436466755,14,4
family-interaction_mixture-0.0_n-200_p-20,aloof,lookahead,20,dataset,-0.38406,-0.4681266067622297,-0.2999933932377703,0,3
family-interaction_mixture-0.0_n-200_p-20,cart,lookahead,20,dataset,-0.32950666666666667,-0.4146785900602466,-0.24433474327308674,0,4
family-interaction_mixture-0.0_n-200_p-20,cart_strong,lookahead,20,dataset,-0.3078883333333334,-0.3893923759953444,-0.22638429067132237,0,4
family-interaction_mixture-0.0_n-200_p-20,cart_tuned,lookahead,20,dataset,-0.33447166666666667,-0.42137437914108344,-0.2475689541922499,0,4
family-interaction_mixture-0.0_n-200_p-20,error_greedy,lookahead,20,dataset,-0.32751,-0.41424700922571855,-0.24077299077428152,0,4
family-interaction_mixture-0.0_n-200_p-20,fixed_keep_single_class,lookahead,20,dataset,-0.2850683333333333,-0.3682437141400777,-0.20189295252658887,0,4
family-interaction_mixture-0.0_n-200_p-20,fixed_original,lookahead,20,dataset,-0.289535,-0.37111804069875043,-0.20795195930124954,0,4
family-interaction_mixture-0.0_n-200_p-20,fixed_random_ties,lookahead,20,dataset,-0.29859666666666673,-0.38311688758560003,-0.21407644574773343,0,4
family-interaction_mixture-0.0_n-200_p-20,fixed_refined,lookahead,20,dataset,-0.28721166666666664,-0.37237917618096217,-0.20204415715237115,0,4
family-interaction_mixture-0.0_n-200_p-20,frequency_bootstrap,lookahead,20,dataset,-0.10391166666666665,-0.1770277461106514,-0.030795587222681914,0,12
family-interaction_mixture-0.0_n-200_p-20,frequency_subsample,lookahead,20,dataset,-0.17721166666666666,-0.26985920745698816,-0.08456412587634514,0,7
family-interaction_mixture-0.0_n-200_p-20,holdout_common,lookahead,20,dataset,-0.4204866666666667,-0.4738859918857213,-0.36708734144761207,0,1
family-interaction_mixture-0.0_n-200_p-20,holdout_refined,lookahead,20,dataset,-0.3519833333333333,-0.4342787038405789,-0.26968796282608776,0,3
family-interaction_mixture-0.0_n-200_p-20,holdout_selected,lookahead,20,dataset,-0.3550766666666667,-0.4354335363749158,-0.27471979695841764,0,3
family-interaction_mixture-0.0_n-200_p-20,lookahead,lookahead,20,dataset,0.0,0.0,0.0,0,20
family-interaction_mixture-0.0_n-200_p-20,node_vote,lookahead,20,dataset,-0.33802166666666666,-0.42600326491993357,-0.25004006841339976,0,4
family-interaction_mixture-0.0_n-200_p-20,relative_bootstrap,lookahead,20,dataset,-0.08730166666666665,-0.1566271655051995,-0.0179761678281338,0,13
family-interaction_mixture-0.0_n-200_p-20,relative_random_bootstrap,lookahead,20,dataset,-0.08555333333333334,-0.15684524653588805,-0.014261420130778649,0,12
family-interaction_mixture-0.0_n-200_p-20,relative_random_subsample,lookahead,20,dataset,-0.14877500000000002,-0.23673573840408138,-0.060814261595918656,0,8
family-interaction_mixture-0.0_n-200_p-20,relative_subsample,lookahead,20,dataset,-0.16538666666666665,-0.25198207262579614,-0.07879126070753717,0,7
family-interaction_mixture-0.0_n-200_p-20,weighted_bootstrap,lookahead,20,dataset,-0.08524500000000002,-0.15840500794171286,-0.012084992058287183,0,13
family-interaction_mixture-0.0_n-200_p-20,weighted_subsample,lookahead,20,dataset,-0.146855,-0.24255217470185564,-0.0511578252981444,0,11
family-interaction_mixture-0.0_n-800_p-20,aloof,cart_strong,20,dataset,-0.12208000000000001,-0.16296832510906428,-0.08119167489093573,0,2
family-interaction_mixture-0.0_n-800_p-20,cart,cart_strong,20,dataset,-0.09516500000000001,-0.12355039915518466,-0.06677960084481536,0,2
family-interaction_mixture-0.0_n-800_p-20,cart_strong,cart_strong,20,dataset,0.0,0.0,0.0,0,20
family-interaction_mixture-0.0_n-800_p-20,cart_tuned,cart_strong,20,dataset,-0.09506999999999999,-0.12317139837648058,-0.06696860162351939,0,2
family-interaction_mixture-0.0_n-800_p-20,error_greedy,cart_strong,20,dataset,-0.10394833333333335,-0.14766817699086382,-0.060228489675802875,2,2
family-interaction_mixture-0.0_n-800_p-20,fixed_keep_single_class,cart_strong,20,dataset,-0.10903500000000002,-0.1536593478591358,-0.06441065214086425,1,2
family-interaction_mixture-0.0_n-800_p-20,fixed_original,cart_strong,20,dataset,-0.11488666666666669,-0.16167312746504242,-0.06810020586829096,2,2
family-interaction_mixture-0.0_n-800_p-20,fixed_random_ties,cart_strong,20,dataset,-0.11071833333333332,-0.1513170532536922,-0.07011961341297443,2,2
family-interaction_mixture-0.0_n-800_p-20,fixed_refined,cart_strong,20,dataset,-0.11158166666666669,-0.1511823183738738,-0.07198101495945958,1,2
family-interaction_mixture-0.0_n-800_p-20,frequency_bootstrap,cart_strong,20,dataset,0.15444833333333333,0.08036070517046769,0.22853596149619898,15,2
family-interaction_mixture-0.0_n-800_p-20,frequency_subsample,cart_strong,20,dataset,0.05351666666666666,-0.02528028942121649,0.1323136227545498,11,2
family-interaction_mixture-0.0_n-800_p-20,holdout_common,cart_strong,20,dataset,-0.07120166666666666,-0.13131333819500918,-0.011089995138324163,4,2
family-interaction_mixture-0.0_n-800_p-20,holdout_refined,cart_strong,20,dataset,-0.09881333333333334,-0.1464157872149316,-0.05121087945173509,3,2
family-interaction_mixture-0.0_n-800_p-20,holdout_selected,cart_strong,20,dataset,-0.10299,-0.15749992775256672,-0.04848007224743327,3,2
family-interaction_mixture-0.0_n-800_p-20,lookahead,cart_strong,20,dataset,0.22871333333333332,0.17953311168126787,0.2778935549853988,18,2
family-interaction_mixture-0.0_n-800_p-20,node_vote,cart_strong,20,dataset,-0.07327166666666668,-0.1218958674726561,-0.024647465860677252,2,2
family-interaction_mixture-0.0_n-800_p-20,relative_bootstrap,cart_strong,20,dataset,0.15444833333333333,0.08036070517046769,0.22853596149619898,15,2
family-interaction_mixture-0.0_n-800_p-20,relative_random_bootstrap,cart_strong,20,dataset,0.15725499999999998,0.08305994179854635,0.2314500582014536,15,2
family-interaction_mixture-0.0_n-800_p-20,relative_random_subsample,cart_strong,20,dataset,0.08427833333333332,0.006430868639024742,0.16212579802764188,13,2
family-interaction_mixture-0.0_n-800_p-20,relative_subsample,cart_strong,20,dataset,0.06192499999999999,-0.015785088222988,0.13963508822298798,12,2
family-interaction_mixture-0.0_n-800_p-20,weighted_bootstrap,cart_strong,20,dataset,0.16550166666666666,0.09304548061235313,0.2379578527209802,16,2
family-interaction_mixture-0.0_n-800_p-20,weighted_subsample,cart_strong,20,dataset,0.10612499999999998,0.026306979900240682,0.18594302009975927,14,2
family-interaction_mixture-0.0_n-800_p-20,aloof,cart_tuned,20,dataset,-0.027010000000000017,-0.04921941691480654,-0.004800583085193492,6,3
family-interaction_mixture-0.0_n-800_p-20,cart,cart_tuned,20,dataset,-9.500000000000896e-05,-0.0015139016029775808,0.001323901602977563,8,9
family-interaction_mixture-0.0_n-800_p-20,cart_strong,cart_tuned,20,dataset,0.09506999999999999,0.06696860162351939,0.12317139837648058,18,2
family-interaction_mixture-0.0_n-800_p-20,cart_tuned,cart_tuned,20,dataset,0.0,0.0,0.0,0,20
family-interaction_mixture-0.0_n-800_p-20,error_greedy,cart_tuned,20,dataset,-0.008878333333333339,-0.048190975645888395,0.03043430897922172,9,2
family-interaction_mixture-0.0_n-800_p-20,fixed_keep_single_class,cart_tuned,20,dataset,-0.013965000000000019,-0.05515430779104753,0.027224307791047495,7,2
family-interaction_mixture-0.0_n-800_p-20,fixed_original,cart_tuned,20,dataset,-0.01981666666666668,-0.06278942172326502,0.023156088389931658,7,2
family-interaction_mixture-0.0_n-800_p-20,fixed_random_ties,cart_tuned,20,dataset,-0.01564833333333334,-0.05361357707893564,0.022316910412268957,8,2
family-interaction_mixture-0.0_n-800_p-20,fixed_refined,cart_tuned,20,dataset,-0.016511666666666678,-0.05248804616418119,0.019464712830847834,8,2
family-interaction_mixture-0.0_n-800_p-20,frequency_bootstrap,cart_tuned,20,dataset,0.24951833333333334,0.165338675819957,0.3336979908467097,16,2
family-interaction_mixture-0.0_n-800_p-20,frequency_subsample,cart_tuned,20,dataset,0.14858666666666664,0.07046060723918549,0.2267127260941478,14,2
family-interaction_mixture-0.0_n-800_p-20,holdout_common,cart_tuned,20,dataset,0.02386833333333333,-0.03874150968710894,0.08647817635377561,11,2
family-interaction_mixture-0.0_n-800_p-20,holdout_refined,cart_tuned,20,dataset,-0.0037433333333333346,-0.047521933404689784,0.040035266738023115,12,2
family-interaction_mixture-0.0_n-800_p-20,holdout_selected,cart_tuned,20,dataset,-0.00792000000000001,-0.06290577412958216,0.04706577412958214,9,2
family-interaction_mixture-0.0_n-800_p-20,lookahead,cart_tuned,20,dataset,0.32378333333333337,0.253476944476128,0.3940897221905387,18,2
family-interaction_mixture-0.0_n-800_p-20,node_vote,cart_tuned,20,dataset,0.02179833333333332,-0.016103793110614214,0.05970045977728085,12,2
family-interaction_mixture-0.0_n-800_p-20,relative_bootstrap,cart_tuned,20,dataset,0.24951833333333334,0.165338675819957,0.3336979908467097,16,2
family-interaction_mixture-0.0_n-800_p-20,relative_random_bootstrap,cart_tuned,20,dataset,0.252325,0.16850111560201247,0.33614888439798757,16,2
family-interaction_mixture-0.0_n-800_p-20,relative_random_subsample,cart_tuned,20,dataset,0.1793483333333333,0.10262448288099987,0.25607218378566676,15,2
family-interaction_mixture-0.0_n-800_p-20,relative_subsample,cart_tuned,20,dataset,0.156995,0.0795912646791692,0.23439873532083078,14,2
family-interaction_mixture-0.0_n-800_p-20,weighted_bootstrap,cart_tuned,20,dataset,0.2605716666666667,0.177504057455254,0.3436392758780794,16,2
family-interaction_mixture-0.0_n-800_p-20,weighted_subsample,cart_tuned,20,dataset,0.20119499999999996,0.12083956347835421,0.2815504365216457,16,2
family-interaction_mixture-0.0_n-800_p-20,aloof,aloof,20,dataset,0.0,0.0,0.0,0,20
family-interaction_mixture-0.0_n-800_p-20,cart,aloof,20,dataset,0.026915000000000012,0.004768470978002114,0.04906152902199791,14,3
family-interaction_mixture-0.0_n-800_p-20,cart_strong,aloof,20,dataset,0.12208000000000001,0.08119167489093573,0.16296832510906428,18,2
family-interaction_mixture-0.0_n-800_p-20,cart_tuned,aloof,20,dataset,0.027010000000000017,0.004800583085193492,0.04921941691480654,11,3
family-interaction_mixture-0.0_n-800_p-20,error_greedy,aloof,20,dataset,0.018131666666666678,-0.02157855772747496,0.057841891060808316,11,2
family-interaction_mixture-0.0_n-800_p-20,fixed_keep_single_class,aloof,20,dataset,0.013044999999999998,-0.029692437589479582,0.05578243758947958,10,2
family-interaction_mixture-0.0_n-800_p-20,fixed_original,aloof,20,dataset,0.007193333333333338,-0.038015220277898505,0.05240188694456518,10,2
family-interaction_mixture-0.0_n-800_p-20,fixed_random_ties,aloof,20,dataset,0.011361666666666676,-0.025755454914868327,0.048478788248201676,11,2
family-interaction_mixture-0.0_n-800_p-20,fixed_refined,aloof,20,dataset,0.01049833333333334,-0.024120726638586325,0.045117393305253,11,2
family-interaction_mixture-0.0_n-800_p-20,frequency_bootstrap,aloof,20,dataset,0.2765283333333334,0.1898001594105892,0.36325650725607755,17,2
family-interaction_mixture-0.0_n-800_p-20,frequency_subsample,aloof,20,dataset,0.17559666666666668,0.09360051471463592,0.25759281861869743,16,2
family-interaction_mixture-0.0_n-800_p-20,holdout_common,aloof,20,dataset,0.05087833333333336,-0.011335358549216044,0.11309202521588277,12,2
family-interaction_mixture-0.0_n-800_p-20,holdout_refined,aloof,20,dataset,0.02326666666666668,-0.020917300409365236,0.06745063374269859,14,2
family-interaction_mixture-0.0_n-800_p-20,holdout_selected,aloof,20,dataset,0.019090000000000006,-0.0371797710925314,0.07535977109253142,13,2
family-interaction_mixture-0.0_n-800_p-20,lookahead,aloof,20,dataset,0.3507933333333334,0.27300299119005167,0.42858367547661513,18,2
family-interaction_mixture-0.0_n-800_p-20,node_vote,aloof,20,dataset,0.048808333333333336,0.0036864834113078046,0.09393018325535887,13,2
family-interaction_mixture-0.0_n-800_p-20,relative_bootstrap,aloof,20,dataset,0.2765283333333334,0.1898001594105892,0.36325650725607755,17,2
family-interaction_mixture-0.0_n-800_p-20,relative_random_bootstrap,aloof,20,dataset,0.279335,0.19309005132956975,0.36557994867043025,17,2
family-interaction_mixture-0.0_n-800_p-20,relative_random_subsample,aloof,20,dataset,0.20635833333333334,0.12178944701265666,0.29092721965401,16,2
family-interaction_mixture-0.0_n-800_p-20,relative_subsample,aloof,20,dataset,0.184005,0.100346635105543,0.267663364894457,16,2
family-interaction_mixture-0.0_n-800_p-20,weighted_bootstrap,aloof,20,dataset,0.28758166666666674,0.2025794135450241,0.3725839197883094,18,2
family-interaction_mixture-0.0_n-800_p-20,weighted_subsample,aloof,20,dataset,0.22820500000000005,0.14120932494802135,0.31520067505197874,17,2
family-interaction_mixture-0.0_n-800_p-20,aloof,node_vote,20,dataset,-0.048808333333333336,-0.09393018325535887,-0.0036864834113078046,5,2
family-interaction_mixture-0.0_n-800_p-20,cart,node_vote,20,dataset,-0.021893333333333327,-0.05950365373281672,0.015716987066150066,6,2
family-interaction_mixture-0.0_n-800_p-20,cart_strong,node_vote,20,dataset,0.07327166666666668,0.024647465860677252,0.1218958674726561,16,2
family-interaction_mixture-0.0_n-800_p-20,cart_tuned,node_vote,20,dataset,-0.02179833333333332,-0.05970045977728085,0.016103793110614214,6,2
family-interaction_mixture-0.0_n-800_p-20,error_greedy,node_vote,20,dataset,-0.030676666666666658,-0.08681059897132087,0.025457265637987565,9,2
family-interaction_mixture-0.0_n-800_p-20,fixed_keep_single_class,node_vote,20,dataset,-0.03576333333333335,-0.08630695760400076,0.014780290937334052,7,2
family-interaction_mixture-0.0_n-800_p-20,fixed_original,node_vote,20,dataset,-0.041615,-0.09215803164297089,0.008928031642970888,8,2
family-interaction_mixture-0.0_n-800_p-20,fixed_random_ties,node_vote,20,dataset,-0.03744666666666666,-0.08398026845596157,0.009086935122628245,7,2
family-interaction_mixture-0.0_n-800_p-20,fixed_refined,node_vote,20,dataset,-0.03831,-0.08360547586834131,0.00698547586834132,6,2
family-interaction_mixture-0.0_n-800_p-20,frequency_bootstrap,node_vote,20,dataset,0.22772,0.14292571490917286,0.3125142850908271,16,3
family-interaction_mixture-0.0_n-800_p-20,frequency_subsample,node_vote,20,dataset,0.12678833333333334,0.057002401265595234,0.19657426540107142,13,3
family-interaction_mixture-0.0_n-800_p-20,holdout_common,node_vote,20,dataset,0.0020700000000000106,-0.0755069547071684,0.07964695470716843,9,2
family-interaction_mixture-0.0_n-800_p-20,holdout_refined,node_vote,20,dataset,-0.025541666666666657,-0.08659536400387921,0.03551203067054589,9,2
family-interaction_mixture-0.0_n-800_p-20,holdout_selected,node_vote,20,dataset,-0.02971833333333333,-0.09466995042068618,0.03523328375401952,7,2
family-interaction_mixture-0.0_n-800_p-20,lookahead,node_vote,20,dataset,0.30198500000000006,0.22156380201922676,0.38240619798077335,17,3
family-interaction_mixture-0.0_n-800_p-20,node_vote,node_vote,20,dataset,0.0,0.0,0.0,0,20
family-interaction_mixture-0.0_n-800_p-20,relative_bootstrap,node_vote,20,dataset,0.22772,0.14292571490917286,0.3125142850908271,16,3
family-interaction_mixture-0.0_n-800_p-20,relative_random_bootstrap,node_vote,20,dataset,0.23052666666666669,0.14650466229295445,0.3145486710403789,16,3
family-interaction_mixture-0.0_n-800_p-20,relative_random_subsample,node_vote,20,dataset,0.15755,0.08132213869870894,0.23377786130129105,14,3
family-interaction_mixture-0.0_n-800_p-20,relative_subsample,node_vote,20,dataset,0.1351966666666667,0.06370121550169472,0.20669211783163866,13,3
family-interaction_mixture-0.0_n-800_p-20,weighted_bootstrap,node_vote,20,dataset,0.23877333333333334,0.15565647198939836,0.3218901946772683,16,3
family-interaction_mixture-0.0_n-800_p-20,weighted_subsample,node_vote,20,dataset,0.17939666666666668,0.0982710579019857,0.26052227543134765,14,3
family-interaction_mixture-0.0_n-800_p-20,aloof,lookahead,20,dataset,-0.3507933333333334,-0.42858367547661513,-0.27300299119005167,0,2
family-interaction_mixture-0.0_n-800_p-20,cart,lookahead,20,dataset,-0.3238783333333333,-0.3945412147393229,-0.25321545192734374,0,2
family-interaction_mixture-0.0_n-800_p-20,cart_strong,lookahead,20,dataset,-0.22871333333333332,-0.2778935549853988,-0.17953311168126787,0,2
family-interaction_mixture-0.0_n-800_p-20,cart_tuned,lookahead,20,dataset,-0.32378333333333337,-0.3940897221905387,-0.253476944476128,0,2
family-interaction_mixture-0.0_n-800_p-20,error_greedy,lookahead,20,dataset,-0.3326616666666667,-0.40610524051425767,-0.2592180928190757,0,2
family-interaction_mixture-0.0_n-800_p-20,fixed_keep_single_class,lookahead,20,dataset,-0.3377483333333334,-0.40847737024318587,-0.2670192964234809,0,2
family-interaction_mixture-0.0_n-800_p-20,fixed_original,lookahead,20,dataset,-0.3436,-0.41701308743184645,-0.2701869125681536,0,2
family-interaction_mixture-0.0_n-800_p-20,fixed_random_ties,lookahead,20,dataset,-0.3394316666666667,-0.4085122243385864,-0.27035110899474696,0,2
family-interaction_mixture-0.0_n-800_p-20,fixed_refined,lookahead,20,dataset,-0.34029499999999996,-0.4093991616305463,-0.2711908383694536,0,2
family-interaction_mixture-0.0_n-800_p-20,frequency_bootstrap,lookahead,20,dataset,-0.074265,-0.15229317052676136,0.003763170526761367,0,16
family-interaction_mixture-0.0_n-800_p-20,frequency_subsample,lookahead,20,dataset,-0.17519666666666664,-0.2781349782913229,-0.0722583550420104,0,11
family-interaction_mixture-0.0_n-800_p-20,holdout_common,lookahead,20,dataset,-0.29991499999999993,-0.3731781845142776,-0.22665181548572227,0,3
family-interaction_mixture-0.0_n-800_p-20,holdout_refined,lookahead,20,dataset,-0.3275266666666667,-0.403937243361109,-0.2511160899722244,0,2
family-interaction_mixture-0.0_n-800_p-20,holdout_selected,lookahead,20,dataset,-0.3317033333333333,-0.40889383436314525,-0.25451283230352134,0,2
family-interaction_mixture-0.0_n-800_p-20,lookahead,lookahead,20,dataset,0.0,0.0,0.0,0,20
family-interaction_mixture-0.0_n-800_p-20,node_vote,lookahead,20,dataset,-0.30198500000000006,-0.38240619798077335,-0.22156380201922676,0,3
family-interaction_mixture-0.0_n-800_p-20,relative_bootstrap,lookahead,20,dataset,-0.074265,-0.15229317052676136,0.003763170526761367,0,16
family-interaction_mixture-0.0_n-800_p-20,relative_random_bootstrap,lookahead,20,dataset,-0.07145833333333333,-0.14967736514035168,0.006760698473685031,0,16
family-interaction_mixture-0.0_n-800_p-20,relative_random_subsample,lookahead,20,dataset,-0.14443499999999998,-0.24345982520091963,-0.04541017479908033,0,12
family-interaction_mixture-0.0_n-800_p-20,relative_subsample,lookahead,20,dataset,-0.16678833333333334,-0.26823189665537894,-0.06534477001128774,0,11
family-interaction_mixture-0.0_n-800_p-20,weighted_bootstrap,lookahead,20,dataset,-0.06321166666666667,-0.13826693713976335,0.011843603806430014,0,17
family-interaction_mixture-0.0_n-800_p-20,weighted_subsample,lookahead,20,dataset,-0.12258833333333334,-0.21797642982375187,-0.027200236842914824,0,13
family-interaction_mixture-0.25_n-200_p-20,aloof,cart_strong,20,dataset,-0.00038666666666667404,-0.013088694454748579,0.01231536112141523,5,11
family-interaction_mixture-0.25_n-200_p-20,cart,cart_strong,20,dataset,-0.046156666666666665,-0.06077125334387005,-0.03154207998946328,3,0
family-interaction_mixture-0.25_n-200_p-20,cart_strong,cart_strong,20,dataset,0.0,0.0,0.0,0,20
family-interaction_mixture-0.25_n-200_p-20,cart_tuned,cart_strong,20,dataset,0.0031499999999999974,-0.004669689364133614,0.01096968936413361,6,13
family-interaction_mixture-0.25_n-200_p-20,error_greedy,cart_strong,20,dataset,-0.055798333333333325,-0.10966605388653955,-0.0019306127801271,3,9
family-interaction_mixture-0.25_n-200_p-20,fixed_keep_single_class,cart_strong,20,dataset,-0.072795,-0.12042868085887168,-0.025161319141128326,3,0
family-interaction_mixture-0.25_n-200_p-20,fixed_original,cart_strong,20,dataset,-0.06721833333333332,-0.1111531250589227,-0.023283541607743943,3,0
family-interaction_mixture-0.25_n-200_p-20,fixed_random_ties,cart_strong,20,dataset,-0.06794,-0.10645394237101101,-0.02942605762898899,3,0
family-interaction_mixture-0.25_n-200_p-20,fixed_refined,cart_strong,20,dataset,-0.07015499999999998,-0.11444279106982246,-0.025867208930177507,3,0
family-interaction_mixture-0.25_n-200_p-20,frequency_bootstrap,cart_strong,20,dataset,-0.0019450000000000023,-0.046450978951791164,0.04256097895179116,7,7
family-interaction_mixture-0.25_n-200_p-20,frequency_subsample,cart_strong,20,dataset,-0.0018416666666666638,-0.04400879942148845,0.04032546608815512,5,9
family-interaction_mixture-0.25_n-200_p-20,holdout_common,cart_strong,20,dataset,-0.05099500000000001,-0.09942857332937746,-0.002561426670622563,4,5
family-interaction_mixture-0.25_n-200_p-20,holdout_refined,cart_strong,20,dataset,-0.047476666666666674,-0.10323047085936214,0.008277137526028794,4,9
family-interaction_mixture-0.25_n-200_p-20,holdout_selected,cart_strong,20,dataset,-0.04872666666666666,-0.10338939997767359,0.005936066644340265,4,8
family-interaction_mixture-0.25_n-200_p-20,lookahead,cart_strong,20,dataset,0.027639999999999998,0.0007518085833029299,0.05452819141669707,7,13
family-interaction_mixture-0.25_n-200_p-20,node_vote,cart_strong,20,dataset,-0.009456666666666669,-0.02166956546507213,0.002756232131738791,4,12
family-interaction_mixture-0.25_n-200_p-20,relative_bootstrap,cart_strong,20,dataset,-0.0021783333333333377,-0.04669620324148649,0.042339536574819814,7,7
family-interaction_mixture-0.25_n-200_p-20,relative_random_bootstrap,cart_strong,20,dataset,-0.0024166666666666447,-0.044901900967773106,0.04006856763443982,6,6
family-interaction_mixture-0.25_n-200_p-20,relative_random_subsample,cart_strong,20,dataset,-0.008668333333333339,-0.060371642285280115,0.043034975618613434,5,9
family-interaction_mixture-0.25_n-200_p-20,relative_subsample,cart_strong,20,dataset,-0.0018416666666666638,-0.04400879942148845,0.04032546608815512,5,9
family-interaction_mixture-0.25_n-200_p-20,weighted_bootstrap,cart_strong,20,dataset,-0.01286333333333332,-0.06554255946196227,0.039815892795295627,7,8
family-interaction_mixture-0.25_n-200_p-20,weighted_subsample,cart_strong,20,dataset,-0.015486666666666666,-0.07215896219922927,0.041185628865895926,5,10
family-interaction_mixture-0.25_n-200_p-20,aloof,cart_tuned,20,dataset,-0.0035366666666666715,-0.012612894975303157,0.005539561641969813,2,13
family-interaction_mixture-0.25_n-200_p-20,cart,cart_tuned,20,dataset,-0.049306666666666665,-0.06261579754981893,-0.0359975357835144,1,0
family-interaction_mixture-0.25_n-200_p-20,cart_strong,cart_tuned,20,dataset,-0.0031499999999999974,-0.01096968936413361,0.004669689364133614,1,13
family-interaction_mixture-0.25_n-200_p-20,cart_tuned,cart_tuned,20,dataset,0.0,0.0,0.0,0,20
family-interaction_mixture-0.25_n-200_p-20,error_greedy,cart_tuned,20,dataset,-0.058948333333333325,-0.1114903607476645,-0.006406305919002153,2,9
family-interaction_mixture-0.25_n-200_p-20,fixed_keep_single_class,cart_tuned,20,dataset,-0.075945,-0.12161548404968091,-0.03027451595031909,2,0
family-interaction_mixture-0.25_n-200_p-20,fixed_original,cart_tuned,20,dataset,-0.07036833333333332,-0.11305469927018427,-0.02768196739648237,1,0
family-interaction_mixture-0.25_n-200_p-20,fixed_random_ties,cart_tuned,20,dataset,-0.07109000000000001,-0.108264676222944,-0.03391532377705603,0,0
family-interaction_mixture-0.25_n-200_p-20,fixed_refined,cart_tuned,20,dataset,-0.07330499999999998,-0.11575269381995124,-0.030857306180048727,2,0
family-interaction_mixture-0.25_n-200_p-20,frequency_bootstrap,cart_tuned,20,dataset,-0.005095,-0.05055952276868902,0.04036952276868901,4,7
family-interaction_mixture-0.25_n-200_p-20,frequency_subsample,cart_tuned,20,dataset,-0.004991666666666661,-0.04897053486745667,0.038987201534123356,4,10
family-interaction_mixture-0.25_n-200_p-20,holdout_common,cart_tuned,20,dataset,-0.05414500000000001,-0.10214126060714653,-0.0061487393928535,2,7
family-interaction_mixture-0.25_n-200_p-20,holdout_refined,cart_tuned,20,dataset,-0.05062666666666667,-0.10546436046499261,0.00421102713165928,2,10
family-interaction_mixture-0.25_n-200_p-20,holdout_selected,cart_tuned,20,dataset,-0.05187666666666666,-0.10585597487033123,0.002102641536997907,2,9
family-interaction_mixture-0.25_n-200_p-20,lookahead,cart_tuned,20,dataset,0.02449,-0.004539543030516638,0.05351954303051664,4,16
family-interaction_mixture-0.25_n-200_p-20,node_vote,cart_tuned,20,dataset,-0.012606666666666665,-0.024440717934808967,-0.0007726153985243654,1,13
family-interaction_mixture-0.25_n-200_p-20,relative_bootstrap,cart_tuned,20,dataset,-0.005328333333333335,-0.05080076979323605,0.04014410312656937,4,7
family-interaction_mixture-0.25_n-200_p-20,relative_random_bootstrap,cart_tuned,20,dataset,-0.005566666666666642,-0.04886335605558422,0.037730022722250935,4,7
family-interaction_mixture-0.25_n-200_p-20,relative_random_subsample,cart_tuned,20,dataset,-0.011818333333333337,-0.06502552953625346,0.041388862869586776,4,10
family-interaction_mixture-0.25_n-200_p-20,relative_subsample,cart_tuned,20,dataset,-0.004991666666666661,-0.04897053486745667,0.038987201534123356,4,10
family-interaction_mixture-0.25_n-200_p-20,weighted_bootstrap,cart_tuned,20,dataset,-0.016013333333333317,-0.06933718512404363,0.037310518457377005,4,8
family-interaction_mixture-0.25_n-200_p-20,weighted_subsample,cart_tuned,20,dataset,-0.018636666666666662,-0.07662658251119014,0.03935324917785681,4,11
family-interaction_mixture-0.25_n-200_p-20,aloof,aloof,20,dataset,0.0,0.0,0.0,0,20
family-interaction_mixture-0.25_n-200_p-20,cart,aloof,20,dataset,-0.04576999999999999,-0.05857680848829871,-0.032963191511701274,1,0
family-interaction_mixture-0.25_n-200_p-20,cart_strong,aloof,20,dataset,0.00038666666666667404,-0.01231536112141523,0.013088694454748579,4,11
family-interaction_mixture-0.25_n-200_p-20,cart_tuned,aloof,20,dataset,0.0035366666666666715,-0.005539561641969813,0.012612894975303157,5,13
family-interaction_mixture-0.25_n-200_p-20,error_greedy,aloof,20,dataset,-0.05541166666666666,-0.10784174058406346,-0.0029815927492698527,2,9
family-interaction_mixture-0.25_n-200_p-20,fixed_keep_single_class,aloof,20,dataset,-0.07240833333333332,-0.11849748688058871,-0.026319179786077937,1,0
family-interaction_mixture-0.25_n-200_p-20,fixed_original,aloof,20,dataset,-0.06683166666666665,-0.1102131313840091,-0.023450201949324206,1,0
family-interaction_mixture-0.25_n-200_p-20,fixed_random_ties,aloof,20,dataset,-0.06755333333333333,-0.10544200067376341,-0.02966466599290324,1,0
family-interaction_mixture-0.25_n-200_p-20,fixed_refined,aloof,20,dataset,-0.06976833333333331,-0.11279597380597552,-0.026740692860691098,1,0
family-interaction_mixture-0.25_n-200_p-20,frequency_bootstrap,aloof,20,dataset,-0.0015583333333333282,-0.046622170767934824,0.04350550410126817,5,8
family-interaction_mixture-0.25_n-200_p-20,frequency_subsample,aloof,20,dataset,-0.0014549999999999897,-0.046699728416813344,0.04378972841681336,4,9
family-interaction_mixture-0.25_n-200_p-20,holdout_common,aloof,20,dataset,-0.050608333333333345,-0.09953447080990362,-0.0016821958567630746,2,7
family-interaction_mixture-0.25_n-200_p-20,holdout_refined,aloof,20,dataset,-0.04709,-0.10201476751304636,0.007834767513046362,4,10
family-interaction_mixture-0.25_n-200_p-20,holdout_selected,aloof,20,dataset,-0.04833999999999999,-0.1021999616471794,0.005519961647179418,3,9
family-interaction_mixture-0.25_n-200_p-20,lookahead,aloof,20,dataset,0.028026666666666672,-0.002012495588363788,0.058065828921697135,6,14
family-interaction_mixture-0.25_n-200_p-20,node_vote,aloof,20,dataset,-0.009069999999999995,-0.023325801232603458,0.005185801232603468,3,11
family-interaction_mixture-0.25_n-200_p-20,relative_bootstrap,aloof,20,dataset,-0.0017916666666666636,-0.046867709387240844,0.04328437605390752,5,8
family-interaction_mixture-0.25_n-200_p-20,relative_random_bootstrap,aloof,20,dataset,-0.0020299999999999706,-0.04498384187403482,0.04092384187403488,5,7
family-interaction_mixture-0.25_n-200_p-20,relative_random_subsample,aloof,20,dataset,-0.008281666666666665,-0.0625337813817726,0.045970448048439264,5,9
family-interaction_mixture-0.25_n-200_p-20,relative_subsample,aloof,20,dataset,-0.0014549999999999897,-0.046699728416813344,0.04378972841681336,4,9
family-interaction_mixture-0.25_n-200_p-20,weighted_bootstrap,aloof,20,dataset,-0.012476666666666646,-0.06615990375938795,0.04120657042605465,4,7
family-interaction_mixture-0.25_n-200_p-20,weighted_subsample,aloof,20,dataset,-0.015099999999999992,-0.07420756868345998,0.04400756868346001,5,10
family-interaction_mixture-0.25_n-200_p-20,aloof,node_vote,20,dataset,0.009069999999999995,-0.005185801232603468,0.023325801232603458,6,11
family-interaction_mixture-0.25_n-200_p-20,cart,node_vote,20,dataset,-0.036699999999999997,-0.053974635487502906,-0.019425364512497087,4,1
family-interaction_mixture-0.25_n-200_p-20,cart_strong,node_vote,20,dataset,0.009456666666666669,-0.002756232131738791,0.02166956546507213,4,12
family-interaction_mixture-0.25_n-200_p-20,cart_tuned,node_vote,20,dataset,0.012606666666666665,0.0007726153985243654,0.024440717934808967,6,13
family-interaction_mixture-0.25_n-200_p-20,error_greedy,node_vote,20,dataset,-0.04634166666666666,-0.09628569270930436,0.0036023593759710315,4,9
family-interaction_mixture-0.25_n-200_p-20,fixed_keep_single_class,node_vote,20,dataset,-0.06333833333333333,-0.11209157853807751,-0.01458508812858915,5,0
family-interaction_mixture-0.25_n-200_p-20,fixed_original,node_vote,20,dataset,-0.057761666666666656,-0.10438213650546554,-0.01114119682786776,6,0
family-interaction_mixture-0.25_n-200_p-20,fixed_random_ties,node_vote,20,dataset,-0.058483333333333345,-0.09934534321596139,-0.0176213234507053,3,0
family-interaction_mixture-0.25_n-200_p-20,fixed_refined,node_vote,20,dataset,-0.06069833333333332,-0.10675107010218675,-0.01464559656447989,6,0
family-interaction_mixture-0.25_n-200_p-20,frequency_bootstrap,node_vote,20,dataset,0.0075116666666666665,-0.040226425374476266,0.0552497587078096,6,7
family-interaction_mixture-0.25_n-200_p-20,frequency_subsample,node_vote,20,dataset,0.0076150000000000054,-0.03820233499522756,0.053432334995227565,6,9
family-interaction_mixture-0.25_n-200_p-20,holdout_common,node_vote,20,dataset,-0.041538333333333344,-0.08730883180503182,0.004232165138365135,3,6
family-interaction_mixture-0.25_n-200_p-20,holdout_refined,node_vote,20,dataset,-0.038020000000000005,-0.09340778419566226,0.01736778419566224,4,9
family-interaction_mixture-0.25_n-200_p-20,holdout_selected,node_vote,20,dataset,-0.03926999999999999,-0.09441280673480887,0.01587280673480889,4,8
family-interaction_mixture-0.25_n-200_p-20,lookahead,node_vote,20,dataset,0.03709666666666667,0.0034107283662831375,0.07078260496705019,7,13
family-interaction_mixture-0.25_n-200_p-20,node_vote,node_vote,20,dataset,0.0,0.0,0.0,0,20
family-interaction_mixture-0.25_n-200_p-20,relative_bootstrap,node_vote,20,dataset,0.007278333333333331,-0.04048149835404294,0.0550381650207096,6,7
family-interaction_mixture-0.25_n-200_p-20,relative_random_bootstrap,node_vote,20,dataset,0.007040000000000024,-0.0385704779483225,0.052650477948322554,6,6
family-interaction_mixture-0.25_n-200_p-20,relative_random_subsample,node_vote,20,dataset,0.0007883333333333298,-0.0524791316828874,0.054055798349554054,6,9
family-interaction_mixture-0.25_n-200_p-20,relative_subsample,node_vote,20,dataset,0.0076150000000000054,-0.03820233499522756,0.053432334995227565,6,9
family-interaction_mixture-0.25_n-200_p-20,weighted_bootstrap,node_vote,20,dataset,-0.0034066666666666525,-0.05536023752401266,0.04854690419067935,6,8
family-interaction_mixture-0.25_n-200_p-20,weighted_subsample,node_vote,20,dataset,-0.006029999999999996,-0.06254228999784656,0.05048228999784657,6,10
family-interaction_mixture-0.25_n-200_p-20,aloof,lookahead,20,dataset,-0.028026666666666672,-0.058065828921697135,0.002012495588363788,0,14
family-interaction_mixture-0.25_n-200_p-20,cart,lookahead,20,dataset,-0.07379666666666666,-0.09747997992128081,-0.050113353412052516,0,0
family-interaction_mixture-0.25_n-200_p-20,cart_strong,lookahead,20,dataset,-0.027639999999999998,-0.05452819141669707,-0.0007518085833029299,0,13
family-interaction_mixture-0.25_n-200_p-20,cart_tuned,lookahead,20,dataset,-0.02449,-0.05351954303051664,0.004539543030516638,0,16
family-interaction_mixture-0.25_n-200_p-20,error_greedy,lookahead,20,dataset,-0.08343833333333334,-0.14578220248885793,-0.021094464177808733,0,9
family-interaction_mixture-0.25_n-200_p-20,fixed_keep_single_class,lookahead,20,dataset,-0.10043499999999998,-0.15473831005419236,-0.046131689945807616,0,0
family-interaction_mixture-0.25_n-200_p-20,fixed_original,lookahead,20,dataset,-0.09485833333333334,-0.14224486510315237,-0.047471801563514306,0,0
family-interaction_mixture-0.25_n-200_p-20,fixed_random_ties,lookahead,20,dataset,-0.09558,-0.13980046784077643,-0.05135953215922358,0,0
family-interaction_mixture-0.25_n-200_p-20,fixed_refined,lookahead,20,dataset,-0.09779499999999999,-0.1465801726185317,-0.049009827381468286,0,0
family-interaction_mixture-0.25_n-200_p-20,frequency_bootstrap,lookahead,20,dataset,-0.029585,-0.06292679541942883,0.0037567954194288253,0,8
family-interaction_mixture-0.25_n-200_p-20,frequency_subsample,lookahead,20,dataset,-0.029481666666666663,-0.06149580485719825,0.002532471523864925,0,10
family-interaction_mixture-0.25_n-200_p-20,holdout_common,lookahead,20,dataset,-0.07863500000000001,-0.13028170477086304,-0.02698829522913699,0,7
family-interaction_mixture-0.25_n-200_p-20,holdout_refined,lookahead,20,dataset,-0.07511666666666668,-0.13836677440829798,-0.011866558925035367,0,12
family-interaction_mixture-0.25_n-200_p-20,holdout_selected,lookahead,20,dataset,-0.07636666666666667,-0.13768187229792966,-0.015051461035403668,0,10
family-interaction_mixture-0.25_n-200_p-20,lookahead,lookahead,20,dataset,0.0,0.0,0.0,0,20
family-interaction_mixture-0.25_n-200_p-20,node_vote,lookahead,20,dataset,-0.03709666666666667,-0.07078260496705019,-0.0034107283662831375,0,13
family-interaction_mixture-0.25_n-200_p-20,relative_bootstrap,lookahead,20,dataset,-0.029818333333333336,-0.06313139247593874,0.003494725809272063,0,8
family-interaction_mixture-0.25_n-200_p-20,relative_random_bootstrap,lookahead,20,dataset,-0.03005666666666664,-0.061601484160228245,0.0014881508268949628,0,7
family-interaction_mixture-0.25_n-200_p-20,relative_random_subsample,lookahead,20,dataset,-0.03630833333333334,-0.07862764450872692,0.006010977842060242,0,10
family-interaction_mixture-0.25_n-200_p-20,relative_subsample,lookahead,20,dataset,-0.029481666666666663,-0.06149580485719825,0.002532471523864925,0,10
family-interaction_mixture-0.25_n-200_p-20,weighted_bootstrap,lookahead,20,dataset,-0.04050333333333332,-0.0836295812155067,0.0026229145488400676,0,8
family-interaction_mixture-0.25_n-200_p-20,weighted_subsample,lookahead,20,dataset,-0.04312666666666666,-0.09124858978713857,0.004995256453805247,0,11
family-interaction_mixture-0.25_n-800_p-20,aloof,cart_strong,20,dataset,0.0,0.0,0.0,0,20
family-interaction_mixture-0.25_n-800_p-20,cart,cart_strong,20,dataset,-0.020100000000000007,-0.02557036572345188,-0.014629634276548132,0,3
family-interaction_mixture-0.25_n-800_p-20,cart_strong,cart_strong,20,dataset,0.0,0.0,0.0,0,20
family-interaction_mixture-0.25_n-800_p-20,cart_tuned,cart_strong,20,dataset,0.0,0.0,0.0,0,20
family-interaction_mixture-0.25_n-800_p-20,error_greedy,cart_strong,20,dataset,0.0,0.0,0.0,0,20
family-interaction_mixture-0.25_n-800_p-20,fixed_keep_single_class,cart_strong,20,dataset,-0.005183333333333334,-0.00914696231519356,-0.0012197043514731078,0,13
family-interaction_mixture-0.25_n-800_p-20,fixed_original,cart_strong,20,dataset,-0.006126666666666658,-0.009309110696316288,-0.0029442226370170266,0,9
family-interaction_mixture-0.25_n-800_p-20,fixed_random_ties,cart_strong,20,dataset,-0.004734999999999984,-0.0075798962048064175,-0.0018901037951935505,0,11
family-interaction_mixture-0.25_n-800_p-20,fixed_refined,cart_strong,20,dataset,-0.005429999999999974,-0.008609940727529783,-0.0022500592724701654,0,10
family-interaction_mixture-0.25_n-800_p-20,frequency_bootstrap,cart_strong,20,dataset,0.0,0.0,0.0,0,20
family-interaction_mixture-0.25_n-800_p-20,frequency_subsample,cart_strong,20,dataset,0.0,0.0,0.0,0,20
family-interaction_mixture-0.25_n-800_p-20,holdout_common,cart_strong,20,dataset,0.0,0.0,0.0,0,20
family-interaction_mixture-0.25_n-800_p-20,holdout_refined,cart_strong,20,dataset,0.0,0.0,0.0,0,20
family-interaction_mixture-0.25_n-800_p-20,holdout_selected,cart_strong,20,dataset,-0.0002616666666666656,-0.0008093412942368255,0.0002860079609034944,0,19
family-interaction_mixture-0.25_n-800_p-20,lookahead,cart_strong,20,dataset,0.0,0.0,0.0,0,20
family-interaction_mixture-0.25_n-800_p-20,node_vote,cart_strong,20,dataset,0.0,0.0,0.0,0,20
family-interaction_mixture-0.25_n-800_p-20,relative_bootstrap,cart_strong,20,dataset,0.0,0.0,0.0,0,20
family-interaction_mixture-0.25_n-800_p-20,relative_random_bootstrap,cart_strong,20,dataset,0.0,0.0,0.0,0,20
family-interaction_mixture-0.25_n-800_p-20,relative_random_subsample,cart_strong,20,dataset,0.0,0.0,0.0,0,20
family-interaction_mixture-0.25_n-800_p-20,relative_subsample,cart_strong,20,dataset,0.0,0.0,0.0,0,20
family-interaction_mixture-0.25_n-800_p-20,weighted_bootstrap,cart_strong,20,dataset,0.0,0.0,0.0,0,20
family-interaction_mixture-0.25_n-800_p-20,weighted_subsample,cart_strong,20,dataset,0.0,0.0,0.0,0,20
family-interaction_mixture-0.25_n-800_p-20,aloof,cart_tuned,20,dataset,0.0,0.0,0.0,0,20
family-interaction_mixture-0.25_n-800_p-20,cart,cart_tuned,20,dataset,-0.020100000000000007,-0.02557036572345188,-0.014629634276548132,0,3
family-interaction_mixture-0.25_n-800_p-20,cart_strong,cart_tuned,20,dataset,0.0,0.0,0.0,0,20
family-interaction_mixture-0.25_n-800_p-20,cart_tuned,cart_tuned,20,dataset,0.0,0.0,0.0,0,20
family-interaction_mixture-0.25_n-800_p-20,error_greedy,cart_tuned,20,dataset,0.0,0.0,0.0,0,20
family-interaction_mixture-0.25_n-800_p-20,fixed_keep_single_class,cart_tuned,20,dataset,-0.005183333333333334,-0.00914696231519356,-0.0012197043514731078,0,13
family-interaction_mixture-0.25_n-800_p-20,fixed_original,cart_tuned,20,dataset,-0.006126666666666658,-0.009309110696316288,-0.0029442226370170266,0,9
family-interaction_mixture-0.25_n-800_p-20,fixed_random_ties,cart_tuned,20,dataset,-0.004734999999999984,-0.0075798962048064175,-0.0018901037951935505,0,11
family-interaction_mixture-0.25_n-800_p-20,fixed_refined,cart_tuned,20,dataset,-0.005429999999999974,-0.008609940727529783,-0.0022500592724701654,0,10
family-interaction_mixture-0.25_n-800_p-20,frequency_bootstrap,cart_tuned,20,dataset,0.0,0.0,0.0,0,20
family-interaction_mixture-0.25_n-800_p-20,frequency_subsample,cart_tuned,20,dataset,0.0,0.0,0.0,0,20
family-interaction_mixture-0.25_n-800_p-20,holdout_common,cart_tuned,20,dataset,0.0,0.0,0.0,0,20
family-interaction_mixture-0.25_n-800_p-20,holdout_refined,cart_tuned,20,dataset,0.0,0.0,0.0,0,20
family-interaction_mixture-0.25_n-800_p-20,holdout_selected,cart_tuned,20,dataset,-0.0002616666666666656,-0.0008093412942368255,0.0002860079609034944,0,19
family-interaction_mixture-0.25_n-800_p-20,lookahead,cart_tuned,20,dataset,0.0,0.0,0.0,0,20
family-interaction_mixture-0.25_n-800_p-20,node_vote,cart_tuned,20,dataset,0.0,0.0,0.0,0,20
family-interaction_mixture-0.25_n-800_p-20,relative_bootstrap,cart_tuned,20,dataset,0.0,0.0,0.0,0,20
family-interaction_mixture-0.25_n-800_p-20,relative_random_bootstrap,cart_tuned,20,dataset,0.0,0.0,0.0,0,20
family-interaction_mixture-0.25_n-800_p-20,relative_random_subsample,cart_tuned,20,dataset,0.0,0.0,0.0,0,20
family-interaction_mixture-0.25_n-800_p-20,relative_subsample,cart_tuned,20,dataset,0.0,0.0,0.0,0,20
family-interaction_mixture-0.25_n-800_p-20,weighted_bootstrap,cart_tuned,20,dataset,0.0,0.0,0.0,0,20
family-interaction_mixture-0.25_n-800_p-20,weighted_subsample,cart_tuned,20,dataset,0.0,0.0,0.0,0,20
family-interaction_mixture-0.25_n-800_p-20,aloof,aloof,20,dataset,0.0,0.0,0.0,0,20
family-interaction_mixture-0.25_n-800_p-20,cart,aloof,20,dataset,-0.020100000000000007,-0.02557036572345188,-0.014629634276548132,0,3
family-interaction_mixture-0.25_n-800_p-20,cart_strong,aloof,20,dataset,0.0,0.0,0.0,0,20
family-interaction_mixture-0.25_n-800_p-20,cart_tuned,aloof,20,dataset,0.0,0.0,0.0,0,20
family-interaction_mixture-0.25_n-800_p-20,error_greedy,aloof,20,dataset,0.0,0.0,0.0,0,20
family-interaction_mixture-0.25_n-800_p-20,fixed_keep_single_class,aloof,20,dataset,-0.005183333333333334,-0.00914696231519356,-0.0012197043514731078,0,13
family-interaction_mixture-0.25_n-800_p-20,fixed_original,aloof,20,dataset,-0.006126666666666658,-0.009309110696316288,-0.0029442226370170266,0,9
family-interaction_mixture-0.25_n-800_p-20,fixed_random_ties,aloof,20,dataset,-0.004734999999999984,-0.0075798962048064175,-0.0018901037951935505,0,11
family-interaction_mixture-0.25_n-800_p-20,fixed_refined,aloof,20,dataset,-0.005429999999999974,-0.008609940727529783,-0.0022500592724701654,0,10
family-interaction_mixture-0.25_n-800_p-20,frequency_bootstrap,aloof,20,dataset,0.0,0.0,0.0,0,20
family-interaction_mixture-0.25_n-800_p-20,frequency_subsample,aloof,20,dataset,0.0,0.0,0.0,0,20
family-interaction_mixture-0.25_n-800_p-20,holdout_common,aloof,20,dataset,0.0,0.0,0.0,0,20
family-interaction_mixture-0.25_n-800_p-20,holdout_refined,aloof,20,dataset,0.0,0.0,0.0,0,20
family-interaction_mixture-0.25_n-800_p-20,holdout_selected,aloof,20,dataset,-0.0002616666666666656,-0.0008093412942368255,0.0002860079609034944,0,19
family-interaction_mixture-0.25_n-800_p-20,lookahead,aloof,20,dataset,0.0,0.0,0.0,0,20
family-interaction_mixture-0.25_n-800_p-20,node_vote,aloof,20,dataset,0.0,0.0,0.0,0,20
family-interaction_mixture-0.25_n-800_p-20,relative_bootstrap,aloof,20,dataset,0.0,0.0,0.0,0,20
family-interaction_mixture-0.25_n-800_p-20,relative_random_bootstrap,aloof,20,dataset,0.0,0.0,0.0,0,20
family-interaction_mixture-0.25_n-800_p-20,relative_random_subsample,aloof,20,dataset,0.0,0.0,0.0,0,20
family-interaction_mixture-0.25_n-800_p-20,relative_subsample,aloof,20,dataset,0.0,0.0,0.0,0,20
family-interaction_mixture-0.25_n-800_p-20,weighted_bootstrap,aloof,20,dataset,0.0,0.0,0.0,0,20
family-interaction_mixture-0.25_n-800_p-20,weighted_subsample,aloof,20,dataset,0.0,0.0,0.0,0,20
family-interaction_mixture-0.25_n-800_p-20,aloof,node_vote,20,dataset,0.0,0.0,0.0,0,20
family-interaction_mixture-0.25_n-800_p-20,cart,node_vote,20,dataset,-0.020100000000000007,-0.02557036572345188,-0.014629634276548132,0,3
family-interaction_mixture-0.25_n-800_p-20,cart_strong,node_vote,20,dataset,0.0,0.0,0.0,0,20
family-interaction_mixture-0.25_n-800_p-20,cart_tuned,node_vote,20,dataset,0.0,0.0,0.0,0,20
family-interaction_mixture-0.25_n-800_p-20,error_greedy,node_vote,20,dataset,0.0,0.0,0.0,0,20
family-interaction_mixture-0.25_n-800_p-20,fixed_keep_single_class,node_vote,20,dataset,-0.005183333333333334,-0.00914696231519356,-0.0012197043514731078,0,13
family-interaction_mixture-0.25_n-800_p-20,fixed_original,node_vote,20,dataset,-0.006126666666666658,-0.009309110696316288,-0.0029442226370170266,0,9
family-interaction_mixture-0.25_n-800_p-20,fixed_random_ties,node_vote,20,dataset,-0.004734999999999984,-0.0075798962048064175,-0.0018901037951935505,0,11
family-interaction_mixture-0.25_n-800_p-20,fixed_refined,node_vote,20,dataset,-0.005429999999999974,-0.008609940727529783,-0.0022500592724701654,0,10
family-interaction_mixture-0.25_n-800_p-20,frequency_bootstrap,node_vote,20,dataset,0.0,0.0,0.0,0,20
family-interaction_mixture-0.25_n-800_p-20,frequency_subsample,node_vote,20,dataset,0.0,0.0,0.0,0,20
family-interaction_mixture-0.25_n-800_p-20,holdout_common,node_vote,20,dataset,0.0,0.0,0.0,0,20
family-interaction_mixture-0.25_n-800_p-20,holdout_refined,node_vote,20,dataset,0.0,0.0,0.0,0,20
family-interaction_mixture-0.25_n-800_p-20,holdout_selected,node_vote,20,dataset,-0.0002616666666666656,-0.0008093412942368255,0.0002860079609034944,0,19
family-interaction_mixture-0.25_n-800_p-20,lookahead,node_vote,20,dataset,0.0,0.0,0.0,0,20
family-interaction_mixture-0.25_n-800_p-20,node_vote,node_vote,20,dataset,0.0,0.0,0.0,0,20
family-interaction_mixture-0.25_n-800_p-20,relative_bootstrap,node_vote,20,dataset,0.0,0.0,0.0,0,20
family-interaction_mixture-0.25_n-800_p-20,relative_random_bootstrap,node_vote,20,dataset,0.0,0.0,0.0,0,20
family-interaction_mixture-0.25_n-800_p-20,relative_random_subsample,node_vote,20,dataset,0.0,0.0,0.0,0,20
family-interaction_mixture-0.25_n-800_p-20,relative_subsample,node_vote,20,dataset,0.0,0.0,0.0,0,20
family-interaction_mixture-0.25_n-800_p-20,weighted_bootstrap,node_vote,20,dataset,0.0,0.0,0.0,0,20
family-interaction_mixture-0.25_n-800_p-20,weighted_subsample,node_vote,20,dataset,0.0,0.0,0.0,0,20
family-interaction_mixture-0.25_n-800_p-20,aloof,lookahead,20,dataset,0.0,0.0,0.0,0,20
family-interaction_mixture-0.25_n-800_p-20,cart,lookahead,20,dataset,-0.020100000000000007,-0.02557036572345188,-0.014629634276548132,0,3
family-interaction_mixture-0.25_n-800_p-20,cart_strong,lookahead,20,dataset,0.0,0.0,0.0,0,20
family-interaction_mixture-0.25_n-800_p-20,cart_tuned,lookahead,20,dataset,0.0,0.0,0.0,0,20
family-interaction_mixture-0.25_n-800_p-20,error_greedy,lookahead,20,dataset,0.0,0.0,0.0,0,20
family-interaction_mixture-0.25_n-800_p-20,fixed_keep_single_class,lookahead,20,dataset,-0.005183333333333334,-0.00914696231519356,-0.0012197043514731078,0,13
family-interaction_mixture-0.25_n-800_p-20,fixed_original,lookahead,20,dataset,-0.006126666666666658,-0.009309110696316288,-0.0029442226370170266,0,9
family-interaction_mixture-0.25_n-800_p-20,fixed_random_ties,lookahead,20,dataset,-0.004734999999999984,-0.0075798962048064175,-0.0018901037951935505,0,11
family-interaction_mixture-0.25_n-800_p-20,fixed_refined,lookahead,20,dataset,-0.005429999999999974,-0.008609940727529783,-0.0022500592724701654,0,10
family-interaction_mixture-0.25_n-800_p-20,frequency_bootstrap,lookahead,20,dataset,0.0,0.0,0.0,0,20
family-interaction_mixture-0.25_n-800_p-20,frequency_subsample,lookahead,20,dataset,0.0,0.0,0.0,0,20
family-interaction_mixture-0.25_n-800_p-20,holdout_common,lookahead,20,dataset,0.0,0.0,0.0,0,20
family-interaction_mixture-0.25_n-800_p-20,holdout_refined,lookahead,20,dataset,0.0,0.0,0.0,0,20
family-interaction_mixture-0.25_n-800_p-20,holdout_selected,lookahead,20,dataset,-0.0002616666666666656,-0.0008093412942368255,0.0002860079609034944,0,19
family-interaction_mixture-0.25_n-800_p-20,lookahead,lookahead,20,dataset,0.0,0.0,0.0,0,20
family-interaction_mixture-0.25_n-800_p-20,node_vote,lookahead,20,dataset,0.0,0.0,0.0,0,20
family-interaction_mixture-0.25_n-800_p-20,relative_bootstrap,lookahead,20,dataset,0.0,0.0,0.0,0,20
family-interaction_mixture-0.25_n-800_p-20,relative_random_bootstrap,lookahead,20,dataset,0.0,0.0,0.0,0,20
family-interaction_mixture-0.25_n-800_p-20,relative_random_subsample,lookahead,20,dataset,0.0,0.0,0.0,0,20
family-interaction_mixture-0.25_n-800_p-20,relative_subsample,lookahead,20,dataset,0.0,0.0,0.0,0,20
family-interaction_mixture-0.25_n-800_p-20,weighted_bootstrap,lookahead,20,dataset,0.0,0.0,0.0,0,20
family-interaction_mixture-0.25_n-800_p-20,weighted_subsample,lookahead,20,dataset,0.0,0.0,0.0,0,20
family-interaction_mixture-1.0_n-200_p-20,aloof,cart_strong,20,dataset,0.0,0.0,0.0,0,20
family-interaction_mixture-1.0_n-200_p-20,cart,cart_strong,20,dataset,0.0,0.0,0.0,0,20
family-interaction_mixture-1.0_n-200_p-20,cart_strong,cart_strong,20,dataset,0.0,0.0,0.0,0,20
family-interaction_mixture-1.0_n-200_p-20,cart_tuned,cart_strong,20,dataset,0.0,0.0,0.0,0,20
family-interaction_mixture-1.0_n-200_p-20,error_greedy,cart_strong,20,dataset,0.0,0.0,0.0,0,20
family-interaction_mixture-1.0_n-200_p-20,fixed_keep_single_class,cart_strong,20,dataset,0.0,0.0,0.0,0,20
family-interaction_mixture-1.0_n-200_p-20,fixed_original,cart_strong,20,dataset,0.0,0.0,0.0,0,20
family-interaction_mixture-1.0_n-200_p-20,fixed_random_ties,cart_strong,20,dataset,0.0,0.0,0.0,0,20
family-interaction_mixture-1.0_n-200_p-20,fixed_refined,cart_strong,20,dataset,0.0,0.0,0.0,0,20
family-interaction_mixture-1.0_n-200_p-20,frequency_bootstrap,cart_strong,20,dataset,0.0,0.0,0.0,0,20
family-interaction_mixture-1.0_n-200_p-20,frequency_subsample,cart_strong,20,dataset,0.0,0.0,0.0,0,20
family-interaction_mixture-1.0_n-200_p-20,holdout_common,cart_strong,20,dataset,0.0,0.0,0.0,0,20
family-interaction_mixture-1.0_n-200_p-20,holdout_refined,cart_strong,20,dataset,0.0,0.0,0.0,0,20
family-interaction_mixture-1.0_n-200_p-20,holdout_selected,cart_strong,20,dataset,0.0,0.0,0.0,0,20
family-interaction_mixture-1.0_n-200_p-20,lookahead,cart_strong,20,dataset,0.0,0.0,0.0,0,20
family-interaction_mixture-1.0_n-200_p-20,node_vote,cart_strong,20,dataset,0.0,0.0,0.0,0,20
family-interaction_mixture-1.0_n-200_p-20,relative_bootstrap,cart_strong,20,dataset,0.0,0.0,0.0,0,20
family-interaction_mixture-1.0_n-200_p-20,relative_random_bootstrap,cart_strong,20,dataset,0.0,0.0,0.0,0,20
family-interaction_mixture-1.0_n-200_p-20,relative_random_subsample,cart_strong,20,dataset,0.0,0.0,0.0,0,20
family-interaction_mixture-1.0_n-200_p-20,relative_subsample,cart_strong,20,dataset,0.0,0.0,0.0,0,20
family-interaction_mixture-1.0_n-200_p-20,weighted_bootstrap,cart_strong,20,dataset,0.0,0.0,0.0,0,20
family-interaction_mixture-1.0_n-200_p-20,weighted_subsample,cart_strong,20,dataset,0.0,0.0,0.0,0,20
family-interaction_mixture-1.0_n-200_p-20,aloof,cart_tuned,20,dataset,0.0,0.0,0.0,0,20
family-interaction_mixture-1.0_n-200_p-20,cart,cart_tuned,20,dataset,0.0,0.0,0.0,0,20
family-interaction_mixture-1.0_n-200_p-20,cart_strong,cart_tuned,20,dataset,0.0,0.0,0.0,0,20
family-interaction_mixture-1.0_n-200_p-20,cart_tuned,cart_tuned,20,dataset,0.0,0.0,0.0,0,20
family-interaction_mixture-1.0_n-200_p-20,error_greedy,cart_tuned,20,dataset,0.0,0.0,0.0,0,20
family-interaction_mixture-1.0_n-200_p-20,fixed_keep_single_class,cart_tuned,20,dataset,0.0,0.0,0.0,0,20
family-interaction_mixture-1.0_n-200_p-20,fixed_original,cart_tuned,20,dataset,0.0,0.0,0.0,0,20
family-interaction_mixture-1.0_n-200_p-20,fixed_random_ties,cart_tuned,20,dataset,0.0,0.0,0.0,0,20
family-interaction_mixture-1.0_n-200_p-20,fixed_refined,cart_tuned,20,dataset,0.0,0.0,0.0,0,20
family-interaction_mixture-1.0_n-200_p-20,frequency_bootstrap,cart_tuned,20,dataset,0.0,0.0,0.0,0,20
family-interaction_mixture-1.0_n-200_p-20,frequency_subsample,cart_tuned,20,dataset,0.0,0.0,0.0,0,20
family-interaction_mixture-1.0_n-200_p-20,holdout_common,cart_tuned,20,dataset,0.0,0.0,0.0,0,20
family-interaction_mixture-1.0_n-200_p-20,holdout_refined,cart_tuned,20,dataset,0.0,0.0,0.0,0,20
family-interaction_mixture-1.0_n-200_p-20,holdout_selected,cart_tuned,20,dataset,0.0,0.0,0.0,0,20
family-interaction_mixture-1.0_n-200_p-20,lookahead,cart_tuned,20,dataset,0.0,0.0,0.0,0,20
family-interaction_mixture-1.0_n-200_p-20,node_vote,cart_tuned,20,dataset,0.0,0.0,0.0,0,20
family-interaction_mixture-1.0_n-200_p-20,relative_bootstrap,cart_tuned,20,dataset,0.0,0.0,0.0,0,20
family-interaction_mixture-1.0_n-200_p-20,relative_random_bootstrap,cart_tuned,20,dataset,0.0,0.0,0.0,0,20
family-interaction_mixture-1.0_n-200_p-20,relative_random_subsample,cart_tuned,20,dataset,0.0,0.0,0.0,0,20
family-interaction_mixture-1.0_n-200_p-20,relative_subsample,cart_tuned,20,dataset,0.0,0.0,0.0,0,20
family-interaction_mixture-1.0_n-200_p-20,weighted_bootstrap,cart_tuned,20,dataset,0.0,0.0,0.0,0,20
family-interaction_mixture-1.0_n-200_p-20,weighted_subsample,cart_tuned,20,dataset,0.0,0.0,0.0,0,20
family-interaction_mixture-1.0_n-200_p-20,aloof,aloof,20,dataset,0.0,0.0,0.0,0,20
family-interaction_mixture-1.0_n-200_p-20,cart,aloof,20,dataset,0.0,0.0,0.0,0,20
family-interaction_mixture-1.0_n-200_p-20,cart_strong,aloof,20,dataset,0.0,0.0,0.0,0,20
family-interaction_mixture-1.0_n-200_p-20,cart_tuned,aloof,20,dataset,0.0,0.0,0.0,0,20
family-interaction_mixture-1.0_n-200_p-20,error_greedy,aloof,20,dataset,0.0,0.0,0.0,0,20
family-interaction_mixture-1.0_n-200_p-20,fixed_keep_single_class,aloof,20,dataset,0.0,0.0,0.0,0,20
family-interaction_mixture-1.0_n-200_p-20,fixed_original,aloof,20,dataset,0.0,0.0,0.0,0,20
family-interaction_mixture-1.0_n-200_p-20,fixed_random_ties,aloof,20,dataset,0.0,0.0,0.0,0,20
family-interaction_mixture-1.0_n-200_p-20,fixed_refined,aloof,20,dataset,0.0,0.0,0.0,0,20
family-interaction_mixture-1.0_n-200_p-20,frequency_bootstrap,aloof,20,dataset,0.0,0.0,0.0,0,20
family-interaction_mixture-1.0_n-200_p-20,frequency_subsample,aloof,20,dataset,0.0,0.0,0.0,0,20
family-interaction_mixture-1.0_n-200_p-20,holdout_common,aloof,20,dataset,0.0,0.0,0.0,0,20
family-interaction_mixture-1.0_n-200_p-20,holdout_refined,aloof,20,dataset,0.0,0.0,0.0,0,20
family-interaction_mixture-1.0_n-200_p-20,holdout_selected,aloof,20,dataset,0.0,0.0,0.0,0,20
family-interaction_mixture-1.0_n-200_p-20,lookahead,aloof,20,dataset,0.0,0.0,0.0,0,20
family-interaction_mixture-1.0_n-200_p-20,node_vote,aloof,20,dataset,0.0,0.0,0.0,0,20
family-interaction_mixture-1.0_n-200_p-20,relative_bootstrap,aloof,20,dataset,0.0,0.0,0.0,0,20
family-interaction_mixture-1.0_n-200_p-20,relative_random_bootstrap,aloof,20,dataset,0.0,0.0,0.0,0,20
family-interaction_mixture-1.0_n-200_p-20,relative_random_subsample,aloof,20,dataset,0.0,0.0,0.0,0,20
family-interaction_mixture-1.0_n-200_p-20,relative_subsample,aloof,20,dataset,0.0,0.0,0.0,0,20
family-interaction_mixture-1.0_n-200_p-20,weighted_bootstrap,aloof,20,dataset,0.0,0.0,0.0,0,20
family-interaction_mixture-1.0_n-200_p-20,weighted_subsample,aloof,20,dataset,0.0,0.0,0.0,0,20
family-interaction_mixture-1.0_n-200_p-20,aloof,node_vote,20,dataset,0.0,0.0,0.0,0,20
family-interaction_mixture-1.0_n-200_p-20,cart,node_vote,20,dataset,0.0,0.0,0.0,0,20
family-interaction_mixture-1.0_n-200_p-20,cart_strong,node_vote,20,dataset,0.0,0.0,0.0,0,20
family-interaction_mixture-1.0_n-200_p-20,cart_tuned,node_vote,20,dataset,0.0,0.0,0.0,0,20
family-interaction_mixture-1.0_n-200_p-20,error_greedy,node_vote,20,dataset,0.0,0.0,0.0,0,20
family-interaction_mixture-1.0_n-200_p-20,fixed_keep_single_class,node_vote,20,dataset,0.0,0.0,0.0,0,20
family-interaction_mixture-1.0_n-200_p-20,fixed_original,node_vote,20,dataset,0.0,0.0,0.0,0,20
family-interaction_mixture-1.0_n-200_p-20,fixed_random_ties,node_vote,20,dataset,0.0,0.0,0.0,0,20
family-interaction_mixture-1.0_n-200_p-20,fixed_refined,node_vote,20,dataset,0.0,0.0,0.0,0,20
family-interaction_mixture-1.0_n-200_p-20,frequency_bootstrap,node_vote,20,dataset,0.0,0.0,0.0,0,20
family-interaction_mixture-1.0_n-200_p-20,frequency_subsample,node_vote,20,dataset,0.0,0.0,0.0,0,20
family-interaction_mixture-1.0_n-200_p-20,holdout_common,node_vote,20,dataset,0.0,0.0,0.0,0,20
family-interaction_mixture-1.0_n-200_p-20,holdout_refined,node_vote,20,dataset,0.0,0.0,0.0,0,20
family-interaction_mixture-1.0_n-200_p-20,holdout_selected,node_vote,20,dataset,0.0,0.0,0.0,0,20
family-interaction_mixture-1.0_n-200_p-20,lookahead,node_vote,20,dataset,0.0,0.0,0.0,0,20
family-interaction_mixture-1.0_n-200_p-20,node_vote,node_vote,20,dataset,0.0,0.0,0.0,0,20
family-interaction_mixture-1.0_n-200_p-20,relative_bootstrap,node_vote,20,dataset,0.0,0.0,0.0,0,20
family-interaction_mixture-1.0_n-200_p-20,relative_random_bootstrap,node_vote,20,dataset,0.0,0.0,0.0,0,20
family-interaction_mixture-1.0_n-200_p-20,relative_random_subsample,node_vote,20,dataset,0.0,0.0,0.0,0,20
family-interaction_mixture-1.0_n-200_p-20,relative_subsample,node_vote,20,dataset,0.0,0.0,0.0,0,20
family-interaction_mixture-1.0_n-200_p-20,weighted_bootstrap,node_vote,20,dataset,0.0,0.0,0.0,0,20
family-interaction_mixture-1.0_n-200_p-20,weighted_subsample,node_vote,20,dataset,0.0,0.0,0.0,0,20
family-interaction_mixture-1.0_n-200_p-20,aloof,lookahead,20,dataset,0.0,0.0,0.0,0,20
family-interaction_mixture-1.0_n-200_p-20,cart,lookahead,20,dataset,0.0,0.0,0.0,0,20
family-interaction_mixture-1.0_n-200_p-20,cart_strong,lookahead,20,dataset,0.0,0.0,0.0,0,20
family-interaction_mixture-1.0_n-200_p-20,cart_tuned,lookahead,20,dataset,0.0,0.0,0.0,0,20
family-interaction_mixture-1.0_n-200_p-20,error_greedy,lookahead,20,dataset,0.0,0.0,0.0,0,20
family-interaction_mixture-1.0_n-200_p-20,fixed_keep_single_class,lookahead,20,dataset,0.0,0.0,0.0,0,20
family-interaction_mixture-1.0_n-200_p-20,fixed_original,lookahead,20,dataset,0.0,0.0,0.0,0,20
family-interaction_mixture-1.0_n-200_p-20,fixed_random_ties,lookahead,20,dataset,0.0,0.0,0.0,0,20
family-interaction_mixture-1.0_n-200_p-20,fixed_refined,lookahead,20,dataset,0.0,0.0,0.0,0,20
family-interaction_mixture-1.0_n-200_p-20,frequency_bootstrap,lookahead,20,dataset,0.0,0.0,0.0,0,20
family-interaction_mixture-1.0_n-200_p-20,frequency_subsample,lookahead,20,dataset,0.0,0.0,0.0,0,20
family-interaction_mixture-1.0_n-200_p-20,holdout_common,lookahead,20,dataset,0.0,0.0,0.0,0,20
family-interaction_mixture-1.0_n-200_p-20,holdout_refined,lookahead,20,dataset,0.0,0.0,0.0,0,20
family-interaction_mixture-1.0_n-200_p-20,holdout_selected,lookahead,20,dataset,0.0,0.0,0.0,0,20
family-interaction_mixture-1.0_n-200_p-20,lookahead,lookahead,20,dataset,0.0,0.0,0.0,0,20
family-interaction_mixture-1.0_n-200_p-20,node_vote,lookahead,20,dataset,0.0,0.0,0.0,0,20
family-interaction_mixture-1.0_n-200_p-20,relative_bootstrap,lookahead,20,dataset,0.0,0.0,0.0,0,20
family-interaction_mixture-1.0_n-200_p-20,relative_random_bootstrap,lookahead,20,dataset,0.0,0.0,0.0,0,20
family-interaction_mixture-1.0_n-200_p-20,relative_random_subsample,lookahead,20,dataset,0.0,0.0,0.0,0,20
family-interaction_mixture-1.0_n-200_p-20,relative_subsample,lookahead,20,dataset,0.0,0.0,0.0,0,20
family-interaction_mixture-1.0_n-200_p-20,weighted_bootstrap,lookahead,20,dataset,0.0,0.0,0.0,0,20
family-interaction_mixture-1.0_n-200_p-20,weighted_subsample,lookahead,20,dataset,0.0,0.0,0.0,0,20
family-interaction_mixture-1.0_n-800_p-20,aloof,cart_strong,20,dataset,0.0,0.0,0.0,0,20
family-interaction_mixture-1.0_n-800_p-20,cart,cart_strong,20,dataset,0.0,0.0,0.0,0,20
family-interaction_mixture-1.0_n-800_p-20,cart_strong,cart_strong,20,dataset,0.0,0.0,0.0,0,20
family-interaction_mixture-1.0_n-800_p-20,cart_tuned,cart_strong,20,dataset,0.0,0.0,0.0,0,20
family-interaction_mixture-1.0_n-800_p-20,error_greedy,cart_strong,20,dataset,0.0,0.0,0.0,0,20
family-interaction_mixture-1.0_n-800_p-20,fixed_keep_single_class,cart_strong,20,dataset,0.0,0.0,0.0,0,20
family-interaction_mixture-1.0_n-800_p-20,fixed_original,cart_strong,20,dataset,0.0,0.0,0.0,0,20
family-interaction_mixture-1.0_n-800_p-20,fixed_random_ties,cart_strong,20,dataset,0.0,0.0,0.0,0,20
family-interaction_mixture-1.0_n-800_p-20,fixed_refined,cart_strong,20,dataset,0.0,0.0,0.0,0,20
family-interaction_mixture-1.0_n-800_p-20,frequency_bootstrap,cart_strong,20,dataset,0.0,0.0,0.0,0,20
family-interaction_mixture-1.0_n-800_p-20,frequency_subsample,cart_strong,20,dataset,0.0,0.0,0.0,0,20
family-interaction_mixture-1.0_n-800_p-20,holdout_common,cart_strong,20,dataset,0.0,0.0,0.0,0,20
family-interaction_mixture-1.0_n-800_p-20,holdout_refined,cart_strong,20,dataset,0.0,0.0,0.0,0,20
family-interaction_mixture-1.0_n-800_p-20,holdout_selected,cart_strong,20,dataset,0.0,0.0,0.0,0,20
family-interaction_mixture-1.0_n-800_p-20,lookahead,cart_strong,20,dataset,0.0,0.0,0.0,0,20
family-interaction_mixture-1.0_n-800_p-20,node_vote,cart_strong,20,dataset,0.0,0.0,0.0,0,20
family-interaction_mixture-1.0_n-800_p-20,relative_bootstrap,cart_strong,20,dataset,0.0,0.0,0.0,0,20
family-interaction_mixture-1.0_n-800_p-20,relative_random_bootstrap,cart_strong,20,dataset,0.0,0.0,0.0,0,20
family-interaction_mixture-1.0_n-800_p-20,relative_random_subsample,cart_strong,20,dataset,0.0,0.0,0.0,0,20
family-interaction_mixture-1.0_n-800_p-20,relative_subsample,cart_strong,20,dataset,0.0,0.0,0.0,0,20
family-interaction_mixture-1.0_n-800_p-20,weighted_bootstrap,cart_strong,20,dataset,0.0,0.0,0.0,0,20
family-interaction_mixture-1.0_n-800_p-20,weighted_subsample,cart_strong,20,dataset,0.0,0.0,0.0,0,20
family-interaction_mixture-1.0_n-800_p-20,aloof,cart_tuned,20,dataset,0.0,0.0,0.0,0,20
family-interaction_mixture-1.0_n-800_p-20,cart,cart_tuned,20,dataset,0.0,0.0,0.0,0,20
family-interaction_mixture-1.0_n-800_p-20,cart_strong,cart_tuned,20,dataset,0.0,0.0,0.0,0,20
family-interaction_mixture-1.0_n-800_p-20,cart_tuned,cart_tuned,20,dataset,0.0,0.0,0.0,0,20
family-interaction_mixture-1.0_n-800_p-20,error_greedy,cart_tuned,20,dataset,0.0,0.0,0.0,0,20
family-interaction_mixture-1.0_n-800_p-20,fixed_keep_single_class,cart_tuned,20,dataset,0.0,0.0,0.0,0,20
family-interaction_mixture-1.0_n-800_p-20,fixed_original,cart_tuned,20,dataset,0.0,0.0,0.0,0,20
family-interaction_mixture-1.0_n-800_p-20,fixed_random_ties,cart_tuned,20,dataset,0.0,0.0,0.0,0,20
family-interaction_mixture-1.0_n-800_p-20,fixed_refined,cart_tuned,20,dataset,0.0,0.0,0.0,0,20
family-interaction_mixture-1.0_n-800_p-20,frequency_bootstrap,cart_tuned,20,dataset,0.0,0.0,0.0,0,20
family-interaction_mixture-1.0_n-800_p-20,frequency_subsample,cart_tuned,20,dataset,0.0,0.0,0.0,0,20
family-interaction_mixture-1.0_n-800_p-20,holdout_common,cart_tuned,20,dataset,0.0,0.0,0.0,0,20
family-interaction_mixture-1.0_n-800_p-20,holdout_refined,cart_tuned,20,dataset,0.0,0.0,0.0,0,20
family-interaction_mixture-1.0_n-800_p-20,holdout_selected,cart_tuned,20,dataset,0.0,0.0,0.0,0,20
family-interaction_mixture-1.0_n-800_p-20,lookahead,cart_tuned,20,dataset,0.0,0.0,0.0,0,20
family-interaction_mixture-1.0_n-800_p-20,node_vote,cart_tuned,20,dataset,0.0,0.0,0.0,0,20
family-interaction_mixture-1.0_n-800_p-20,relative_bootstrap,cart_tuned,20,dataset,0.0,0.0,0.0,0,20
family-interaction_mixture-1.0_n-800_p-20,relative_random_bootstrap,cart_tuned,20,dataset,0.0,0.0,0.0,0,20
family-interaction_mixture-1.0_n-800_p-20,relative_random_subsample,cart_tuned,20,dataset,0.0,0.0,0.0,0,20
family-interaction_mixture-1.0_n-800_p-20,relative_subsample,cart_tuned,20,dataset,0.0,0.0,0.0,0,20
family-interaction_mixture-1.0_n-800_p-20,weighted_bootstrap,cart_tuned,20,dataset,0.0,0.0,0.0,0,20
family-interaction_mixture-1.0_n-800_p-20,weighted_subsample,cart_tuned,20,dataset,0.0,0.0,0.0,0,20
family-interaction_mixture-1.0_n-800_p-20,aloof,aloof,20,dataset,0.0,0.0,0.0,0,20
family-interaction_mixture-1.0_n-800_p-20,cart,aloof,20,dataset,0.0,0.0,0.0,0,20
family-interaction_mixture-1.0_n-800_p-20,cart_strong,aloof,20,dataset,0.0,0.0,0.0,0,20
family-interaction_mixture-1.0_n-800_p-20,cart_tuned,aloof,20,dataset,0.0,0.0,0.0,0,20
family-interaction_mixture-1.0_n-800_p-20,error_greedy,aloof,20,dataset,0.0,0.0,0.0,0,20
family-interaction_mixture-1.0_n-800_p-20,fixed_keep_single_class,aloof,20,dataset,0.0,0.0,0.0,0,20
family-interaction_mixture-1.0_n-800_p-20,fixed_original,aloof,20,dataset,0.0,0.0,0.0,0,20
family-interaction_mixture-1.0_n-800_p-20,fixed_random_ties,aloof,20,dataset,0.0,0.0,0.0,0,20
family-interaction_mixture-1.0_n-800_p-20,fixed_refined,aloof,20,dataset,0.0,0.0,0.0,0,20
family-interaction_mixture-1.0_n-800_p-20,frequency_bootstrap,aloof,20,dataset,0.0,0.0,0.0,0,20
family-interaction_mixture-1.0_n-800_p-20,frequency_subsample,aloof,20,dataset,0.0,0.0,0.0,0,20
family-interaction_mixture-1.0_n-800_p-20,holdout_common,aloof,20,dataset,0.0,0.0,0.0,0,20
family-interaction_mixture-1.0_n-800_p-20,holdout_refined,aloof,20,dataset,0.0,0.0,0.0,0,20
family-interaction_mixture-1.0_n-800_p-20,holdout_selected,aloof,20,dataset,0.0,0.0,0.0,0,20
family-interaction_mixture-1.0_n-800_p-20,lookahead,aloof,20,dataset,0.0,0.0,0.0,0,20
family-interaction_mixture-1.0_n-800_p-20,node_vote,aloof,20,dataset,0.0,0.0,0.0,0,20
family-interaction_mixture-1.0_n-800_p-20,relative_bootstrap,aloof,20,dataset,0.0,0.0,0.0,0,20
family-interaction_mixture-1.0_n-800_p-20,relative_random_bootstrap,aloof,20,dataset,0.0,0.0,0.0,0,20
family-interaction_mixture-1.0_n-800_p-20,relative_random_subsample,aloof,20,dataset,0.0,0.0,0.0,0,20
family-interaction_mixture-1.0_n-800_p-20,relative_subsample,aloof,20,dataset,0.0,0.0,0.0,0,20
family-interaction_mixture-1.0_n-800_p-20,weighted_bootstrap,aloof,20,dataset,0.0,0.0,0.0,0,20
family-interaction_mixture-1.0_n-800_p-20,weighted_subsample,aloof,20,dataset,0.0,0.0,0.0,0,20
family-interaction_mixture-1.0_n-800_p-20,aloof,node_vote,20,dataset,0.0,0.0,0.0,0,20
family-interaction_mixture-1.0_n-800_p-20,cart,node_vote,20,dataset,0.0,0.0,0.0,0,20
family-interaction_mixture-1.0_n-800_p-20,cart_strong,node_vote,20,dataset,0.0,0.0,0.0,0,20
family-interaction_mixture-1.0_n-800_p-20,cart_tuned,node_vote,20,dataset,0.0,0.0,0.0,0,20
family-interaction_mixture-1.0_n-800_p-20,error_greedy,node_vote,20,dataset,0.0,0.0,0.0,0,20
family-interaction_mixture-1.0_n-800_p-20,fixed_keep_single_class,node_vote,20,dataset,0.0,0.0,0.0,0,20
family-interaction_mixture-1.0_n-800_p-20,fixed_original,node_vote,20,dataset,0.0,0.0,0.0,0,20
family-interaction_mixture-1.0_n-800_p-20,fixed_random_ties,node_vote,20,dataset,0.0,0.0,0.0,0,20
family-interaction_mixture-1.0_n-800_p-20,fixed_refined,node_vote,20,dataset,0.0,0.0,0.0,0,20
family-interaction_mixture-1.0_n-800_p-20,frequency_bootstrap,node_vote,20,dataset,0.0,0.0,0.0,0,20
family-interaction_mixture-1.0_n-800_p-20,frequency_subsample,node_vote,20,dataset,0.0,0.0,0.0,0,20
family-interaction_mixture-1.0_n-800_p-20,holdout_common,node_vote,20,dataset,0.0,0.0,0.0,0,20
family-interaction_mixture-1.0_n-800_p-20,holdout_refined,node_vote,20,dataset,0.0,0.0,0.0,0,20
family-interaction_mixture-1.0_n-800_p-20,holdout_selected,node_vote,20,dataset,0.0,0.0,0.0,0,20
family-interaction_mixture-1.0_n-800_p-20,lookahead,node_vote,20,dataset,0.0,0.0,0.0,0,20
family-interaction_mixture-1.0_n-800_p-20,node_vote,node_vote,20,dataset,0.0,0.0,0.0,0,20
family-interaction_mixture-1.0_n-800_p-20,relative_bootstrap,node_vote,20,dataset,0.0,0.0,0.0,0,20
family-interaction_mixture-1.0_n-800_p-20,relative_random_bootstrap,node_vote,20,dataset,0.0,0.0,0.0,0,20
family-interaction_mixture-1.0_n-800_p-20,relative_random_subsample,node_vote,20,dataset,0.0,0.0,0.0,0,20
family-interaction_mixture-1.0_n-800_p-20,relative_subsample,node_vote,20,dataset,0.0,0.0,0.0,0,20
family-interaction_mixture-1.0_n-800_p-20,weighted_bootstrap,node_vote,20,dataset,0.0,0.0,0.0,0,20
family-interaction_mixture-1.0_n-800_p-20,weighted_subsample,node_vote,20,dataset,0.0,0.0,0.0,0,20
family-interaction_mixture-1.0_n-800_p-20,aloof,lookahead,20,dataset,0.0,0.0,0.0,0,20
family-interaction_mixture-1.0_n-800_p-20,cart,lookahead,20,dataset,0.0,0.0,0.0,0,20
family-interaction_mixture-1.0_n-800_p-20,cart_strong,lookahead,20,dataset,0.0,0.0,0.0,0,20
family-interaction_mixture-1.0_n-800_p-20,cart_tuned,lookahead,20,dataset,0.0,0.0,0.0,0,20
family-interaction_mixture-1.0_n-800_p-20,error_greedy,lookahead,20,dataset,0.0,0.0,0.0,0,20
family-interaction_mixture-1.0_n-800_p-20,fixed_keep_single_class,lookahead,20,dataset,0.0,0.0,0.0,0,20
family-interaction_mixture-1.0_n-800_p-20,fixed_original,lookahead,20,dataset,0.0,0.0,0.0,0,20
family-interaction_mixture-1.0_n-800_p-20,fixed_random_ties,lookahead,20,dataset,0.0,0.0,0.0,0,20
family-interaction_mixture-1.0_n-800_p-20,fixed_refined,lookahead,20,dataset,0.0,0.0,0.0,0,20
family-interaction_mixture-1.0_n-800_p-20,frequency_bootstrap,lookahead,20,dataset,0.0,0.0,0.0,0,20
family-interaction_mixture-1.0_n-800_p-20,frequency_subsample,lookahead,20,dataset,0.0,0.0,0.0,0,20
family-interaction_mixture-1.0_n-800_p-20,holdout_common,lookahead,20,dataset,0.0,0.0,0.0,0,20
family-interaction_mixture-1.0_n-800_p-20,holdout_refined,lookahead,20,dataset,0.0,0.0,0.0,0,20
family-interaction_mixture-1.0_n-800_p-20,holdout_selected,lookahead,20,dataset,0.0,0.0,0.0,0,20
family-interaction_mixture-1.0_n-800_p-20,lookahead,lookahead,20,dataset,0.0,0.0,0.0,0,20
family-interaction_mixture-1.0_n-800_p-20,node_vote,lookahead,20,dataset,0.0,0.0,0.0,0,20
family-interaction_mixture-1.0_n-800_p-20,relative_bootstrap,lookahead,20,dataset,0.0,0.0,0.0,0,20
family-interaction_mixture-1.0_n-800_p-20,relative_random_bootstrap,lookahead,20,dataset,0.0,0.0,0.0,0,20
family-interaction_mixture-1.0_n-800_p-20,relative_random_subsample,lookahead,20,dataset,0.0,0.0,0.0,0,20
family-interaction_mixture-1.0_n-800_p-20,relative_subsample,lookahead,20,dataset,0.0,0.0,0.0,0,20
family-interaction_mixture-1.0_n-800_p-20,weighted_bootstrap,lookahead,20,dataset,0.0,0.0,0.0,0,20
family-interaction_mixture-1.0_n-800_p-20,weighted_subsample,lookahead,20,dataset,0.0,0.0,0.0,0,20
family-noise_n-200_noise-0.1_p-2,aloof,cart_strong,20,dataset,0.0002099999999999991,-0.00022953505142573406,0.0006495350514257323,1,19
family-noise_n-200_noise-0.1_p-2,cart,cart_strong,20,dataset,-0.015805000000000007,-0.025332495093779845,-0.006277504906220168,1,9
family-noise_n-200_noise-0.1_p-2,cart_strong,cart_strong,20,dataset,0.0,0.0,0.0,0,20
family-noise_n-200_noise-0.1_p-2,cart_tuned,cart_strong,20,dataset,0.0002099999999999991,-0.00022953505142573406,0.0006495350514257323,1,19
family-noise_n-200_noise-0.1_p-2,error_greedy,cart_strong,20,dataset,0.0002099999999999991,-0.00022953505142573406,0.0006495350514257323,1,19
family-noise_n-200_noise-0.1_p-2,fixed_keep_single_class,cart_strong,20,dataset,-0.0033799999999999998,-0.007665029085133338,0.0009050290851333382,1,16
family-noise_n-200_noise-0.1_p-2,fixed_original,cart_strong,20,dataset,-0.006819999999999998,-0.01460128038071918,0.0009612803807191829,1,15
family-noise_n-200_noise-0.1_p-2,fixed_random_ties,cart_strong,20,dataset,-0.00027999999999999694,-0.001416863887500067,0.0008568638875000729,1,18
family-noise_n-200_noise-0.1_p-2,fixed_refined,cart_strong,20,dataset,-0.007349999999999995,-0.014541128505134292,-0.00015887149486569756,1,13
family-noise_n-200_noise-0.1_p-2,frequency_bootstrap,cart_strong,20,dataset,0.0002099999999999991,-0.00022953505142573406,0.0006495350514257323,1,19
family-noise_n-200_noise-0.1_p-2,frequency_subsample,cart_strong,20,dataset,0.0002099999999999991,-0.00022953505142573406,0.0006495350514257323,1,19
family-noise_n-200_noise-0.1_p-2,holdout_common,cart_strong,20,dataset,0.0002099999999999991,-0.00022953505142573406,0.0006495350514257323,1,19
family-noise_n-200_noise-0.1_p-2,holdout_refined,cart_strong,20,dataset,0.0002099999999999991,-0.00022953505142573406,0.0006495350514257323,1,19
family-noise_n-200_noise-0.1_p-2,holdout_selected,cart_strong,20,dataset,0.0002099999999999991,-0.00022953505142573406,0.0006495350514257323,1,19
family-noise_n-200_noise-0.1_p-2,node_vote,cart_strong,20,dataset,0.0002099999999999991,-0.00022953505142573406,0.0006495350514257323,1,19
family-noise_n-200_noise-0.1_p-2,relative_bootstrap,cart_strong,20,dataset,0.0002099999999999991,-0.00022953505142573406,0.0006495350514257323,1,19
family-noise_n-200_noise-0.1_p-2,relative_random_bootstrap,cart_strong,20,dataset,0.0002099999999999991,-0.00022953505142573406,0.0006495350514257323,1,19
family-noise_n-200_noise-0.1_p-2,relative_random_subsample,cart_strong,20,dataset,0.0002099999999999991,-0.00022953505142573406,0.0006495350514257323,1,19
family-noise_n-200_noise-0.1_p-2,relative_subsample,cart_strong,20,dataset,0.0002099999999999991,-0.00022953505142573406,0.0006495350514257323,1,19
family-noise_n-200_noise-0.1_p-2,weighted_bootstrap,cart_strong,20,dataset,0.0002099999999999991,-0.00022953505142573406,0.0006495350514257323,1,19
family-noise_n-200_noise-0.1_p-2,weighted_subsample,cart_strong,20,dataset,0.0002099999999999991,-0.00022953505142573406,0.0006495350514257323,1,19
family-noise_n-200_noise-0.1_p-2,aloof,cart_tuned,20,dataset,0.0,0.0,0.0,0,20
family-noise_n-200_noise-0.1_p-2,cart,cart_tuned,20,dataset,-0.01601500000000001,-0.025450524211179253,-0.0065794757888207635,0,10
family-noise_n-200_noise-0.1_p-2,cart_strong,cart_tuned,20,dataset,-0.0002099999999999991,-0.0006495350514257323,0.00022953505142573406,0,19
family-noise_n-200_noise-0.1_p-2,cart_tuned,cart_tuned,20,dataset,0.0,0.0,0.0,0,20
family-noise_n-200_noise-0.1_p-2,error_greedy,cart_tuned,20,dataset,0.0,0.0,0.0,0,20
family-noise_n-200_noise-0.1_p-2,fixed_keep_single_class,cart_tuned,20,dataset,-0.0035899999999999986,-0.00781144952901895,0.0006314495290189528,0,17
family-noise_n-200_noise-0.1_p-2,fixed_original,cart_tuned,20,dataset,-0.007029999999999997,-0.014754918433209835,0.0006949184332098396,0,16
family-noise_n-200_noise-0.1_p-2,fixed_random_ties,cart_tuned,20,dataset,-0.000489999999999996,-0.0015155817866600364,0.0005355817866600445,0,19
family-noise_n-200_noise-0.1_p-2,fixed_refined,cart_tuned,20,dataset,-0.007559999999999995,-0.01468650304655815,-0.00043349695344184046,0,14
family-noise_n-200_noise-0.1_p-2,frequency_bootstrap,cart_tuned,20,dataset,0.0,0.0,0.0,0,20
family-noise_n-200_noise-0.1_p-2,frequency_subsample,cart_tuned,20,dataset,0.0,0.0,0.0,0,20
family-noise_n-200_noise-0.1_p-2,holdout_common,cart_tuned,20,dataset,0.0,0.0,0.0,0,20
family-noise_n-200_noise-0.1_p-2,holdout_refined,cart_tuned,20,dataset,0.0,0.0,0.0,0,20
family-noise_n-200_noise-0.1_p-2,holdout_selected,cart_tuned,20,dataset,0.0,0.0,0.0,0,20
family-noise_n-200_noise-0.1_p-2,node_vote,cart_tuned,20,dataset,0.0,0.0,0.0,0,20
family-noise_n-200_noise-0.1_p-2,relative_bootstrap,cart_tuned,20,dataset,0.0,0.0,0.0,0,20
family-noise_n-200_noise-0.1_p-2,relative_random_bootstrap,cart_tuned,20,dataset,0.0,0.0,0.0,0,20
family-noise_n-200_noise-0.1_p-2,relative_random_subsample,cart_tuned,20,dataset,0.0,0.0,0.0,0,20
family-noise_n-200_noise-0.1_p-2,relative_subsample,cart_tuned,20,dataset,0.0,0.0,0.0,0,20
family-noise_n-200_noise-0.1_p-2,weighted_bootstrap,cart_tuned,20,dataset,0.0,0.0,0.0,0,20
family-noise_n-200_noise-0.1_p-2,weighted_subsample,cart_tuned,20,dataset,0.0,0.0,0.0,0,20
family-noise_n-200_noise-0.1_p-2,aloof,aloof,20,dataset,0.0,0.0,0.0,0,20
family-noise_n-200_noise-0.1_p-2,cart,aloof,20,dataset,-0.01601500000000001,-0.025450524211179253,-0.0065794757888207635,0,10
family-noise_n-200_noise-0.1_p-2,cart_strong,aloof,20,dataset,-0.0002099999999999991,-0.0006495350514257323,0.00022953505142573406,0,19
family-noise_n-200_noise-0.1_p-2,cart_tuned,aloof,20,dataset,0.0,0.0,0.0,0,20
family-noise_n-200_noise-0.1_p-2,error_greedy,aloof,20,dataset,0.0,0.0,0.0,0,20
family-noise_n-200_noise-0.1_p-2,fixed_keep_single_class,aloof,20,dataset,-0.0035899999999999986,-0.00781144952901895,0.0006314495290189528,0,17
family-noise_n-200_noise-0.1_p-2,fixed_original,aloof,20,dataset,-0.007029999999999997,-0.014754918433209835,0.0006949184332098396,0,16
family-noise_n-200_noise-0.1_p-2,fixed_random_ties,aloof,20,dataset,-0.000489999999999996,-0.0015155817866600364,0.0005355817866600445,0,19
family-noise_n-200_noise-0.1_p-2,fixed_refined,aloof,20,dataset,-0.007559999999999995,-0.01468650304655815,-0.00043349695344184046,0,14
family-noise_n-200_noise-0.1_p-2,frequency_bootstrap,aloof,20,dataset,0.0,0.0,0.0,0,20
family-noise_n-200_noise-0.1_p-2,frequency_subsample,aloof,20,dataset,0.0,0.0,0.0,0,20
family-noise_n-200_noise-0.1_p-2,holdout_common,aloof,20,dataset,0.0,0.0,0.0,0,20
family-noise_n-200_noise-0.1_p-2,holdout_refined,aloof,20,dataset,0.0,0.0,0.0,0,20
family-noise_n-200_noise-0.1_p-2,holdout_selected,aloof,20,dataset,0.0,0.0,0.0,0,20
family-noise_n-200_noise-0.1_p-2,node_vote,aloof,20,dataset,0.0,0.0,0.0,0,20
family-noise_n-200_noise-0.1_p-2,relative_bootstrap,aloof,20,dataset,0.0,0.0,0.0,0,20
family-noise_n-200_noise-0.1_p-2,relative_random_bootstrap,aloof,20,dataset,0.0,0.0,0.0,0,20
family-noise_n-200_noise-0.1_p-2,relative_random_subsample,aloof,20,dataset,0.0,0.0,0.0,0,20
family-noise_n-200_noise-0.1_p-2,relative_subsample,aloof,20,dataset,0.0,0.0,0.0,0,20
family-noise_n-200_noise-0.1_p-2,weighted_bootstrap,aloof,20,dataset,0.0,0.0,0.0,0,20
family-noise_n-200_noise-0.1_p-2,weighted_subsample,aloof,20,dataset,0.0,0.0,0.0,0,20
family-noise_n-200_noise-0.1_p-2,aloof,node_vote,20,dataset,0.0,0.0,0.0,0,20
family-noise_n-200_noise-0.1_p-2,cart,node_vote,20,dataset,-0.01601500000000001,-0.025450524211179253,-0.0065794757888207635,0,10
family-noise_n-200_noise-0.1_p-2,cart_strong,node_vote,20,dataset,-0.0002099999999999991,-0.0006495350514257323,0.00022953505142573406,0,19
family-noise_n-200_noise-0.1_p-2,cart_tuned,node_vote,20,dataset,0.0,0.0,0.0,0,20
family-noise_n-200_noise-0.1_p-2,error_greedy,node_vote,20,dataset,0.0,0.0,0.0,0,20
family-noise_n-200_noise-0.1_p-2,fixed_keep_single_class,node_vote,20,dataset,-0.0035899999999999986,-0.00781144952901895,0.0006314495290189528,0,17
family-noise_n-200_noise-0.1_p-2,fixed_original,node_vote,20,dataset,-0.007029999999999997,-0.014754918433209835,0.0006949184332098396,0,16
family-noise_n-200_noise-0.1_p-2,fixed_random_ties,node_vote,20,dataset,-0.000489999999999996,-0.0015155817866600364,0.0005355817866600445,0,19
family-noise_n-200_noise-0.1_p-2,fixed_refined,node_vote,20,dataset,-0.007559999999999995,-0.01468650304655815,-0.00043349695344184046,0,14
family-noise_n-200_noise-0.1_p-2,frequency_bootstrap,node_vote,20,dataset,0.0,0.0,0.0,0,20
family-noise_n-200_noise-0.1_p-2,frequency_subsample,node_vote,20,dataset,0.0,0.0,0.0,0,20
family-noise_n-200_noise-0.1_p-2,holdout_common,node_vote,20,dataset,0.0,0.0,0.0,0,20
family-noise_n-200_noise-0.1_p-2,holdout_refined,node_vote,20,dataset,0.0,0.0,0.0,0,20
family-noise_n-200_noise-0.1_p-2,holdout_selected,node_vote,20,dataset,0.0,0.0,0.0,0,20
family-noise_n-200_noise-0.1_p-2,node_vote,node_vote,20,dataset,0.0,0.0,0.0,0,20
family-noise_n-200_noise-0.1_p-2,relative_bootstrap,node_vote,20,dataset,0.0,0.0,0.0,0,20
family-noise_n-200_noise-0.1_p-2,relative_random_bootstrap,node_vote,20,dataset,0.0,0.0,0.0,0,20
family-noise_n-200_noise-0.1_p-2,relative_random_subsample,node_vote,20,dataset,0.0,0.0,0.0,0,20
family-noise_n-200_noise-0.1_p-2,relative_subsample,node_vote,20,dataset,0.0,0.0,0.0,0,20
family-noise_n-200_noise-0.1_p-2,weighted_bootstrap,node_vote,20,dataset,0.0,0.0,0.0,0,20
family-noise_n-200_noise-0.1_p-2,weighted_subsample,node_vote,20,dataset,0.0,0.0,0.0,0,20
family-noise_n-200_noise-0.1_p-20,aloof,cart_strong,20,dataset,0.0,0.0,0.0,0,20
family-noise_n-200_noise-0.1_p-20,cart,cart_strong,20,dataset,-0.07031499999999999,-0.0913797438378105,-0.04925025616218947,0,1
family-noise_n-200_noise-0.1_p-20,cart_strong,cart_strong,20,dataset,0.0,0.0,0.0,0,20
family-noise_n-200_noise-0.1_p-20,cart_tuned,cart_strong,20,dataset,0.0,0.0,0.0,0,20
family-noise_n-200_noise-0.1_p-20,error_greedy,cart_strong,20,dataset,0.0,0.0,0.0,0,20
family-noise_n-200_noise-0.1_p-20,fixed_keep_single_class,cart_strong,20,dataset,-0.069805,-0.08589087316163432,-0.053719126838365695,0,0
family-noise_n-200_noise-0.1_p-20,fixed_original,cart_strong,20,dataset,-0.06949,-0.08605954617754155,-0.052920453822458434,0,0
family-noise_n-200_noise-0.1_p-20,fixed_random_ties,cart_strong,20,dataset,-0.07271999999999998,-0.09162795639599669,-0.05381204360400326,0,0
family-noise_n-200_noise-0.1_p-20,fixed_refined,cart_strong,20,dataset,-0.06696500000000001,-0.07818168586261046,-0.05574831413738957,0,0
family-noise_n-200_noise-0.1_p-20,frequency_bootstrap,cart_strong,20,dataset,-0.0002649999999999986,-0.0008196513744181853,0.00028965137441818817,0,19
family-noise_n-200_noise-0.1_p-20,frequency_subsample,cart_strong,20,dataset,0.0004400000000000015,-0.0004809305839396373,0.0013609305839396403,1,19
family-noise_n-200_noise-0.1_p-20,holdout_common,cart_strong,20,dataset,0.0004400000000000015,-0.0004809305839396373,0.0013609305839396403,1,19
family-noise_n-200_noise-0.1_p-20,holdout_refined,cart_strong,20,dataset,0.0004400000000000015,-0.0004809305839396373,0.0013609305839396403,1,19
family-noise_n-200_noise-0.1_p-20,holdout_selected,cart_strong,20,dataset,-0.0033700000000000006,-0.011445429070578574,0.004705429070578574,1,18
family-noise_n-200_noise-0.1_p-20,node_vote,cart_strong,20,dataset,-0.0002549999999999997,-0.0007887211338741059,0.00027872113387410647,0,19
family-noise_n-200_noise-0.1_p-20,relative_bootstrap,cart_strong,20,dataset,-0.0002649999999999986,-0.0008196513744181853,0.00028965137441818817,0,19
family-noise_n-200_noise-0.1_p-20,relative_random_bootstrap,cart_strong,20,dataset,-0.0002649999999999986,-0.0008196513744181853,0.00028965137441818817,0,19
family-noise_n-200_noise-0.1_p-20,relative_random_subsample,cart_strong,20,dataset,0.0004400000000000015,-0.0004809305839396373,0.0013609305839396403,1,19
family-noise_n-200_noise-0.1_p-20,relative_subsample,cart_strong,20,dataset,0.0004400000000000015,-0.0004809305839396373,0.0013609305839396403,1,19
family-noise_n-200_noise-0.1_p-20,weighted_bootstrap,cart_strong,20,dataset,-0.0002649999999999986,-0.0008196513744181853,0.00028965137441818817,0,19
family-noise_n-200_noise-0.1_p-20,weighted_subsample,cart_strong,20,dataset,0.0004400000000000015,-0.0004809305839396373,0.0013609305839396403,1,19
family-noise_n-200_noise-0.1_p-20,aloof,cart_tuned,20,dataset,0.0,0.0,0.0,0,20
family-noise_n-200_noise-0.1_p-20,cart,cart_tuned,20,dataset,-0.07031499999999999,-0.0913797438378105,-0.04925025616218947,0,1
family-noise_n-200_noise-0.1_p-20,cart_strong,cart_tuned,20,dataset,0.0,0.0,0.0,0,20
family-noise_n-200_noise-0.1_p-20,cart_tuned,cart_tuned,20,dataset,0.0,0.0,0.0,0,20
family-noise_n-200_noise-0.1_p-20,error_greedy,cart_tuned,20,dataset,0.0,0.0,0.0,0,20
family-noise_n-200_noise-0.1_p-20,fixed_keep_single_class,cart_tuned,20,dataset,-0.069805,-0.08589087316163432,-0.053719126838365695,0,0
family-noise_n-200_noise-0.1_p-20,fixed_original,cart_tuned,20,dataset,-0.06949,-0.08605954617754155,-0.052920453822458434,0,0
family-noise_n-200_noise-0.1_p-20,fixed_random_ties,cart_tuned,20,dataset,-0.07271999999999998,-0.09162795639599669,-0.05381204360400326,0,0
family-noise_n-200_noise-0.1_p-20,fixed_refined,cart_tuned,20,dataset,-0.06696500000000001,-0.07818168586261046,-0.05574831413738957,0,0
family-noise_n-200_noise-0.1_p-20,frequency_bootstrap,cart_tuned,20,dataset,-0.0002649999999999986,-0.0008196513744181853,0.00028965137441818817,0,19
family-noise_n-200_noise-0.1_p-20,frequency_subsample,cart_tuned,20,dataset,0.0004400000000000015,-0.0004809305839396373,0.0013609305839396403,1,19
family-noise_n-200_noise-0.1_p-20,holdout_common,cart_tuned,20,dataset,0.0004400000000000015,-0.0004809305839396373,0.0013609305839396403,1,19
family-noise_n-200_noise-0.1_p-20,holdout_refined,cart_tuned,20,dataset,0.0004400000000000015,-0.0004809305839396373,0.0013609305839396403,1,19
family-noise_n-200_noise-0.1_p-20,holdout_selected,cart_tuned,20,dataset,-0.0033700000000000006,-0.011445429070578574,0.004705429070578574,1,18
family-noise_n-200_noise-0.1_p-20,node_vote,cart_tuned,20,dataset,-0.0002549999999999997,-0.0007887211338741059,0.00027872113387410647,0,19
family-noise_n-200_noise-0.1_p-20,relative_bootstrap,cart_tuned,20,dataset,-0.0002649999999999986,-0.0008196513744181853,0.00028965137441818817,0,19
family-noise_n-200_noise-0.1_p-20,relative_random_bootstrap,cart_tuned,20,dataset,-0.0002649999999999986,-0.0008196513744181853,0.00028965137441818817,0,19
family-noise_n-200_noise-0.1_p-20,relative_random_subsample,cart_tuned,20,dataset,0.0004400000000000015,-0.0004809305839396373,0.0013609305839396403,1,19
family-noise_n-200_noise-0.1_p-20,relative_subsample,cart_tuned,20,dataset,0.0004400000000000015,-0.0004809305839396373,0.0013609305839396403,1,19
family-noise_n-200_noise-0.1_p-20,weighted_bootstrap,cart_tuned,20,dataset,-0.0002649999999999986,-0.0008196513744181853,0.00028965137441818817,0,19
family-noise_n-200_noise-0.1_p-20,weighted_subsample,cart_tuned,20,dataset,0.0004400000000000015,-0.0004809305839396373,0.0013609305839396403,1,19
family-noise_n-200_noise-0.1_p-20,aloof,aloof,20,dataset,0.0,0.0,0.0,0,20
family-noise_n-200_noise-0.1_p-20,cart,aloof,20,dataset,-0.07031499999999999,-0.0913797438378105,-0.04925025616218947,0,1
family-noise_n-200_noise-0.1_p-20,cart_strong,aloof,20,dataset,0.0,0.0,0.0,0,20
family-noise_n-200_noise-0.1_p-20,cart_tuned,aloof,20,dataset,0.0,0.0,0.0,0,20
family-noise_n-200_noise-0.1_p-20,error_greedy,aloof,20,dataset,0.0,0.0,0.0,0,20
family-noise_n-200_noise-0.1_p-20,fixed_keep_single_class,aloof,20,dataset,-0.069805,-0.08589087316163432,-0.053719126838365695,0,0
family-noise_n-200_noise-0.1_p-20,fixed_original,aloof,20,dataset,-0.06949,-0.08605954617754155,-0.052920453822458434,0,0
family-noise_n-200_noise-0.1_p-20,fixed_random_ties,aloof,20,dataset,-0.07271999999999998,-0.09162795639599669,-0.05381204360400326,0,0
family-noise_n-200_noise-0.1_p-20,fixed_refined,aloof,20,dataset,-0.06696500000000001,-0.07818168586261046,-0.05574831413738957,0,0
family-noise_n-200_noise-0.1_p-20,frequency_bootstrap,aloof,20,dataset,-0.0002649999999999986,-0.0008196513744181853,0.00028965137441818817,0,19
family-noise_n-200_noise-0.1_p-20,frequency_subsample,aloof,20,dataset,0.0004400000000000015,-0.0004809305839396373,0.0013609305839396403,1,19
family-noise_n-200_noise-0.1_p-20,holdout_common,aloof,20,dataset,0.0004400000000000015,-0.0004809305839396373,0.0013609305839396403,1,19
family-noise_n-200_noise-0.1_p-20,holdout_refined,aloof,20,dataset,0.0004400000000000015,-0.0004809305839396373,0.0013609305839396403,1,19
family-noise_n-200_noise-0.1_p-20,holdout_selected,aloof,20,dataset,-0.0033700000000000006,-0.011445429070578574,0.004705429070578574,1,18
family-noise_n-200_noise-0.1_p-20,node_vote,aloof,20,dataset,-0.0002549999999999997,-0.0007887211338741059,0.00027872113387410647,0,19
family-noise_n-200_noise-0.1_p-20,relative_bootstrap,aloof,20,dataset,-0.0002649999999999986,-0.0008196513744181853,0.00028965137441818817,0,19
family-noise_n-200_noise-0.1_p-20,relative_random_bootstrap,aloof,20,dataset,-0.0002649999999999986,-0.0008196513744181853,0.00028965137441818817,0,19
family-noise_n-200_noise-0.1_p-20,relative_random_subsample,aloof,20,dataset,0.0004400000000000015,-0.0004809305839396373,0.0013609305839396403,1,19
family-noise_n-200_noise-0.1_p-20,relative_subsample,aloof,20,dataset,0.0004400000000000015,-0.0004809305839396373,0.0013609305839396403,1,19
family-noise_n-200_noise-0.1_p-20,weighted_bootstrap,aloof,20,dataset,-0.0002649999999999986,-0.0008196513744181853,0.00028965137441818817,0,19
family-noise_n-200_noise-0.1_p-20,weighted_subsample,aloof,20,dataset,0.0004400000000000015,-0.0004809305839396373,0.0013609305839396403,1,19
family-noise_n-200_noise-0.1_p-20,aloof,node_vote,20,dataset,0.0002549999999999997,-0.00027872113387410647,0.0007887211338741059,1,19
family-noise_n-200_noise-0.1_p-20,cart,node_vote,20,dataset,-0.07005999999999998,-0.09128334539021257,-0.0488366546097874,0,1
family-noise_n-200_noise-0.1_p-20,cart_strong,node_vote,20,dataset,0.0002549999999999997,-0.00027872113387410647,0.0007887211338741059,1,19
family-noise_n-200_noise-0.1_p-20,cart_tuned,node_vote,20,dataset,0.0002549999999999997,-0.00027872113387410647,0.0007887211338741059,1,19
family-noise_n-200_noise-0.1_p-20,error_greedy,node_vote,20,dataset,0.0002549999999999997,-0.00027872113387410647,0.0007887211338741059,1,19
family-noise_n-200_noise-0.1_p-20,fixed_keep_single_class,node_vote,20,dataset,-0.06955,-0.08582384025979262,-0.053276159740207385,0,0
family-noise_n-200_noise-0.1_p-20,fixed_original,node_vote,20,dataset,-0.06923500000000002,-0.08590470564203959,-0.052565294357960445,0,0
family-noise_n-200_noise-0.1_p-20,fixed_random_ties,node_vote,20,dataset,-0.07246499999999997,-0.09147078469134598,-0.05345921530865397,0,0
family-noise_n-200_noise-0.1_p-20,fixed_refined,node_vote,20,dataset,-0.06671,-0.07806571160334932,-0.055354288396650686,0,0
family-noise_n-200_noise-0.1_p-20,frequency_bootstrap,node_vote,20,dataset,-9.999999999998898e-06,-3.093024054407923e-05,1.0930240544081431e-05,0,19
family-noise_n-200_noise-0.1_p-20,frequency_subsample,node_vote,20,dataset,0.0006950000000000012,-0.0007596517178137439,0.002149651717813746,1,19
family-noise_n-200_noise-0.1_p-20,holdout_common,node_vote,20,dataset,0.0006950000000000012,-0.0007596517178137439,0.002149651717813746,1,19
family-noise_n-200_noise-0.1_p-20,holdout_refined,node_vote,20,dataset,0.0006950000000000012,-0.0007596517178137439,0.002149651717813746,1,19
family-noise_n-200_noise-0.1_p-20,holdout_selected,node_vote,20,dataset,-0.003115000000000001,-0.011295981940311945,0.005065981940311942,1,18
family-noise_n-200_noise-0.1_p-20,node_vote,node_vote,20,dataset,0.0,0.0,0.0,0,20
family-noise_n-200_noise-0.1_p-20,relative_bootstrap,node_vote,20,dataset,-9.999999999998898e-06,-3.093024054407923e-05,1.0930240544081431e-05,0,19
family-noise_n-200_noise-0.1_p-20,relative_random_bootstrap,node_vote,20,dataset,-9.999999999998898e-06,-3.093024054407923e-05,1.0930240544081431e-05,0,19
family-noise_n-200_noise-0.1_p-20,relative_random_subsample,node_vote,20,dataset,0.0006950000000000012,-0.0007596517178137439,0.002149651717813746,1,19
family-noise_n-200_noise-0.1_p-20,relative_subsample,node_vote,20,dataset,0.0006950000000000012,-0.0007596517178137439,0.002149651717813746,1,19
family-noise_n-200_noise-0.1_p-20,weighted_bootstrap,node_vote,20,dataset,-9.999999999998898e-06,-3.093024054407923e-05,1.0930240544081431e-05,0,19
family-noise_n-200_noise-0.1_p-20,weighted_subsample,node_vote,20,dataset,0.0006950000000000012,-0.0007596517178137439,0.002149651717813746,1,19
family-noise_n-200_noise-0.4_p-2,aloof,cart_strong,20,dataset,0.022025,0.0015180191600389636,0.042531980839961035,11,6
family-noise_n-200_noise-0.4_p-2,cart,cart_strong,20,dataset,-0.019359999999999985,-0.034446245223793276,-0.004273754776206694,7,0
family-noise_n-200_noise-0.4_p-2,cart_strong,cart_strong,20,dataset,0.0,0.0,0.0,0,20
family-noise_n-200_noise-0.4_p-2,cart_tuned,cart_strong,20,dataset,0.010049999999999998,-0.0004085913051242937,0.02050859130512429,6,13
family-noise_n-200_noise-0.4_p-2,error_greedy,cart_strong,20,dataset,0.0023649999999999947,-0.013759089429253902,0.018489089429253893,9,5
family-noise_n-200_noise-0.4_p-2,fixed_keep_single_class,cart_strong,20,dataset,-0.009569999999999992,-0.025182487880512392,0.006042487880512409,8,0
family-noise_n-200_noise-0.4_p-2,fixed_original,cart_strong,20,dataset,-0.009360000000000002,-0.02444490024416232,0.005724900244162319,6,0
family-noise_n-200_noise-0.4_p-2,fixed_random_ties,cart_strong,20,dataset,-0.01612499999999999,-0.03191429225020692,-0.00033570774979306203,6,0
family-noise_n-200_noise-0.4_p-2,fixed_refined,cart_strong,20,dataset,-0.008884999999999999,-0.02424566432885787,0.006475664328857874,7,0
family-noise_n-200_noise-0.4_p-2,frequency_bootstrap,cart_strong,20,dataset,0.023835,0.004734541513661938,0.04293545848633806,12,6
family-noise_n-200_noise-0.4_p-2,frequency_subsample,cart_strong,20,dataset,0.01404,-0.0007089576505458078,0.02878895765054581,11,6
family-noise_n-200_noise-0.4_p-2,holdout_common,cart_strong,20,dataset,0.003470000000000001,-0.017006422582261958,0.02394642258226196,8,5
family-noise_n-200_noise-0.4_p-2,holdout_refined,cart_strong,20,dataset,0.0015099999999999975,-0.01324282232498179,0.016262822324981784,9,4
family-noise_n-200_noise-0.4_p-2,holdout_selected,cart_strong,20,dataset,0.0031900000000000066,-0.014633048247078574,0.021013048247078586,11,4
family-noise_n-200_noise-0.4_p-2,node_vote,cart_strong,20,dataset,-0.006519999999999995,-0.025642682699636203,0.012602682699636214,9,3
family-noise_n-200_noise-0.4_p-2,relative_bootstrap,cart_strong,20,dataset,0.02325,0.004348496000894403,0.0421515039991056,12,6
family-noise_n-200_noise-0.4_p-2,relative_random_bootstrap,cart_strong,20,dataset,0.020855,0.0033731642591332753,0.03833683574086672,12,6
family-noise_n-200_noise-0.4_p-2,relative_random_subsample,cart_strong,20,dataset,0.013124999999999989,-0.0007950044820829935,0.02704500448208297,11,6
family-noise_n-200_noise-0.4_p-2,relative_subsample,cart_strong,20,dataset,0.010429999999999998,-0.0024146865840698455,0.023274686584069844,11,6
family-noise_n-200_noise-0.4_p-2,weighted_bootstrap,cart_strong,20,dataset,0.021834999999999997,0.0051638490367682845,0.038506150963231706,11,6
family-noise_n-200_noise-0.4_p-2,weighted_subsample,cart_strong,20,dataset,0.019499999999999997,0.001635350972145514,0.03736464902785448,11,6
family-noise_n-200_noise-0.4_p-2,aloof,cart_tuned,20,dataset,0.011975000000000003,-0.005062354347087537,0.029012354347087543,9,9
family-noise_n-200_noise-0.4_p-2,cart,cart_tuned,20,dataset,-0.02940999999999998,-0.04106309772000949,-0.017756902279990473,3,0
family-noise_n-200_noise-0.4_p-2,cart_strong,cart_tuned,20,dataset,-0.010049999999999998,-0.02050859130512429,0.0004085913051242937,1,13
family-noise_n-200_noise-0.4_p-2,cart_tuned,cart_tuned,20,dataset,0.0,0.0,0.0,0,20
family-noise_n-200_noise-0.4_p-2,error_greedy,cart_tuned,20,dataset,-0.007685000000000003,-0.024151311611088883,0.008781311611088879,5,6
family-noise_n-200_noise-0.4_p-2,fixed_keep_single_class,cart_tuned,20,dataset,-0.01961999999999999,-0.03178757493708352,-0.007452425062916464,5,0
family-noise_n-200_noise-0.4_p-2,fixed_original,cart_tuned,20,dataset,-0.01941,-0.02986403128385373,-0.00895596871614627,4,0
family-noise_n-200_noise-0.4_p-2,fixed_random_ties,cart_tuned,20,dataset,-0.026174999999999986,-0.037972851524237655,-0.014377148475762321,2,0
family-noise_n-200_noise-0.4_p-2,fixed_refined,cart_tuned,20,dataset,-0.018934999999999997,-0.030493128463376748,-0.007376871536623244,4,0
family-noise_n-200_noise-0.4_p-2,frequency_bootstrap,cart_tuned,20,dataset,0.013785,-0.0018001517596971696,0.02937015175969717,9,10
family-noise_n-200_noise-0.4_p-2,frequency_subsample,cart_tuned,20,dataset,0.003990000000000002,-0.006892230417062328,0.014872230417062333,7,8
family-noise_n-200_noise-0.4_p-2,holdout_common,cart_tuned,20,dataset,-0.006579999999999997,-0.025564089496949806,0.01240408949694981,6,5
family-noise_n-200_noise-0.4_p-2,holdout_refined,cart_tuned,20,dataset,-0.00854,-0.020216870832535462,0.0031368708325354624,6,5
family-noise_n-200_noise-0.4_p-2,holdout_selected,cart_tuned,20,dataset,-0.006859999999999991,-0.022178895289043363,0.008458895289043379,6,5
family-noise_n-200_noise-0.4_p-2,node_vote,cart_tuned,20,dataset,-0.016569999999999994,-0.033142852059472,2.8520594720048142e-06,6,6
family-noise_n-200_noise-0.4_p-2,relative_bootstrap,cart_tuned,20,dataset,0.013200000000000003,-0.0022967344468269313,0.028696734446826938,9,9
family-noise_n-200_noise-0.4_p-2,relative_random_bootstrap,cart_tuned,20,dataset,0.010805,-0.002420217686916172,0.024030217686916173,9,10
family-noise_n-200_noise-0.4_p-2,relative_random_subsample,cart_tuned,20,dataset,0.003074999999999992,-0.007800384480392094,0.013950384480392077,7,8
family-noise_n-200_noise-0.4_p-2,relative_subsample,cart_tuned,20,dataset,0.0003799999999999998,-0.006630497659967685,0.007390497659967685,7,8
family-noise_n-200_noise-0.4_p-2,weighted_bootstrap,cart_tuned,20,dataset,0.011784999999999999,-0.000328132185254534,0.02389813218525453,8,10
family-noise_n-200_noise-0.4_p-2,weighted_subsample,cart_tuned,20,dataset,0.00945,-0.006213350322179442,0.025113350322179442,7,8
family-noise_n-200_noise-0.4_p-2,aloof,aloof,20,dataset,0.0,0.0,0.0,0,20
family-noise_n-200_noise-0.4_p-2,cart,aloof,20,dataset,-0.041384999999999984,-0.05824150360324149,-0.024528496396758477,3,0
family-noise_n-200_noise-0.4_p-2,cart_strong,aloof,20,dataset,-0.022025,-0.042531980839961035,-0.0015180191600389636,3,6
family-noise_n-200_noise-0.4_p-2,cart_tuned,aloof,20,dataset,-0.011975000000000003,-0.029012354347087543,0.005062354347087537,2,9
family-noise_n-200_noise-0.4_p-2,error_greedy,aloof,20,dataset,-0.019660000000000004,-0.038847745935694164,-0.00047225406430584024,2,7
family-noise_n-200_noise-0.4_p-2,fixed_keep_single_class,aloof,20,dataset,-0.031595,-0.04491573251270692,-0.018274267487293078,1,0
family-noise_n-200_noise-0.4_p-2,fixed_original,aloof,20,dataset,-0.031385,-0.04506611461187432,-0.017703885388125683,2,0
family-noise_n-200_noise-0.4_p-2,fixed_random_ties,aloof,20,dataset,-0.03814999999999999,-0.05280275380014161,-0.023497246199858372,1,0
family-noise_n-200_noise-0.4_p-2,fixed_refined,aloof,20,dataset,-0.03091,-0.0439360396993989,-0.017883960300601097,2,0
family-noise_n-200_noise-0.4_p-2,frequency_bootstrap,aloof,20,dataset,0.0018099999999999978,-0.0022153792812649874,0.0058353792812649834,4,13
family-noise_n-200_noise-0.4_p-2,frequency_subsample,aloof,20,dataset,-0.007985,-0.022565498242558168,0.006595498242558166,3,9
family-noise_n-200_noise-0.4_p-2,holdout_common,aloof,20,dataset,-0.018555,-0.03446134123216253,-0.002648658767837469,2,8
family-noise_n-200_noise-0.4_p-2,holdout_refined,aloof,20,dataset,-0.020515000000000002,-0.03909181353646803,-0.0019381864635319712,3,7
family-noise_n-200_noise-0.4_p-2,holdout_selected,aloof,20,dataset,-0.018834999999999994,-0.03800335308750919,0.0003333530875092028,4,7
family-noise_n-200_noise-0.4_p-2,node_vote,aloof,20,dataset,-0.028544999999999997,-0.0497854982079631,-0.007304501792036889,3,7
family-noise_n-200_noise-0.4_p-2,relative_bootstrap,aloof,20,dataset,0.001225000000000001,-0.0038872012461009,0.0063372012461009024,4,12
family-noise_n-200_noise-0.4_p-2,relative_random_bootstrap,aloof,20,dataset,-0.0011700000000000016,-0.00761986627487924,0.005279866274879237,4,11
family-noise_n-200_noise-0.4_p-2,relative_random_subsample,aloof,20,dataset,-0.00890000000000001,-0.02253676798383096,0.00473676798383094,3,9
family-noise_n-200_noise-0.4_p-2,relative_subsample,aloof,20,dataset,-0.011595000000000003,-0.02760714502417571,0.004417145024175702,3,8
family-noise_n-200_noise-0.4_p-2,weighted_bootstrap,aloof,20,dataset,-0.00019000000000000405,-0.007819154655030922,0.007439154655030913,4,12
family-noise_n-200_noise-0.4_p-2,weighted_subsample,aloof,20,dataset,-0.002525000000000002,-0.012119143631259127,0.007069143631259124,3,10
family-noise_n-200_noise-0.4_p-2,aloof,node_vote,20,dataset,0.028544999999999997,0.007304501792036889,0.0497854982079631,10,7
family-noise_n-200_noise-0.4_p-2,cart,node_vote,20,dataset,-0.01283999999999999,-0.02785107869491717,0.0021710786949171897,6,0
family-noise_n-200_noise-0.4_p-2,cart_strong,node_vote,20,dataset,0.006519999999999995,-0.012602682699636214,0.025642682699636203,8,3
family-noise_n-200_noise-0.4_p-2,cart_tuned,node_vote,20,dataset,0.016569999999999994,-2.8520594720048142e-06,0.033142852059472,8,6
family-noise_n-200_noise-0.4_p-2,error_greedy,node_vote,20,dataset,0.00888499999999999,-0.006878163983905731,0.02464816398390571,9,4
family-noise_n-200_noise-0.4_p-2,fixed_keep_single_class,node_vote,20,dataset,-0.003049999999999997,-0.017616696386077598,0.011516696386077604,8,0
family-noise_n-200_noise-0.4_p-2,fixed_original,node_vote,20,dataset,-0.0028400000000000066,-0.018352805142134727,0.012672805142134713,7,0
family-noise_n-200_noise-0.4_p-2,fixed_random_ties,node_vote,20,dataset,-0.009604999999999994,-0.021902843783073486,0.0026928437830735005,5,0
family-noise_n-200_noise-0.4_p-2,fixed_refined,node_vote,20,dataset,-0.0023650000000000034,-0.015515913568276557,0.010785913568276552,8,0
family-noise_n-200_noise-0.4_p-2,frequency_bootstrap,node_vote,20,dataset,0.030354999999999993,0.009387688064496177,0.05132231193550381,10,7
family-noise_n-200_noise-0.4_p-2,frequency_subsample,node_vote,20,dataset,0.020559999999999995,0.005661755393285801,0.03545824460671419,12,6
family-noise_n-200_noise-0.4_p-2,holdout_common,node_vote,20,dataset,0.009989999999999995,-0.00969484686931827,0.02967484686931826,8,5
family-noise_n-200_noise-0.4_p-2,holdout_refined,node_vote,20,dataset,0.008029999999999992,-0.002129744097966294,0.018189744097966278,11,5
family-noise_n-200_noise-0.4_p-2,holdout_selected,node_vote,20,dataset,0.009710000000000002,-0.0045722905103667295,0.023992290510366734,9,5
family-noise_n-200_noise-0.4_p-2,node_vote,node_vote,20,dataset,0.0,0.0,0.0,0,20
family-noise_n-200_noise-0.4_p-2,relative_bootstrap,node_vote,20,dataset,0.029769999999999998,0.01012675899733724,0.049413241002662756,11,7
family-noise_n-200_noise-0.4_p-2,relative_random_bootstrap,node_vote,20,dataset,0.027374999999999993,0.00914022078019355,0.04560977921980644,11,7
family-noise_n-200_noise-0.4_p-2,relative_random_subsample,node_vote,20,dataset,0.019644999999999985,0.005666280374295356,0.033623719625704616,12,6
family-noise_n-200_noise-0.4_p-2,relative_subsample,node_vote,20,dataset,0.016949999999999993,0.0007275782744288473,0.03317242172557114,11,6
family-noise_n-200_noise-0.4_p-2,weighted_bootstrap,node_vote,20,dataset,0.02835499999999999,0.011507052883010498,0.04520294711698948,11,7
family-noise_n-200_noise-0.4_p-2,weighted_subsample,node_vote,20,dataset,0.026019999999999995,0.008579757876689346,0.04346024212331064,12,6
family-noise_n-200_noise-0.4_p-20,aloof,cart_strong,20,dataset,0.014314999999999994,0.0026962974661786897,0.0259337025338213,13,2
family-noise_n-200_noise-0.4_p-20,cart,cart_strong,20,dataset,-0.0036299999999999943,-0.016148204114863438,0.008888204114863447,11,0
family-noise_n-200_noise-0.4_p-20,cart_strong,cart_strong,20,dataset,0.0,0.0,0.0,0,20
family-noise_n-200_noise-0.4_p-20,cart_tuned,cart_strong,20,dataset,0.0011149999999999992,-0.0008690066247455499,0.0030990066247455483,4,12
family-noise_n-200_noise-0.4_p-20,error_greedy,cart_strong,20,dataset,0.00557999999999999,-0.0048382925970380545,0.015998292597038034,11,0
family-noise_n-200_noise-0.4_p-20,fixed_keep_single_class,cart_strong,20,dataset,-0.010775000000000002,-0.02226576200398995,0.0007157620039899438,7,0
family-noise_n-200_noise-0.4_p-20,fixed_original,cart_strong,20,dataset,-0.013085000000000013,-0.023655401599099162,-0.0025145984009008644,6,0
family-noise_n-200_noise-0.4_p-20,fixed_random_ties,cart_strong,20,dataset,-0.007210000000000011,-0.01699215400610767,0.0025721540061076483,9,0
family-noise_n-200_noise-0.4_p-20,fixed_refined,cart_strong,20,dataset,-0.007930000000000001,-0.018697801805814006,0.0028378018058140015,7,1
family-noise_n-200_noise-0.4_p-20,frequency_bootstrap,cart_strong,20,dataset,0.02681999999999999,0.00639350064263805,0.04724649935736193,13,0
family-noise_n-200_noise-0.4_p-20,frequency_subsample,cart_strong,20,dataset,0.02709999999999998,0.009411851233019953,0.04478814876698001,14,1
family-noise_n-200_noise-0.4_p-20,holdout_common,cart_strong,20,dataset,0.01133499999999999,-0.0032249897842305825,0.025894989784230563,11,1
family-noise_n-200_noise-0.4_p-20,holdout_refined,cart_strong,20,dataset,0.000999999999999998,-0.015794631326343022,0.017794631326343017,9,0
family-noise_n-200_noise-0.4_p-20,holdout_selected,cart_strong,20,dataset,0.0011299999999999921,-0.016311203875871403,0.018571203875871387,9,0
family-noise_n-200_noise-0.4_p-20,node_vote,cart_strong,20,dataset,-0.0018050000000000039,-0.0113960382035218,0.007786038203521793,8,0
family-noise_n-200_noise-0.4_p-20,relative_bootstrap,cart_strong,20,dataset,0.038259999999999995,0.018533771184896748,0.05798622881510324,16,0
family-noise_n-200_noise-0.4_p-20,relative_random_bootstrap,cart_strong,20,dataset,0.031855,0.016594931323680985,0.04711506867631902,16,0
family-noise_n-200_noise-0.4_p-20,relative_random_subsample,cart_strong,20,dataset,0.019404999999999985,0.005308252372704927,0.03350174762729504,13,1
family-noise_n-200_noise-0.4_p-20,relative_subsample,cart_strong,20,dataset,0.027034999999999986,0.01347898303240585,0.040591016967594123,13,1
family-noise_n-200_noise-0.4_p-20,weighted_bootstrap,cart_strong,20,dataset,0.025174999999999986,0.009323775180776823,0.04102622481922315,15,1
family-noise_n-200_noise-0.4_p-20,weighted_subsample,cart_strong,20,dataset,0.02551499999999999,0.009051300019738966,0.04197869998026101,15,1
family-noise_n-200_noise-0.4_p-20,aloof,cart_tuned,20,dataset,0.013199999999999995,0.0022497366872715023,0.024150263312728487,13,4
family-noise_n-200_noise-0.4_p-20,cart,cart_tuned,20,dataset,-0.004744999999999994,-0.016851479751566124,0.007361479751566135,10,1
family-noise_n-200_noise-0.4_p-20,cart_strong,cart_tuned,20,dataset,-0.0011149999999999992,-0.0030990066247455483,0.0008690066247455499,4,12
family-noise_n-200_noise-0.4_p-20,cart_tuned,cart_tuned,20,dataset,0.0,0.0,0.0,0,20
family-noise_n-200_noise-0.4_p-20,error_greedy,cart_tuned,20,dataset,0.0044649999999999915,-0.00546492250096783,0.014394922500967813,11,0
family-noise_n-200_noise-0.4_p-20,fixed_keep_single_class,cart_tuned,20,dataset,-0.011890000000000001,-0.022806595029926928,-0.0009734049700730728,8,0
family-noise_n-200_noise-0.4_p-20,fixed_original,cart_tuned,20,dataset,-0.014200000000000013,-0.024351728800733774,-0.00404827119926625,4,0
family-noise_n-200_noise-0.4_p-20,fixed_random_ties,cart_tuned,20,dataset,-0.00832500000000001,-0.017907144195089965,0.001257144195089946,7,0
family-noise_n-200_noise-0.4_p-20,fixed_refined,cart_tuned,20,dataset,-0.009045000000000001,-0.019953973880912745,0.0018639738809127417,6,1
family-noise_n-200_noise-0.4_p-20,frequency_bootstrap,cart_tuned,20,dataset,0.02570499999999999,0.00557085937046253,0.04583914062953745,13,0
family-noise_n-200_noise-0.4_p-20,frequency_subsample,cart_tuned,20,dataset,0.02598499999999998,0.008813598558255715,0.04315640144174425,14,1
family-noise_n-200_noise-0.4_p-20,holdout_common,cart_tuned,20,dataset,0.01021999999999999,-0.00425601963242426,0.024696019632424238,10,2
family-noise_n-200_noise-0.4_p-20,holdout_refined,cart_tuned,20,dataset,-0.00011500000000000121,-0.0163453986435447,0.0161153986435447,8,0
family-noise_n-200_noise-0.4_p-20,holdout_selected,cart_tuned,20,dataset,1.4999999999992797e-05,-0.017266821742300993,0.01729682174230098,9,1
family-noise_n-200_noise-0.4_p-20,node_vote,cart_tuned,20,dataset,-0.0029200000000000033,-0.012779928835606962,0.006939928835606956,9,1
family-noise_n-200_noise-0.4_p-20,relative_bootstrap,cart_tuned,20,dataset,0.037145,0.01751163065288593,0.05677836934711407,16,0
family-noise_n-200_noise-0.4_p-20,relative_random_bootstrap,cart_tuned,20,dataset,0.030739999999999996,0.015580717509518218,0.04589928249048177,16,0
family-noise_n-200_noise-0.4_p-20,relative_random_subsample,cart_tuned,20,dataset,0.018289999999999983,0.004178871170125924,0.032401128829874046,13,1
family-noise_n-200_noise-0.4_p-20,relative_subsample,cart_tuned,20,dataset,0.02591999999999998,0.012753725492200978,0.03908627450779899,16,1
family-noise_n-200_noise-0.4_p-20,weighted_bootstrap,cart_tuned,20,dataset,0.024059999999999988,0.008269762072906271,0.039850237927093704,15,1
family-noise_n-200_noise-0.4_p-20,weighted_subsample,cart_tuned,20,dataset,0.024399999999999984,0.008518497405234634,0.04028150259476533,15,1
family-noise_n-200_noise-0.4_p-20,aloof,aloof,20,dataset,0.0,0.0,0.0,0,20
family-noise_n-200_noise-0.4_p-20,cart,aloof,20,dataset,-0.01794499999999999,-0.03294281798638545,-0.0029471820136145258,5,0
family-noise_n-200_noise-0.4_p-20,cart_strong,aloof,20,dataset,-0.014314999999999994,-0.0259337025338213,-0.0026962974661786897,5,2
family-noise_n-200_noise-0.4_p-20,cart_tuned,aloof,20,dataset,-0.013199999999999995,-0.024150263312728487,-0.0022497366872715023,3,4
family-noise_n-200_noise-0.4_p-20,error_greedy,aloof,20,dataset,-0.008735000000000003,-0.02044808594137467,0.002978085941374666,5,0
family-noise_n-200_noise-0.4_p-20,fixed_keep_single_class,aloof,20,dataset,-0.025089999999999994,-0.036566707938859924,-0.013613292061140066,3,0
family-noise_n-200_noise-0.4_p-20,fixed_original,aloof,20,dataset,-0.027400000000000008,-0.03870781612047236,-0.01609218387952765,1,0
family-noise_n-200_noise-0.4_p-20,fixed_random_ties,aloof,20,dataset,-0.021525000000000006,-0.03394520997218179,-0.009104790027818223,4,0
family-noise_n-200_noise-0.4_p-20,fixed_refined,aloof,20,dataset,-0.022244999999999994,-0.03459085862795114,-0.009899141372048854,5,0
family-noise_n-200_noise-0.4_p-20,frequency_bootstrap,aloof,20,dataset,0.012504999999999994,-0.010315017490375647,0.035325017490375636,8,1
family-noise_n-200_noise-0.4_p-20,frequency_subsample,aloof,20,dataset,0.012784999999999986,0.0005941901873144154,0.024975809812685556,10,2
family-noise_n-200_noise-0.4_p-20,holdout_common,aloof,20,dataset,-0.0029800000000000048,-0.017970014973761342,0.012010014973761331,7,0
family-noise_n-200_noise-0.4_p-20,holdout_refined,aloof,20,dataset,-0.013314999999999997,-0.030527573930748415,0.0038975739307484207,3,1
family-noise_n-200_noise-0.4_p-20,holdout_selected,aloof,20,dataset,-0.013185000000000002,-0.03170476344167926,0.0053347634416792515,6,1
family-noise_n-200_noise-0.4_p-20,node_vote,aloof,20,dataset,-0.01612,-0.028730220581684077,-0.003509779418315921,4,0
family-noise_n-200_noise-0.4_p-20,relative_bootstrap,aloof,20,dataset,0.023945,0.0023669446817397577,0.045523055318260244,12,1
family-noise_n-200_noise-0.4_p-20,relative_random_bootstrap,aloof,20,dataset,0.017540000000000004,0.0013044445829377034,0.0337755554170623,14,1
family-noise_n-200_noise-0.4_p-20,relative_random_subsample,aloof,20,dataset,0.005089999999999989,-0.010372669485309126,0.0205526694853091,8,2
family-noise_n-200_noise-0.4_p-20,relative_subsample,aloof,20,dataset,0.01271999999999999,0.0004993598557617423,0.02494064014423824,12,2
family-noise_n-200_noise-0.4_p-20,weighted_bootstrap,aloof,20,dataset,0.010859999999999991,-0.0052153771273855815,0.026935377127385564,10,2
family-noise_n-200_noise-0.4_p-20,weighted_subsample,aloof,20,dataset,0.011199999999999991,0.0012763054150603248,0.021123694584939658,10,2
family-noise_n-200_noise-0.4_p-20,aloof,node_vote,20,dataset,0.01612,0.003509779418315921,0.028730220581684077,16,0
family-noise_n-200_noise-0.4_p-20,cart,node_vote,20,dataset,-0.0018249999999999905,-0.011374170614236623,0.007724170614236642,11,0
family-noise_n-200_noise-0.4_p-20,cart_strong,node_vote,20,dataset,0.0018050000000000039,-0.007786038203521793,0.0113960382035218,12,0
family-noise_n-200_noise-0.4_p-20,cart_tuned,node_vote,20,dataset,0.0029200000000000033,-0.006939928835606956,0.012779928835606962,10,1
family-noise_n-200_noise-0.4_p-20,error_greedy,node_vote,20,dataset,0.007384999999999994,-0.0004978684117313472,0.015267868411731335,11,0
family-noise_n-200_noise-0.4_p-20,fixed_keep_single_class,node_vote,20,dataset,-0.008969999999999997,-0.020274309525352856,0.0023343095253528616,8,0
family-noise_n-200_noise-0.4_p-20,fixed_original,node_vote,20,dataset,-0.011280000000000009,-0.021659424696792016,-0.0009005753032080028,7,0
family-noise_n-200_noise-0.4_p-20,fixed_random_ties,node_vote,20,dataset,-0.005405000000000007,-0.014371733757608576,0.003561733757608562,8,0
family-noise_n-200_noise-0.4_p-20,fixed_refined,node_vote,20,dataset,-0.006124999999999997,-0.017119599827215642,0.004869599827215651,8,0
family-noise_n-200_noise-0.4_p-20,frequency_bootstrap,node_vote,20,dataset,0.028624999999999994,0.007350561418500757,0.04989943858149923,13,0
family-noise_n-200_noise-0.4_p-20,frequency_subsample,node_vote,20,dataset,0.02890499999999998,0.01083112367516607,0.046978876324833885,14,0
family-noise_n-200_noise-0.4_p-20,holdout_common,node_vote,20,dataset,0.013139999999999994,-0.0008691257168606265,0.027149125716860616,14,0
family-noise_n-200_noise-0.4_p-20,holdout_refined,node_vote,20,dataset,0.002805000000000002,-0.008215642005457284,0.013825642005457288,9,0
family-noise_n-200_noise-0.4_p-20,holdout_selected,node_vote,20,dataset,0.0029349999999999958,-0.007814898635389523,0.013684898635389516,12,0
family-noise_n-200_noise-0.4_p-20,node_vote,node_vote,20,dataset,0.0,0.0,0.0,0,20
family-noise_n-200_noise-0.4_p-20,relative_bootstrap,node_vote,20,dataset,0.040065,0.021415386833292166,0.05871461316670784,16,0
family-noise_n-200_noise-0.4_p-20,relative_random_bootstrap,node_vote,20,dataset,0.03366,0.01892864744085123,0.048391352559148774,17,0
family-noise_n-200_noise-0.4_p-20,relative_random_subsample,node_vote,20,dataset,0.021209999999999986,0.0061603450490812905,0.03625965495091868,13,0
family-noise_n-200_noise-0.4_p-20,relative_subsample,node_vote,20,dataset,0.028839999999999987,0.015059200557655455,0.04262079944234452,16,0
family-noise_n-200_noise-0.4_p-20,weighted_bootstrap,node_vote,20,dataset,0.026979999999999994,0.008076019303100875,0.04588398069689911,16,0
family-noise_n-200_noise-0.4_p-20,weighted_subsample,node_vote,20,dataset,0.02731999999999999,0.00889292428411119,0.04574707571588879,14,0
family-noise_n-800_noise-0.1_p-2,aloof,cart_strong,20,dataset,0.0,0.0,0.0,0,20
family-noise_n-800_noise-0.1_p-2,cart,cart_strong,20,dataset,-0.00502499999999999,-0.008420702588097916,-0.0016292974119020641,0,9
family-noise_n-800_noise-0.1_p-2,cart_strong,cart_strong,20,dataset,0.0,0.0,0.0,0,20
family-noise_n-800_noise-0.1_p-2,cart_tuned,cart_strong,20,dataset,0.0,0.0,0.0,0,20
family-noise_n-800_noise-0.1_p-2,error_greedy,cart_strong,20,dataset,0.0,0.0,0.0,0,20
family-noise_n-800_noise-0.1_p-2,fixed_keep_single_class,cart_strong,20,dataset,-0.003174999999999989,-0.0050876232609033244,-0.0012623767390966536,0,10
family-noise_n-800_noise-0.1_p-2,fixed_original,cart_strong,20,dataset,-0.0028549999999999964,-0.004814932473734048,-0.0008950675262659451,0,12
family-noise_n-800_noise-0.1_p-2,fixed_random_ties,cart_strong,20,dataset,-0.0036949999999999874,-0.0057918472165206045,-0.0015981527834793706,0,10
family-noise_n-800_noise-0.1_p-2,fixed_refined,cart_strong,20,dataset,-0.003005000000000002,-0.004669369766288606,-0.0013406302337113983,0,10
family-noise_n-800_noise-0.1_p-2,frequency_bootstrap,cart_strong,20,dataset,0.0,0.0,0.0,0,20
family-noise_n-800_noise-0.1_p-2,frequency_subsample,cart_strong,20,dataset,0.0,0.0,0.0,0,20
family-noise_n-800_noise-0.1_p-2,holdout_common,cart_strong,20,dataset,0.0,0.0,0.0,0,20
family-noise_n-800_noise-0.1_p-2,holdout_refined,cart_strong,20,dataset,0.0,0.0,0.0,0,20
family-noise_n-800_noise-0.1_p-2,holdout_selected,cart_strong,20,dataset,0.0,0.0,0.0,0,20
family-noise_n-800_noise-0.1_p-2,node_vote,cart_strong,20,dataset,0.0,0.0,0.0,0,20
family-noise_n-800_noise-0.1_p-2,relative_bootstrap,cart_strong,20,dataset,0.0,0.0,0.0,0,20
family-noise_n-800_noise-0.1_p-2,relative_random_bootstrap,cart_strong,20,dataset,0.0,0.0,0.0,0,20
family-noise_n-800_noise-0.1_p-2,relative_random_subsample,cart_strong,20,dataset,0.0,0.0,0.0,0,20
family-noise_n-800_noise-0.1_p-2,relative_subsample,cart_strong,20,dataset,0.0,0.0,0.0,0,20
family-noise_n-800_noise-0.1_p-2,weighted_bootstrap,cart_strong,20,dataset,0.0,0.0,0.0,0,20
family-noise_n-800_noise-0.1_p-2,weighted_subsample,cart_strong,20,dataset,0.0,0.0,0.0,0,20
family-noise_n-800_noise-0.1_p-2,aloof,cart_tuned,20,dataset,0.0,0.0,0.0,0,20
family-noise_n-800_noise-0.1_p-2,cart,cart_tuned,20,dataset,-0.00502499999999999,-0.008420702588097916,-0.0016292974119020641,0,9
family-noise_n-800_noise-0.1_p-2,cart_strong,cart_tuned,20,dataset,0.0,0.0,0.0,0,20
family-noise_n-800_noise-0.1_p-2,cart_tuned,cart_tuned,20,dataset,0.0,0.0,0.0,0,20
family-noise_n-800_noise-0.1_p-2,error_greedy,cart_tuned,20,dataset,0.0,0.0,0.0,0,20
family-noise_n-800_noise-0.1_p-2,fixed_keep_single_class,cart_tuned,20,dataset,-0.003174999999999989,-0.0050876232609033244,-0.0012623767390966536,0,10
family-noise_n-800_noise-0.1_p-2,fixed_original,cart_tuned,20,dataset,-0.0028549999999999964,-0.004814932473734048,-0.0008950675262659451,0,12
family-noise_n-800_noise-0.1_p-2,fixed_random_ties,cart_tuned,20,dataset,-0.0036949999999999874,-0.0057918472165206045,-0.0015981527834793706,0,10
family-noise_n-800_noise-0.1_p-2,fixed_refined,cart_tuned,20,dataset,-0.003005000000000002,-0.004669369766288606,-0.0013406302337113983,0,10
family-noise_n-800_noise-0.1_p-2,frequency_bootstrap,cart_tuned,20,dataset,0.0,0.0,0.0,0,20
family-noise_n-800_noise-0.1_p-2,frequency_subsample,cart_tuned,20,dataset,0.0,0.0,0.0,0,20
family-noise_n-800_noise-0.1_p-2,holdout_common,cart_tuned,20,dataset,0.0,0.0,0.0,0,20
family-noise_n-800_noise-0.1_p-2,holdout_refined,cart_tuned,20,dataset,0.0,0.0,0.0,0,20
family-noise_n-800_noise-0.1_p-2,holdout_selected,cart_tuned,20,dataset,0.0,0.0,0.0,0,20
family-noise_n-800_noise-0.1_p-2,node_vote,cart_tuned,20,dataset,0.0,0.0,0.0,0,20
family-noise_n-800_noise-0.1_p-2,relative_bootstrap,cart_tuned,20,dataset,0.0,0.0,0.0,0,20
family-noise_n-800_noise-0.1_p-2,relative_random_bootstrap,cart_tuned,20,dataset,0.0,0.0,0.0,0,20
family-noise_n-800_noise-0.1_p-2,relative_random_subsample,cart_tuned,20,dataset,0.0,0.0,0.0,0,20
family-noise_n-800_noise-0.1_p-2,relative_subsample,cart_tuned,20,dataset,0.0,0.0,0.0,0,20
family-noise_n-800_noise-0.1_p-2,weighted_bootstrap,cart_tuned,20,dataset,0.0,0.0,0.0,0,20
family-noise_n-800_noise-0.1_p-2,weighted_subsample,cart_tuned,20,dataset,0.0,0.0,0.0,0,20
family-noise_n-800_noise-0.1_p-2,aloof,aloof,20,dataset,0.0,0.0,0.0,0,20
family-noise_n-800_noise-0.1_p-2,cart,aloof,20,dataset,-0.00502499999999999,-0.008420702588097916,-0.0016292974119020641,0,9
family-noise_n-800_noise-0.1_p-2,cart_strong,aloof,20,dataset,0.0,0.0,0.0,0,20
family-noise_n-800_noise-0.1_p-2,cart_tuned,aloof,20,dataset,0.0,0.0,0.0,0,20
family-noise_n-800_noise-0.1_p-2,error_greedy,aloof,20,dataset,0.0,0.0,0.0,0,20
family-noise_n-800_noise-0.1_p-2,fixed_keep_single_class,aloof,20,dataset,-0.003174999999999989,-0.0050876232609033244,-0.0012623767390966536,0,10
family-noise_n-800_noise-0.1_p-2,fixed_original,aloof,20,dataset,-0.0028549999999999964,-0.004814932473734048,-0.0008950675262659451,0,12
family-noise_n-800_noise-0.1_p-2,fixed_random_ties,aloof,20,dataset,-0.0036949999999999874,-0.0057918472165206045,-0.0015981527834793706,0,10
family-noise_n-800_noise-0.1_p-2,fixed_refined,aloof,20,dataset,-0.003005000000000002,-0.004669369766288606,-0.0013406302337113983,0,10
family-noise_n-800_noise-0.1_p-2,frequency_bootstrap,aloof,20,dataset,0.0,0.0,0.0,0,20
family-noise_n-800_noise-0.1_p-2,frequency_subsample,aloof,20,dataset,0.0,0.0,0.0,0,20
family-noise_n-800_noise-0.1_p-2,holdout_common,aloof,20,dataset,0.0,0.0,0.0,0,20
family-noise_n-800_noise-0.1_p-2,holdout_refined,aloof,20,dataset,0.0,0.0,0.0,0,20
family-noise_n-800_noise-0.1_p-2,holdout_selected,aloof,20,dataset,0.0,0.0,0.0,0,20
family-noise_n-800_noise-0.1_p-2,node_vote,aloof,20,dataset,0.0,0.0,0.0,0,20
family-noise_n-800_noise-0.1_p-2,relative_bootstrap,aloof,20,dataset,0.0,0.0,0.0,0,20
family-noise_n-800_noise-0.1_p-2,relative_random_bootstrap,aloof,20,dataset,0.0,0.0,0.0,0,20
family-noise_n-800_noise-0.1_p-2,relative_random_subsample,aloof,20,dataset,0.0,0.0,0.0,0,20
family-noise_n-800_noise-0.1_p-2,relative_subsample,aloof,20,dataset,0.0,0.0,0.0,0,20
family-noise_n-800_noise-0.1_p-2,weighted_bootstrap,aloof,20,dataset,0.0,0.0,0.0,0,20
family-noise_n-800_noise-0.1_p-2,weighted_subsample,aloof,20,dataset,0.0,0.0,0.0,0,20
family-noise_n-800_noise-0.1_p-2,aloof,node_vote,20,dataset,0.0,0.0,0.0,0,20
family-noise_n-800_noise-0.1_p-2,cart,node_vote,20,dataset,-0.00502499999999999,-0.008420702588097916,-0.0016292974119020641,0,9
family-noise_n-800_noise-0.1_p-2,cart_strong,node_vote,20,dataset,0.0,0.0,0.0,0,20
family-noise_n-800_noise-0.1_p-2,cart_tuned,node_vote,20,dataset,0.0,0.0,0.0,0,20
family-noise_n-800_noise-0.1_p-2,error_greedy,node_vote,20,dataset,0.0,0.0,0.0,0,20
family-noise_n-800_noise-0.1_p-2,fixed_keep_single_class,node_vote,20,dataset,-0.003174999999999989,-0.0050876232609033244,-0.0012623767390966536,0,10
family-noise_n-800_noise-0.1_p-2,fixed_original,node_vote,20,dataset,-0.0028549999999999964,-0.004814932473734048,-0.0008950675262659451,0,12
family-noise_n-800_noise-0.1_p-2,fixed_random_ties,node_vote,20,dataset,-0.0036949999999999874,-0.0057918472165206045,-0.0015981527834793706,0,10
family-noise_n-800_noise-0.1_p-2,fixed_refined,node_vote,20,dataset,-0.003005000000000002,-0.004669369766288606,-0.0013406302337113983,0,10
family-noise_n-800_noise-0.1_p-2,frequency_bootstrap,node_vote,20,dataset,0.0,0.0,0.0,0,20
family-noise_n-800_noise-0.1_p-2,frequency_subsample,node_vote,20,dataset,0.0,0.0,0.0,0,20
family-noise_n-800_noise-0.1_p-2,holdout_common,node_vote,20,dataset,0.0,0.0,0.0,0,20
family-noise_n-800_noise-0.1_p-2,holdout_refined,node_vote,20,dataset,0.0,0.0,0.0,0,20
family-noise_n-800_noise-0.1_p-2,holdout_selected,node_vote,20,dataset,0.0,0.0,0.0,0,20
family-noise_n-800_noise-0.1_p-2,node_vote,node_vote,20,dataset,0.0,0.0,0.0,0,20
family-noise_n-800_noise-0.1_p-2,relative_bootstrap,node_vote,20,dataset,0.0,0.0,0.0,0,20
family-noise_n-800_noise-0.1_p-2,relative_random_bootstrap,node_vote,20,dataset,0.0,0.0,0.0,0,20
family-noise_n-800_noise-0.1_p-2,relative_random_subsample,node_vote,20,dataset,0.0,0.0,0.0,0,20
family-noise_n-800_noise-0.1_p-2,relative_subsample,node_vote,20,dataset,0.0,0.0,0.0,0,20
family-noise_n-800_noise-0.1_p-2,weighted_bootstrap,node_vote,20,dataset,0.0,0.0,0.0,0,20
family-noise_n-800_noise-0.1_p-2,weighted_subsample,node_vote,20,dataset,0.0,0.0,0.0,0,20
family-noise_n-800_noise-0.1_p-20,aloof,cart_strong,20,dataset,0.0,0.0,0.0,0,20
family-noise_n-800_noise-0.1_p-20,cart,cart_strong,20,dataset,-0.03189000000000001,-0.03775536149004045,-0.026024638509959574,0,0
family-noise_n-800_noise-0.1_p-20,cart_strong,cart_strong,20,dataset,0.0,0.0,0.0,0,20
family-noise_n-800_noise-0.1_p-20,cart_tuned,cart_strong,20,dataset,0.0,0.0,0.0,0,20
family-noise_n-800_noise-0.1_p-20,error_greedy,cart_strong,20,dataset,0.0,0.0,0.0,0,20
family-noise_n-800_noise-0.1_p-20,fixed_keep_single_class,cart_strong,20,dataset,-0.029814999999999998,-0.03504040095173029,-0.0245895990482697,0,0
family-noise_n-800_noise-0.1_p-20,fixed_original,cart_strong,20,dataset,-0.025804999999999995,-0.03054577729922175,-0.021064222700778238,0,0
family-noise_n-800_noise-0.1_p-20,fixed_random_ties,cart_strong,20,dataset,-0.03099,-0.037063147665220675,-0.024916852334779326,0,0
family-noise_n-800_noise-0.1_p-20,fixed_refined,cart_strong,20,dataset,-0.024009999999999986,-0.028603244825552505,-0.019416755174447468,0,0
family-noise_n-800_noise-0.1_p-20,frequency_bootstrap,cart_strong,20,dataset,0.0,0.0,0.0,0,20
family-noise_n-800_noise-0.1_p-20,frequency_subsample,cart_strong,20,dataset,0.0,0.0,0.0,0,20
family-noise_n-800_noise-0.1_p-20,holdout_common,cart_strong,20,dataset,0.0,0.0,0.0,0,20
family-noise_n-800_noise-0.1_p-20,holdout_refined,cart_strong,20,dataset,0.0,0.0,0.0,0,20
family-noise_n-800_noise-0.1_p-20,holdout_selected,cart_strong,20,dataset,0.0,0.0,0.0,0,20
family-noise_n-800_noise-0.1_p-20,node_vote,cart_strong,20,dataset,0.0,0.0,0.0,0,20
family-noise_n-800_noise-0.1_p-20,relative_bootstrap,cart_strong,20,dataset,0.0,0.0,0.0,0,20
family-noise_n-800_noise-0.1_p-20,relative_random_bootstrap,cart_strong,20,dataset,0.0,0.0,0.0,0,20
family-noise_n-800_noise-0.1_p-20,relative_random_subsample,cart_strong,20,dataset,0.0,0.0,0.0,0,20
family-noise_n-800_noise-0.1_p-20,relative_subsample,cart_strong,20,dataset,0.0,0.0,0.0,0,20
family-noise_n-800_noise-0.1_p-20,weighted_bootstrap,cart_strong,20,dataset,0.0,0.0,0.0,0,20
family-noise_n-800_noise-0.1_p-20,weighted_subsample,cart_strong,20,dataset,0.0,0.0,0.0,0,20
family-noise_n-800_noise-0.1_p-20,aloof,cart_tuned,20,dataset,0.0,0.0,0.0,0,20
family-noise_n-800_noise-0.1_p-20,cart,cart_tuned,20,dataset,-0.03189000000000001,-0.03775536149004045,-0.026024638509959574,0,0
family-noise_n-800_noise-0.1_p-20,cart_strong,cart_tuned,20,dataset,0.0,0.0,0.0,0,20
family-noise_n-800_noise-0.1_p-20,cart_tuned,cart_tuned,20,dataset,0.0,0.0,0.0,0,20
family-noise_n-800_noise-0.1_p-20,error_greedy,cart_tuned,20,dataset,0.0,0.0,0.0,0,20
family-noise_n-800_noise-0.1_p-20,fixed_keep_single_class,cart_tuned,20,dataset,-0.029814999999999998,-0.03504040095173029,-0.0245895990482697,0,0
family-noise_n-800_noise-0.1_p-20,fixed_original,cart_tuned,20,dataset,-0.025804999999999995,-0.03054577729922175,-0.021064222700778238,0,0
family-noise_n-800_noise-0.1_p-20,fixed_random_ties,cart_tuned,20,dataset,-0.03099,-0.037063147665220675,-0.024916852334779326,0,0
family-noise_n-800_noise-0.1_p-20,fixed_refined,cart_tuned,20,dataset,-0.024009999999999986,-0.028603244825552505,-0.019416755174447468,0,0
family-noise_n-800_noise-0.1_p-20,frequency_bootstrap,cart_tuned,20,dataset,0.0,0.0,0.0,0,20
family-noise_n-800_noise-0.1_p-20,frequency_subsample,cart_tuned,20,dataset,0.0,0.0,0.0,0,20
family-noise_n-800_noise-0.1_p-20,holdout_common,cart_tuned,20,dataset,0.0,0.0,0.0,0,20
family-noise_n-800_noise-0.1_p-20,holdout_refined,cart_tuned,20,dataset,0.0,0.0,0.0,0,20
family-noise_n-800_noise-0.1_p-20,holdout_selected,cart_tuned,20,dataset,0.0,0.0,0.0,0,20
family-noise_n-800_noise-0.1_p-20,node_vote,cart_tuned,20,dataset,0.0,0.0,0.0,0,20
family-noise_n-800_noise-0.1_p-20,relative_bootstrap,cart_tuned,20,dataset,0.0,0.0,0.0,0,20
family-noise_n-800_noise-0.1_p-20,relative_random_bootstrap,cart_tuned,20,dataset,0.0,0.0,0.0,0,20
family-noise_n-800_noise-0.1_p-20,relative_random_subsample,cart_tuned,20,dataset,0.0,0.0,0.0,0,20
family-noise_n-800_noise-0.1_p-20,relative_subsample,cart_tuned,20,dataset,0.0,0.0,0.0,0,20
family-noise_n-800_noise-0.1_p-20,weighted_bootstrap,cart_tuned,20,dataset,0.0,0.0,0.0,0,20
family-noise_n-800_noise-0.1_p-20,weighted_subsample,cart_tuned,20,dataset,0.0,0.0,0.0,0,20
family-noise_n-800_noise-0.1_p-20,aloof,aloof,20,dataset,0.0,0.0,0.0,0,20
family-noise_n-800_noise-0.1_p-20,cart,aloof,20,dataset,-0.03189000000000001,-0.03775536149004045,-0.026024638509959574,0,0
family-noise_n-800_noise-0.1_p-20,cart_strong,aloof,20,dataset,0.0,0.0,0.0,0,20
family-noise_n-800_noise-0.1_p-20,cart_tuned,aloof,20,dataset,0.0,0.0,0.0,0,20
family-noise_n-800_noise-0.1_p-20,error_greedy,aloof,20,dataset,0.0,0.0,0.0,0,20
family-noise_n-800_noise-0.1_p-20,fixed_keep_single_class,aloof,20,dataset,-0.029814999999999998,-0.03504040095173029,-0.0245895990482697,0,0
family-noise_n-800_noise-0.1_p-20,fixed_original,aloof,20,dataset,-0.025804999999999995,-0.03054577729922175,-0.021064222700778238,0,0
family-noise_n-800_noise-0.1_p-20,fixed_random_ties,aloof,20,dataset,-0.03099,-0.037063147665220675,-0.024916852334779326,0,0
family-noise_n-800_noise-0.1_p-20,fixed_refined,aloof,20,dataset,-0.024009999999999986,-0.028603244825552505,-0.019416755174447468,0,0
family-noise_n-800_noise-0.1_p-20,frequency_bootstrap,aloof,20,dataset,0.0,0.0,0.0,0,20
family-noise_n-800_noise-0.1_p-20,frequency_subsample,aloof,20,dataset,0.0,0.0,0.0,0,20
family-noise_n-800_noise-0.1_p-20,holdout_common,aloof,20,dataset,0.0,0.0,0.0,0,20
family-noise_n-800_noise-0.1_p-20,holdout_refined,aloof,20,dataset,0.0,0.0,0.0,0,20
family-noise_n-800_noise-0.1_p-20,holdout_selected,aloof,20,dataset,0.0,0.0,0.0,0,20
family-noise_n-800_noise-0.1_p-20,node_vote,aloof,20,dataset,0.0,0.0,0.0,0,20
family-noise_n-800_noise-0.1_p-20,relative_bootstrap,aloof,20,dataset,0.0,0.0,0.0,0,20
family-noise_n-800_noise-0.1_p-20,relative_random_bootstrap,aloof,20,dataset,0.0,0.0,0.0,0,20
family-noise_n-800_noise-0.1_p-20,relative_random_subsample,aloof,20,dataset,0.0,0.0,0.0,0,20
family-noise_n-800_noise-0.1_p-20,relative_subsample,aloof,20,dataset,0.0,0.0,0.0,0,20
family-noise_n-800_noise-0.1_p-20,weighted_bootstrap,aloof,20,dataset,0.0,0.0,0.0,0,20
family-noise_n-800_noise-0.1_p-20,weighted_subsample,aloof,20,dataset,0.0,0.0,0.0,0,20
family-noise_n-800_noise-0.1_p-20,aloof,node_vote,20,dataset,0.0,0.0,0.0,0,20
family-noise_n-800_noise-0.1_p-20,cart,node_vote,20,dataset,-0.03189000000000001,-0.03775536149004045,-0.026024638509959574,0,0
family-noise_n-800_noise-0.1_p-20,cart_strong,node_vote,20,dataset,0.0,0.0,0.0,0,20
family-noise_n-800_noise-0.1_p-20,cart_tuned,node_vote,20,dataset,0.0,0.0,0.0,0,20
family-noise_n-800_noise-0.1_p-20,error_greedy,node_vote,20,dataset,0.0,0.0,0.0,0,20
family-noise_n-800_noise-0.1_p-20,fixed_keep_single_class,node_vote,20,dataset,-0.029814999999999998,-0.03504040095173029,-0.0245895990482697,0,0
family-noise_n-800_noise-0.1_p-20,fixed_original,node_vote,20,dataset,-0.025804999999999995,-0.03054577729922175,-0.021064222700778238,0,0
family-noise_n-800_noise-0.1_p-20,fixed_random_ties,node_vote,20,dataset,-0.03099,-0.037063147665220675,-0.024916852334779326,0,0
family-noise_n-800_noise-0.1_p-20,fixed_refined,node_vote,20,dataset,-0.024009999999999986,-0.028603244825552505,-0.019416755174447468,0,0
family-noise_n-800_noise-0.1_p-20,frequency_bootstrap,node_vote,20,dataset,0.0,0.0,0.0,0,20
family-noise_n-800_noise-0.1_p-20,frequency_subsample,node_vote,20,dataset,0.0,0.0,0.0,0,20
family-noise_n-800_noise-0.1_p-20,holdout_common,node_vote,20,dataset,0.0,0.0,0.0,0,20
family-noise_n-800_noise-0.1_p-20,holdout_refined,node_vote,20,dataset,0.0,0.0,0.0,0,20
family-noise_n-800_noise-0.1_p-20,holdout_selected,node_vote,20,dataset,0.0,0.0,0.0,0,20
family-noise_n-800_noise-0.1_p-20,node_vote,node_vote,20,dataset,0.0,0.0,0.0,0,20
family-noise_n-800_noise-0.1_p-20,relative_bootstrap,node_vote,20,dataset,0.0,0.0,0.0,0,20
family-noise_n-800_noise-0.1_p-20,relative_random_bootstrap,node_vote,20,dataset,0.0,0.0,0.0,0,20
family-noise_n-800_noise-0.1_p-20,relative_random_subsample,node_vote,20,dataset,0.0,0.0,0.0,0,20
family-noise_n-800_noise-0.1_p-20,relative_subsample,node_vote,20,dataset,0.0,0.0,0.0,0,20
family-noise_n-800_noise-0.1_p-20,weighted_bootstrap,node_vote,20,dataset,0.0,0.0,0.0,0,20
family-noise_n-800_noise-0.1_p-20,weighted_subsample,node_vote,20,dataset,0.0,0.0,0.0,0,20
family-noise_n-800_noise-0.4_p-2,aloof,cart_strong,20,dataset,0.0038900000000000046,-0.007206278785613404,0.014986278785613413,2,13
family-noise_n-800_noise-0.4_p-2,cart,cart_strong,20,dataset,-0.015854999999999998,-0.025451133268628853,-0.0062588667313711425,1,1
family-noise_n-800_noise-0.4_p-2,cart_strong,cart_strong,20,dataset,0.0,0.0,0.0,0,20
family-noise_n-800_noise-0.4_p-2,cart_tuned,cart_strong,20,dataset,0.00484,-0.005290236423335992,0.014970236423335993,1,19
family-noise_n-800_noise-0.4_p-2,error_greedy,cart_strong,20,dataset,-0.0005749999999999922,-0.011570816067500876,0.010420816067500891,2,5
family-noise_n-800_noise-0.4_p-2,fixed_keep_single_class,cart_strong,20,dataset,-0.007619999999999993,-0.0201535878722504,0.004913587872250415,2,0
family-noise_n-800_noise-0.4_p-2,fixed_original,cart_strong,20,dataset,-0.004384999999999989,-0.015705137933784113,0.006935137933784137,2,0
family-noise_n-800_noise-0.4_p-2,fixed_random_ties,cart_strong,20,dataset,-0.010824999999999991,-0.018915715005832487,-0.002734284994167493,2,0
family-noise_n-800_noise-0.4_p-2,fixed_refined,cart_strong,20,dataset,-0.00887,-0.016736117644875925,-0.0010038823551240736,2,0
family-noise_n-800_noise-0.4_p-2,frequency_bootstrap,cart_strong,20,dataset,0.004720000000000002,-0.006092935810339163,0.015532935810339167,2,16
family-noise_n-800_noise-0.4_p-2,frequency_subsample,cart_strong,20,dataset,0.0021300000000000095,-0.00985410411902991,0.01411410411902993,3,12
family-noise_n-800_noise-0.4_p-2,holdout_common,cart_strong,20,dataset,0.0009950000000000126,-0.0071661762188534135,0.009156176218853439,3,11
family-noise_n-800_noise-0.4_p-2,holdout_refined,cart_strong,20,dataset,0.002725000000000011,-0.008934269005837091,0.014384269005837112,2,12
family-noise_n-800_noise-0.4_p-2,holdout_selected,cart_strong,20,dataset,0.0027750000000000053,-0.008986866783789219,0.014536866783789229,2,13
family-noise_n-800_noise-0.4_p-2,node_vote,cart_strong,20,dataset,0.0034450000000000093,-0.007892632535821674,0.014782632535821691,2,13
family-noise_n-800_noise-0.4_p-2,relative_bootstrap,cart_strong,20,dataset,0.004720000000000002,-0.006092935810339163,0.015532935810339167,2,16
family-noise_n-800_noise-0.4_p-2,relative_random_bootstrap,cart_strong,20,dataset,0.005585000000000001,-0.004818029658135206,0.015988029658135207,2,16
family-noise_n-800_noise-0.4_p-2,relative_random_subsample,cart_strong,20,dataset,0.002775000000000011,-0.008587916964993055,0.014137916964993075,3,11
family-noise_n-800_noise-0.4_p-2,relative_subsample,cart_strong,20,dataset,0.0021300000000000095,-0.00985410411902991,0.01411410411902993,3,12
family-noise_n-800_noise-0.4_p-2,weighted_bootstrap,cart_strong,20,dataset,0.005630000000000001,-0.004768560848136547,0.01602856084813655,2,17
family-noise_n-800_noise-0.4_p-2,weighted_subsample,cart_strong,20,dataset,0.004330000000000012,-0.00653384756485116,0.015193847564851183,3,13
family-noise_n-800_noise-0.4_p-2,aloof,cart_tuned,20,dataset,-0.0009499999999999953,-0.005237823462350387,0.003337823462350397,1,14
family-noise_n-800_noise-0.4_p-2,cart,cart_tuned,20,dataset,-0.020694999999999998,-0.026160547649136195,-0.0152294523508638,0,1
family-noise_n-800_noise-0.4_p-2,cart_strong,cart_tuned,20,dataset,-0.00484,-0.014970236423335993,0.005290236423335992,0,19
family-noise_n-800_noise-0.4_p-2,cart_tuned,cart_tuned,20,dataset,0.0,0.0,0.0,0,20
family-noise_n-800_noise-0.4_p-2,error_greedy,cart_tuned,20,dataset,-0.005414999999999992,-0.010919992002561961,8.999200256197635e-05,1,5
family-noise_n-800_noise-0.4_p-2,fixed_keep_single_class,cart_tuned,20,dataset,-0.012459999999999994,-0.018945360482514308,-0.005974639517485681,1,0
family-noise_n-800_noise-0.4_p-2,fixed_original,cart_tuned,20,dataset,-0.009224999999999988,-0.013734403458747251,-0.0047155965412527265,1,0
family-noise_n-800_noise-0.4_p-2,fixed_random_ties,cart_tuned,20,dataset,-0.01566499999999999,-0.024526563479339535,-0.0068034365206604466,1,0
family-noise_n-800_noise-0.4_p-2,fixed_refined,cart_tuned,20,dataset,-0.01371,-0.021079514559295645,-0.006340485440704353,1,0
family-noise_n-800_noise-0.4_p-2,frequency_bootstrap,cart_tuned,20,dataset,-0.00011999999999999789,-0.003865672922665448,0.0036256729226654526,1,17
family-noise_n-800_noise-0.4_p-2,frequency_subsample,cart_tuned,20,dataset,-0.00270999999999999,-0.008621740498850658,0.0032017404988506767,2,13
family-noise_n-800_noise-0.4_p-2,holdout_common,cart_tuned,20,dataset,-0.0038449999999999873,-0.009971549065208937,0.0022815490652089623,2,11
family-noise_n-800_noise-0.4_p-2,holdout_refined,cart_tuned,20,dataset,-0.0021149999999999893,-0.007462564358496473,0.003232564358496494,1,13
family-noise_n-800_noise-0.4_p-2,holdout_selected,cart_tuned,20,dataset,-0.002064999999999995,-0.007642723092056488,0.0035127230920564984,1,14
family-noise_n-800_noise-0.4_p-2,node_vote,cart_tuned,20,dataset,-0.0013949999999999906,-0.00617064168971742,0.003380641689717438,1,14
family-noise_n-800_noise-0.4_p-2,relative_bootstrap,cart_tuned,20,dataset,-0.00011999999999999789,-0.003865672922665448,0.0036256729226654526,1,17
family-noise_n-800_noise-0.4_p-2,relative_random_bootstrap,cart_tuned,20,dataset,0.0007450000000000012,-0.0019501965059987654,0.003440196505998768,1,17
family-noise_n-800_noise-0.4_p-2,relative_random_subsample,cart_tuned,20,dataset,-0.002064999999999989,-0.006743179838931286,0.002613179838931308,2,12
family-noise_n-800_noise-0.4_p-2,relative_subsample,cart_tuned,20,dataset,-0.00270999999999999,-0.008621740498850658,0.0032017404988506767,2,13
family-noise_n-800_noise-0.4_p-2,weighted_bootstrap,cart_tuned,20,dataset,0.0007900000000000019,-0.0019065830788511913,0.0034865830788511952,1,18
family-noise_n-800_noise-0.4_p-2,weighted_subsample,cart_tuned,20,dataset,-0.0005099999999999882,-0.00428667006900361,0.0032666700690036337,2,14
family-noise_n-800_noise-0.4_p-2,aloof,aloof,20,dataset,0.0,0.0,0.0,0,20
family-noise_n-800_noise-0.4_p-2,cart,aloof,20,dataset,-0.019745000000000002,-0.025144380244425214,-0.01434561975557479,0,0
family-noise_n-800_noise-0.4_p-2,cart_strong,aloof,20,dataset,-0.0038900000000000046,-0.014986278785613413,0.007206278785613404,5,13
family-noise_n-800_noise-0.4_p-2,cart_tuned,aloof,20,dataset,0.0009499999999999953,-0.003337823462350397,0.005237823462350387,5,14
family-noise_n-800_noise-0.4_p-2,error_greedy,aloof,20,dataset,-0.004464999999999997,-0.006688478067413862,-0.002241521932586131,1,6
family-noise_n-800_noise-0.4_p-2,fixed_keep_single_class,aloof,20,dataset,-0.011509999999999998,-0.016653115328576707,-0.006366884671423289,2,1
family-noise_n-800_noise-0.4_p-2,fixed_original,aloof,20,dataset,-0.008274999999999994,-0.011619976386320206,-0.004930023613679784,3,0
family-noise_n-800_noise-0.4_p-2,fixed_random_ties,aloof,20,dataset,-0.014714999999999995,-0.02302939810291,-0.006400601897089991,2,0
family-noise_n-800_noise-0.4_p-2,fixed_refined,aloof,20,dataset,-0.012760000000000004,-0.019099632042157155,-0.0064203679578428525,2,0
family-noise_n-800_noise-0.4_p-2,frequency_bootstrap,aloof,20,dataset,0.0008299999999999974,-0.002983039490207168,0.004643039490207163,5,12
family-noise_n-800_noise-0.4_p-2,frequency_subsample,aloof,20,dataset,-0.0017599999999999949,-0.007478680874350119,0.003958680874350129,5,11
family-noise_n-800_noise-0.4_p-2,holdout_common,aloof,20,dataset,-0.002894999999999992,-0.007478032874970381,0.0016880328749703964,2,12
family-noise_n-800_noise-0.4_p-2,holdout_refined,aloof,20,dataset,-0.0011649999999999937,-0.005061780038451665,0.0027317800384516772,4,13
family-noise_n-800_noise-0.4_p-2,holdout_selected,aloof,20,dataset,-0.0011149999999999992,-0.005375738214278107,0.003145738214278109,3,13
family-noise_n-800_noise-0.4_p-2,node_vote,aloof,20,dataset,-0.0004449999999999954,-0.0027805587303715946,0.001890558730371604,2,14
family-noise_n-800_noise-0.4_p-2,relative_bootstrap,aloof,20,dataset,0.0008299999999999974,-0.002983039490207168,0.004643039490207163,5,12
family-noise_n-800_noise-0.4_p-2,relative_random_bootstrap,aloof,20,dataset,0.0016949999999999964,-0.0010242561239889644,0.004414256123988957,5,12
family-noise_n-800_noise-0.4_p-2,relative_random_subsample,aloof,20,dataset,-0.0011149999999999938,-0.005514709475310225,0.0032847094753102376,5,10
family-noise_n-800_noise-0.4_p-2,relative_subsample,aloof,20,dataset,-0.0017599999999999949,-0.007478680874350119,0.003958680874350129,5,11
family-noise_n-800_noise-0.4_p-2,weighted_bootstrap,aloof,20,dataset,0.0017399999999999972,-0.0009770050771823386,0.0044570050771823334,5,13
family-noise_n-800_noise-0.4_p-2,weighted_subsample,aloof,20,dataset,0.00044000000000000706,-0.0028847717357288736,0.003764771735728888,5,12
family-noise_n-800_noise-0.4_p-2,aloof,node_vote,20,dataset,0.0004449999999999954,-0.001890558730371604,0.0027805587303715946,4,14
family-noise_n-800_noise-0.4_p-2,cart,node_vote,20,dataset,-0.019300000000000005,-0.02473584282706463,-0.01386415717293538,1,0
family-noise_n-800_noise-0.4_p-2,cart_strong,node_vote,20,dataset,-0.0034450000000000093,-0.014782632535821691,0.007892632535821674,5,13
family-noise_n-800_noise-0.4_p-2,cart_tuned,node_vote,20,dataset,0.0013949999999999906,-0.003380641689717438,0.00617064168971742,5,14
family-noise_n-800_noise-0.4_p-2,error_greedy,node_vote,20,dataset,-0.004020000000000001,-0.007666708165588485,-0.00037329183441151687,4,4
family-noise_n-800_noise-0.4_p-2,fixed_keep_single_class,node_vote,20,dataset,-0.011065000000000002,-0.015522059553749738,-0.006607940446250265,2,0
family-noise_n-800_noise-0.4_p-2,fixed_original,node_vote,20,dataset,-0.007829999999999998,-0.011085878624073684,-0.004574121375926313,3,0
family-noise_n-800_noise-0.4_p-2,fixed_random_ties,node_vote,20,dataset,-0.01427,-0.02232872342775085,-0.006211276572249151,2,0
family-noise_n-800_noise-0.4_p-2,fixed_refined,node_vote,20,dataset,-0.01231500000000001,-0.018409264459077493,-0.006220735540922529,1,0
family-noise_n-800_noise-0.4_p-2,frequency_bootstrap,node_vote,20,dataset,0.0012749999999999927,-0.003035091193730182,0.005585091193730168,4,13
family-noise_n-800_noise-0.4_p-2,frequency_subsample,node_vote,20,dataset,-0.0013149999999999995,-0.00738190636868009,0.004751906368680091,5,11
family-noise_n-800_noise-0.4_p-2,holdout_common,node_vote,20,dataset,-0.0024499999999999965,-0.0064916591422951525,0.0015916591422951596,2,13
family-noise_n-800_noise-0.4_p-2,holdout_refined,node_vote,20,dataset,-0.0007199999999999984,-0.004204564978870028,0.0027645649788700308,4,15
family-noise_n-800_noise-0.4_p-2,holdout_selected,node_vote,20,dataset,-0.0006700000000000039,-0.0047122181672510435,0.0033722181672510357,4,15
family-noise_n-800_noise-0.4_p-2,node_vote,node_vote,20,dataset,0.0,0.0,0.0,0,20
family-noise_n-800_noise-0.4_p-2,relative_bootstrap,node_vote,20,dataset,0.0012749999999999927,-0.003035091193730182,0.005585091193730168,4,13
family-noise_n-800_noise-0.4_p-2,relative_random_bootstrap,node_vote,20,dataset,0.0021399999999999917,-0.0012561277807416667,0.00553612778074165,4,13
family-noise_n-800_noise-0.4_p-2,relative_random_subsample,node_vote,20,dataset,-0.0006699999999999984,-0.00550002371926433,0.004160023719264333,5,10
family-noise_n-800_noise-0.4_p-2,relative_subsample,node_vote,20,dataset,-0.0013149999999999995,-0.00738190636868009,0.004751906368680091,5,11
family-noise_n-800_noise-0.4_p-2,weighted_bootstrap,node_vote,20,dataset,0.0021849999999999925,-0.0012074894317687448,0.00557748943176873,4,14
family-noise_n-800_noise-0.4_p-2,weighted_subsample,node_vote,20,dataset,0.0008850000000000024,-0.0029499317144235215,0.0047199317144235265,5,12
family-noise_n-800_noise-0.4_p-20,aloof,cart_strong,20,dataset,-0.008889999999999999,-0.019535048604902537,0.0017550486049025399,3,3
family-noise_n-800_noise-0.4_p-20,cart,cart_strong,20,dataset,-0.04218999999999999,-0.053680120146760574,-0.03069987985323941,3,0
family-noise_n-800_noise-0.4_p-20,cart_strong,cart_strong,20,dataset,0.0,0.0,0.0,0,20
family-noise_n-800_noise-0.4_p-20,cart_tuned,cart_strong,20,dataset,0.0,0.0,0.0,0,20
family-noise_n-800_noise-0.4_p-20,error_greedy,cart_strong,20,dataset,-0.015839999999999986,-0.02295102136077133,-0.00872897863922864,3,0
family-noise_n-800_noise-0.4_p-20,fixed_keep_single_class,cart_strong,20,dataset,-0.020289999999999992,-0.02776556338610211,-0.012814436613897877,2,0
family-noise_n-800_noise-0.4_p-20,fixed_original,cart_strong,20,dataset,-0.01404499999999998,-0.019682776479124316,-0.008407223520875643,3,0
family-noise_n-800_noise-0.4_p-20,fixed_random_ties,cart_strong,20,dataset,-0.02071999999999999,-0.027390505492858035,-0.01404949450714194,2,0
family-noise_n-800_noise-0.4_p-20,fixed_refined,cart_strong,20,dataset,-0.016189999999999993,-0.023022434992592412,-0.009357565007407571,3,0
family-noise_n-800_noise-0.4_p-20,frequency_bootstrap,cart_strong,20,dataset,0.0041849999999999995,-0.0022845718503264785,0.010654571850326477,3,15
family-noise_n-800_noise-0.4_p-20,frequency_subsample,cart_strong,20,dataset,0.0008450000000000069,-0.007119926331808031,0.008809926331808045,3,12
family-noise_n-800_noise-0.4_p-20,holdout_common,cart_strong,20,dataset,-0.008984999999999993,-0.01612510876898827,-0.0018448912310117145,2,1
family-noise_n-800_noise-0.4_p-20,holdout_refined,cart_strong,20,dataset,0.00023500000000000186,-0.005584709844282865,0.006054709844282869,3,8
family-noise_n-800_noise-0.4_p-20,holdout_selected,cart_strong,20,dataset,0.0025350000000000095,-0.003263992326632095,0.008333992326632114,3,12
family-noise_n-800_noise-0.4_p-20,node_vote,cart_strong,20,dataset,-0.011024999999999997,-0.019891942500219188,-0.0021580574997808067,2,4
family-noise_n-800_noise-0.4_p-20,relative_bootstrap,cart_strong,20,dataset,0.0041849999999999995,-0.0022845718503264785,0.010654571850326477,3,15
family-noise_n-800_noise-0.4_p-20,relative_random_bootstrap,cart_strong,20,dataset,0.0041849999999999995,-0.0022845718503264785,0.010654571850326477,3,15
family-noise_n-800_noise-0.4_p-20,relative_random_subsample,cart_strong,20,dataset,0.0002750000000000086,-0.00798204132664366,0.008532041326643676,3,11
family-noise_n-800_noise-0.4_p-20,relative_subsample,cart_strong,20,dataset,0.0008450000000000069,-0.007119926331808031,0.008809926331808045,3,12
family-noise_n-800_noise-0.4_p-20,weighted_bootstrap,cart_strong,20,dataset,0.003714999999999996,-0.002933826982876437,0.01036382698287643,3,15
family-noise_n-800_noise-0.4_p-20,weighted_subsample,cart_strong,20,dataset,0.0008450000000000069,-0.007119926331808031,0.008809926331808045,3,12
family-noise_n-800_noise-0.4_p-20,aloof,cart_tuned,20,dataset,-0.008889999999999999,-0.019535048604902537,0.0017550486049025399,3,3
family-noise_n-800_noise-0.4_p-20,cart,cart_tuned,20,dataset,-0.04218999999999999,-0.053680120146760574,-0.03069987985323941,3,0
family-noise_n-800_noise-0.4_p-20,cart_strong,cart_tuned,20,dataset,0.0,0.0,0.0,0,20
family-noise_n-800_noise-0.4_p-20,cart_tuned,cart_tuned,20,dataset,0.0,0.0,0.0,0,20
family-noise_n-800_noise-0.4_p-20,error_greedy,cart_tuned,20,dataset,-0.015839999999999986,-0.02295102136077133,-0.00872897863922864,3,0
family-noise_n-800_noise-0.4_p-20,fixed_keep_single_class,cart_tuned,20,dataset,-0.020289999999999992,-0.02776556338610211,-0.012814436613897877,2,0
family-noise_n-800_noise-0.4_p-20,fixed_original,cart_tuned,20,dataset,-0.01404499999999998,-0.019682776479124316,-0.008407223520875643,3,0
family-noise_n-800_noise-0.4_p-20,fixed_random_ties,cart_tuned,20,dataset,-0.02071999999999999,-0.027390505492858035,-0.01404949450714194,2,0
family-noise_n-800_noise-0.4_p-20,fixed_refined,cart_tuned,20,dataset,-0.016189999999999993,-0.023022434992592412,-0.009357565007407571,3,0
family-noise_n-800_noise-0.4_p-20,frequency_bootstrap,cart_tuned,20,dataset,0.0041849999999999995,-0.0022845718503264785,0.010654571850326477,3,15
family-noise_n-800_noise-0.4_p-20,frequency_subsample,cart_tuned,20,dataset,0.0008450000000000069,-0.007119926331808031,0.008809926331808045,3,12
family-noise_n-800_noise-0.4_p-20,holdout_common,cart_tuned,20,dataset,-0.008984999999999993,-0.01612510876898827,-0.0018448912310117145,2,1
family-noise_n-800_noise-0.4_p-20,holdout_refined,cart_tuned,20,dataset,0.00023500000000000186,-0.005584709844282865,0.006054709844282869,3,8
family-noise_n-800_noise-0.4_p-20,holdout_selected,cart_tuned,20,dataset,0.0025350000000000095,-0.003263992326632095,0.008333992326632114,3,12
family-noise_n-800_noise-0.4_p-20,node_vote,cart_tuned,20,dataset,-0.011024999999999997,-0.019891942500219188,-0.0021580574997808067,2,4
family-noise_n-800_noise-0.4_p-20,relative_bootstrap,cart_tuned,20,dataset,0.0041849999999999995,-0.0022845718503264785,0.010654571850326477,3,15
family-noise_n-800_noise-0.4_p-20,relative_random_bootstrap,cart_tuned,20,dataset,0.0041849999999999995,-0.0022845718503264785,0.010654571850326477,3,15
family-noise_n-800_noise-0.4_p-20,relative_random_subsample,cart_tuned,20,dataset,0.0002750000000000086,-0.00798204132664366,0.008532041326643676,3,11
family-noise_n-800_noise-0.4_p-20,relative_subsample,cart_tuned,20,dataset,0.0008450000000000069,-0.007119926331808031,0.008809926331808045,3,12
family-noise_n-800_noise-0.4_p-20,weighted_bootstrap,cart_tuned,20,dataset,0.003714999999999996,-0.002933826982876437,0.01036382698287643,3,15
family-noise_n-800_noise-0.4_p-20,weighted_subsample,cart_tuned,20,dataset,0.0008450000000000069,-0.007119926331808031,0.008809926331808045,3,12
family-noise_n-800_noise-0.4_p-20,aloof,aloof,20,dataset,0.0,0.0,0.0,0,20
family-noise_n-800_noise-0.4_p-20,cart,aloof,20,dataset,-0.03329999999999999,-0.04100938086612381,-0.025590619133876173,1,0
family-noise_n-800_noise-0.4_p-20,cart_strong,aloof,20,dataset,0.008889999999999999,-0.0017550486049025399,0.019535048604902537,14,3
family-noise_n-800_noise-0.4_p-20,cart_tuned,aloof,20,dataset,0.008889999999999999,-0.0017550486049025399,0.019535048604902537,14,3
family-noise_n-800_noise-0.4_p-20,error_greedy,aloof,20,dataset,-0.006949999999999989,-0.015785261562591663,0.0018852615625916842,6,0
family-noise_n-800_noise-0.4_p-20,fixed_keep_single_class,aloof,20,dataset,-0.011399999999999993,-0.0204024624653303,-0.002397537534669687,4,0
family-noise_n-800_noise-0.4_p-20,fixed_original,aloof,20,dataset,-0.005154999999999982,-0.012165956030481317,0.0018559560304813533,8,0
family-noise_n-800_noise-0.4_p-20,fixed_random_ties,aloof,20,dataset,-0.01182999999999999,-0.019950400972349742,-0.003709599027650239,5,0
family-noise_n-800_noise-0.4_p-20,fixed_refined,aloof,20,dataset,-0.007299999999999996,-0.016317419909743926,0.0017174199097439325,4,0
family-noise_n-800_noise-0.4_p-20,frequency_bootstrap,aloof,20,dataset,0.013074999999999998,0.006018522278072993,0.020131477721927003,17,3
family-noise_n-800_noise-0.4_p-20,frequency_subsample,aloof,20,dataset,0.009735000000000004,0.0019045739373283986,0.01756542606267161,14,3
family-noise_n-800_noise-0.4_p-20,holdout_common,aloof,20,dataset,-9.499999999999509e-05,-0.008824434108295745,0.008634434108295756,8,0
family-noise_n-800_noise-0.4_p-20,holdout_refined,aloof,20,dataset,0.009125,0.0006302060273629534,0.017619793972637045,12,2
family-noise_n-800_noise-0.4_p-20,holdout_selected,aloof,20,dataset,0.011425000000000008,0.0033519014266143402,0.019498098573385678,15,1
family-noise_n-800_noise-0.4_p-20,node_vote,aloof,20,dataset,-0.002134999999999998,-0.014080893354116688,0.009810893354116692,7,2
family-noise_n-800_noise-0.4_p-20,relative_bootstrap,aloof,20,dataset,0.013074999999999998,0.006018522278072993,0.020131477721927003,17,3
family-noise_n-800_noise-0.4_p-20,relative_random_bootstrap,aloof,20,dataset,0.013074999999999998,0.006018522278072993,0.020131477721927003,17,3
family-noise_n-800_noise-0.4_p-20,relative_random_subsample,aloof,20,dataset,0.009165000000000006,0.0011705612309064195,0.017159438769093593,13,2
family-noise_n-800_noise-0.4_p-20,relative_subsample,aloof,20,dataset,0.009735000000000004,0.0019045739373283986,0.01756542606267161,14,3
family-noise_n-800_noise-0.4_p-20,weighted_bootstrap,aloof,20,dataset,0.012604999999999995,0.005453336945870075,0.019756663054129917,17,3
family-noise_n-800_noise-0.4_p-20,weighted_subsample,aloof,20,dataset,0.009735000000000004,0.0019045739373283986,0.01756542606267161,14,3
family-noise_n-800_noise-0.4_p-20,aloof,node_vote,20,dataset,0.002134999999999998,-0.009810893354116692,0.014080893354116688,11,2
family-noise_n-800_noise-0.4_p-20,cart,node_vote,20,dataset,-0.03116499999999999,-0.04281865541868986,-0.019511344581310125,2,0
family-noise_n-800_noise-0.4_p-20,cart_strong,node_vote,20,dataset,0.011024999999999997,0.0021580574997808067,0.019891942500219188,14,4
family-noise_n-800_noise-0.4_p-20,cart_tuned,node_vote,20,dataset,0.011024999999999997,0.0021580574997808067,0.019891942500219188,14,4
family-noise_n-800_noise-0.4_p-20,error_greedy,node_vote,20,dataset,-0.004814999999999991,-0.012991570089021012,0.0033615700890210296,6,0
family-noise_n-800_noise-0.4_p-20,fixed_keep_single_class,node_vote,20,dataset,-0.009264999999999995,-0.018806602952662756,0.00027660295266276544,4,0
family-noise_n-800_noise-0.4_p-20,fixed_original,node_vote,20,dataset,-0.0030199999999999836,-0.011083392772893809,0.005043392772893841,6,0
family-noise_n-800_noise-0.4_p-20,fixed_random_ties,node_vote,20,dataset,-0.009694999999999992,-0.019318041761249592,-7.195823875039316e-05,4,0
family-noise_n-800_noise-0.4_p-20,fixed_refined,node_vote,20,dataset,-0.005164999999999998,-0.014037939329781588,0.003707939329781593,5,0
family-noise_n-800_noise-0.4_p-20,frequency_bootstrap,node_vote,20,dataset,0.015209999999999996,0.006946440751699787,0.023473559248300205,16,4
family-noise_n-800_noise-0.4_p-20,frequency_subsample,node_vote,20,dataset,0.011870000000000002,0.0031078279650681787,0.020632172034931825,13,5
family-noise_n-800_noise-0.4_p-20,holdout_common,node_vote,20,dataset,0.0020400000000000027,-0.008436718011565633,0.01251671801156564,8,0
family-noise_n-800_noise-0.4_p-20,holdout_refined,node_vote,20,dataset,0.011259999999999997,0.0028939592181622936,0.019626040781837703,14,3
family-noise_n-800_noise-0.4_p-20,holdout_selected,node_vote,20,dataset,0.013560000000000006,0.004495179702043757,0.022624820297956254,16,3
family-noise_n-800_noise-0.4_p-20,node_vote,node_vote,20,dataset,0.0,0.0,0.0,0,20
family-noise_n-800_noise-0.4_p-20,relative_bootstrap,node_vote,20,dataset,0.015209999999999996,0.006946440751699787,0.023473559248300205,16,4
family-noise_n-800_noise-0.4_p-20,relative_random_bootstrap,node_vote,20,dataset,0.015209999999999996,0.006946440751699787,0.023473559248300205,16,4
family-noise_n-800_noise-0.4_p-20,relative_random_subsample,node_vote,20,dataset,0.011300000000000004,0.002323609287547603,0.020276390712452408,13,3
family-noise_n-800_noise-0.4_p-20,relative_subsample,node_vote,20,dataset,0.011870000000000002,0.0031078279650681787,0.020632172034931825,13,5
family-noise_n-800_noise-0.4_p-20,weighted_bootstrap,node_vote,20,dataset,0.014739999999999993,0.006386770519134891,0.023093229480865094,16,4
family-noise_n-800_noise-0.4_p-20,weighted_subsample,node_vote,20,dataset,0.011870000000000002,0.0031078279650681787,0.020632172034931825,13,5
family-objective_mixture-0.0_n-200_p-2,aloof,cart_strong,20,dataset,-0.005940000000000001,-0.014501040706225892,0.00262104070622589,0,18
family-objective_mixture-0.0_n-200_p-2,cart,cart_strong,20,dataset,0.0,0.0,0.0,0,20
family-objective_mixture-0.0_n-200_p-2,cart_strong,cart_strong,20,dataset,0.0,0.0,0.0,0,20
family-objective_mixture-0.0_n-200_p-2,cart_tuned,cart_strong,20,dataset,-0.005940000000000001,-0.014501040706225892,0.00262104070622589,0,18
family-objective_mixture-0.0_n-200_p-2,error_greedy,cart_strong,20,dataset,-0.0028799999999999993,-0.008907909276695793,0.003147909276695795,0,19
family-objective_mixture-0.0_n-200_p-2,fixed_keep_single_class,cart_strong,20,dataset,0.0,0.0,0.0,0,20
family-objective_mixture-0.0_n-200_p-2,fixed_original,cart_strong,20,dataset,0.0,0.0,0.0,0,20
family-objective_mixture-0.0_n-200_p-2,fixed_random_ties,cart_strong,20,dataset,0.0,0.0,0.0,0,20
family-objective_mixture-0.0_n-200_p-2,fixed_refined,cart_strong,20,dataset,0.0,0.0,0.0,0,20
family-objective_mixture-0.0_n-200_p-2,frequency_bootstrap,cart_strong,20,dataset,-0.0028799999999999993,-0.008907909276695793,0.003147909276695795,0,19
family-objective_mixture-0.0_n-200_p-2,frequency_subsample,cart_strong,20,dataset,-0.0028799999999999993,-0.008907909276695793,0.003147909276695795,0,19
family-objective_mixture-0.0_n-200_p-2,holdout_common,cart_strong,20,dataset,-0.008784999999999998,-0.018836084592951816,0.0012660845929518202,0,17
family-objective_mixture-0.0_n-200_p-2,holdout_refined,cart_strong,20,dataset,-0.0028799999999999993,-0.008907909276695793,0.003147909276695795,0,19
family-objective_mixture-0.0_n-200_p-2,holdout_selected,cart_strong,20,dataset,-0.0028799999999999993,-0.008907909276695793,0.003147909276695795,0,19
family-objective_mixture-0.0_n-200_p-2,node_vote,cart_strong,20,dataset,-0.0028799999999999993,-0.008907909276695793,0.003147909276695795,0,19
family-objective_mixture-0.0_n-200_p-2,relative_bootstrap,cart_strong,20,dataset,-0.0028799999999999993,-0.008907909276695793,0.003147909276695795,0,19
family-objective_mixture-0.0_n-200_p-2,relative_random_bootstrap,cart_strong,20,dataset,0.0,0.0,0.0,0,20
family-objective_mixture-0.0_n-200_p-2,relative_random_subsample,cart_strong,20,dataset,0.0,0.0,0.0,0,20
family-objective_mixture-0.0_n-200_p-2,relative_subsample,cart_strong,20,dataset,-0.0028799999999999993,-0.008907909276695793,0.003147909276695795,0,19
family-objective_mixture-0.0_n-200_p-2,stump_gini,cart_strong,20,dataset,-0.06983500000000001,-0.07947419863990406,-0.06019580136009596,0,1
family-objective_mixture-0.0_n-200_p-2,stump_holdout_error,cart_strong,20,dataset,-0.06482999999999998,-0.07352788851304792,-0.05613211148695205,0,1
family-objective_mixture-0.0_n-200_p-2,stump_training_error,cart_strong,20,dataset,-0.067255,-0.07681748460428527,-0.057692515395714725,0,1
family-objective_mixture-0.0_n-200_p-2,weighted_bootstrap,cart_strong,20,dataset,-0.0028799999999999993,-0.008907909276695793,0.003147909276695795,0,19
family-objective_mixture-0.0_n-200_p-2,weighted_subsample,cart_strong,20,dataset,-0.0028799999999999993,-0.008907909276695793,0.003147909276695795,0,19
family-objective_mixture-0.0_n-200_p-2,aloof,cart_tuned,20,dataset,0.0,0.0,0.0,0,20
family-objective_mixture-0.0_n-200_p-2,cart,cart_tuned,20,dataset,0.005940000000000001,-0.00262104070622589,0.014501040706225892,2,18
family-objective_mixture-0.0_n-200_p-2,cart_strong,cart_tuned,20,dataset,0.005940000000000001,-0.00262104070622589,0.014501040706225892,2,18
family-objective_mixture-0.0_n-200_p-2,cart_tuned,cart_tuned,20,dataset,0.0,0.0,0.0,0,20
family-objective_mixture-0.0_n-200_p-2,error_greedy,cart_tuned,20,dataset,0.0030600000000000015,-0.003344653606489285,0.009464653606489288,1,19
family-objective_mixture-0.0_n-200_p-2,fixed_keep_single_class,cart_tuned,20,dataset,0.005940000000000001,-0.00262104070622589,0.014501040706225892,2,18
family-objective_mixture-0.0_n-200_p-2,fixed_original,cart_tuned,20,dataset,0.005940000000000001,-0.00262104070622589,0.014501040706225892,2,18
family-objective_mixture-0.0_n-200_p-2,fixed_random_ties,cart_tuned,20,dataset,0.005940000000000001,-0.00262104070622589,0.014501040706225892,2,18
family-objective_mixture-0.0_n-200_p-2,fixed_refined,cart_tuned,20,dataset,0.005940000000000001,-0.00262104070622589,0.014501040706225892,2,18
family-objective_mixture-0.0_n-200_p-2,frequency_bootstrap,cart_tuned,20,dataset,0.0030600000000000015,-0.003344653606489285,0.009464653606489288,1,19
family-objective_mixture-0.0_n-200_p-2,frequency_subsample,cart_tuned,20,dataset,0.0030600000000000015,-0.003344653606489285,0.009464653606489288,1,19
family-objective_mixture-0.0_n-200_p-2,holdout_common,cart_tuned,20,dataset,-0.0028449999999999977,-0.0138850503102763,0.008195050310276307,1,17
family-objective_mixture-0.0_n-200_p-2,holdout_refined,cart_tuned,20,dataset,0.0030600000000000015,-0.003344653606489285,0.009464653606489288,1,19
family-objective_mixture-0.0_n-200_p-2,holdout_selected,cart_tuned,20,dataset,0.0030600000000000015,-0.003344653606489285,0.009464653606489288,1,19
family-objective_mixture-0.0_n-200_p-2,node_vote,cart_tuned,20,dataset,0.0030600000000000015,-0.003344653606489285,0.009464653606489288,1,19
family-objective_mixture-0.0_n-200_p-2,relative_bootstrap,cart_tuned,20,dataset,0.0030600000000000015,-0.003344653606489285,0.009464653606489288,1,19
family-objective_mixture-0.0_n-200_p-2,relative_random_bootstrap,cart_tuned,20,dataset,0.005940000000000001,-0.00262104070622589,0.014501040706225892,2,18
family-objective_mixture-0.0_n-200_p-2,relative_random_subsample,cart_tuned,20,dataset,0.005940000000000001,-0.00262104070622589,0.014501040706225892,2,18
family-objective_mixture-0.0_n-200_p-2,relative_subsample,cart_tuned,20,dataset,0.0030600000000000015,-0.003344653606489285,0.009464653606489288,1,19
family-objective_mixture-0.0_n-200_p-2,stump_gini,cart_tuned,20,dataset,-0.063895,-0.07784630436342763,-0.04994369563657236,0,3
family-objective_mixture-0.0_n-200_p-2,stump_holdout_error,cart_tuned,20,dataset,-0.05888999999999998,-0.07168330704185108,-0.046096692958148874,0,3
family-objective_mixture-0.0_n-200_p-2,stump_training_error,cart_tuned,20,dataset,-0.06131500000000001,-0.07495680785861243,-0.047673192141387585,0,3
family-objective_mixture-0.0_n-200_p-2,weighted_bootstrap,cart_tuned,20,dataset,0.0030600000000000015,-0.003344653606489285,0.009464653606489288,1,19
family-objective_mixture-0.0_n-200_p-2,weighted_subsample,cart_tuned,20,dataset,0.0030600000000000015,-0.003344653606489285,0.009464653606489288,1,19
family-objective_mixture-0.0_n-200_p-2,aloof,aloof,20,dataset,0.0,0.0,0.0,0,20
family-objective_mixture-0.0_n-200_p-2,cart,aloof,20,dataset,0.005940000000000001,-0.00262104070622589,0.014501040706225892,2,18
family-objective_mixture-0.0_n-200_p-2,cart_strong,aloof,20,dataset,0.005940000000000001,-0.00262104070622589,0.014501040706225892,2,18
family-objective_mixture-0.0_n-200_p-2,cart_tuned,aloof,20,dataset,0.0,0.0,0.0,0,20
family-objective_mixture-0.0_n-200_p-2,error_greedy,aloof,20,dataset,0.0030600000000000015,-0.003344653606489285,0.009464653606489288,1,19
family-objective_mixture-0.0_n-200_p-2,fixed_keep_single_class,aloof,20,dataset,0.005940000000000001,-0.00262104070622589,0.014501040706225892,2,18
family-objective_mixture-0.0_n-200_p-2,fixed_original,aloof,20,dataset,0.005940000000000001,-0.00262104070622589,0.014501040706225892,2,18
family-objective_mixture-0.0_n-200_p-2,fixed_random_ties,aloof,20,dataset,0.005940000000000001,-0.00262104070622589,0.014501040706225892,2,18
family-objective_mixture-0.0_n-200_p-2,fixed_refined,aloof,20,dataset,0.005940000000000001,-0.00262104070622589,0.014501040706225892,2,18
family-objective_mixture-0.0_n-200_p-2,frequency_bootstrap,aloof,20,dataset,0.0030600000000000015,-0.003344653606489285,0.009464653606489288,1,19
family-objective_mixture-0.0_n-200_p-2,frequency_subsample,aloof,20,dataset,0.0030600000000000015,-0.003344653606489285,0.009464653606489288,1,19
family-objective_mixture-0.0_n-200_p-2,holdout_common,aloof,20,dataset,-0.0028449999999999977,-0.0138850503102763,0.008195050310276307,1,17
family-objective_mixture-0.0_n-200_p-2,holdout_refined,aloof,20,dataset,0.0030600000000000015,-0.003344653606489285,0.009464653606489288,1,19
family-objective_mixture-0.0_n-200_p-2,holdout_selected,aloof,20,dataset,0.0030600000000000015,-0.003344653606489285,0.009464653606489288,1,19
family-objective_mixture-0.0_n-200_p-2,node_vote,aloof,20,dataset,0.0030600000000000015,-0.003344653606489285,0.009464653606489288,1,19
family-objective_mixture-0.0_n-200_p-2,relative_bootstrap,aloof,20,dataset,0.0030600000000000015,-0.003344653606489285,0.009464653606489288,1,19
family-objective_mixture-0.0_n-200_p-2,relative_random_bootstrap,aloof,20,dataset,0.005940000000000001,-0.00262104070622589,0.014501040706225892,2,18
family-objective_mixture-0.0_n-200_p-2,relative_random_subsample,aloof,20,dataset,0.005940000000000001,-0.00262104070622589,0.014501040706225892,2,18
family-objective_mixture-0.0_n-200_p-2,relative_subsample,aloof,20,dataset,0.0030600000000000015,-0.003344653606489285,0.009464653606489288,1,19
family-objective_mixture-0.0_n-200_p-2,stump_gini,aloof,20,dataset,-0.063895,-0.07784630436342763,-0.04994369563657236,0,3
family-objective_mixture-0.0_n-200_p-2,stump_holdout_error,aloof,20,dataset,-0.05888999999999998,-0.07168330704185108,-0.046096692958148874,0,3
family-objective_mixture-0.0_n-200_p-2,stump_training_error,aloof,20,dataset,-0.06131500000000001,-0.07495680785861243,-0.047673192141387585,0,3
family-objective_mixture-0.0_n-200_p-2,weighted_bootstrap,aloof,20,dataset,0.0030600000000000015,-0.003344653606489285,0.009464653606489288,1,19
family-objective_mixture-0.0_n-200_p-2,weighted_subsample,aloof,20,dataset,0.0030600000000000015,-0.003344653606489285,0.009464653606489288,1,19
family-objective_mixture-0.0_n-200_p-2,aloof,node_vote,20,dataset,-0.0030600000000000015,-0.009464653606489288,0.003344653606489285,0,19
family-objective_mixture-0.0_n-200_p-2,cart,node_vote,20,dataset,0.0028799999999999993,-0.003147909276695795,0.008907909276695793,1,19
family-objective_mixture-0.0_n-200_p-2,cart_strong,node_vote,20,dataset,0.0028799999999999993,-0.003147909276695795,0.008907909276695793,1,19
family-objective_mixture-0.0_n-200_p-2,cart_tuned,node_vote,20,dataset,-0.0030600000000000015,-0.009464653606489288,0.003344653606489285,0,19
family-objective_mixture-0.0_n-200_p-2,error_greedy,node_vote,20,dataset,0.0,0.0,0.0,0,20
family-objective_mixture-0.0_n-200_p-2,fixed_keep_single_class,node_vote,20,dataset,0.0028799999999999993,-0.003147909276695795,0.008907909276695793,1,19
family-objective_mixture-0.0_n-200_p-2,fixed_original,node_vote,20,dataset,0.0028799999999999993,-0.003147909276695795,0.008907909276695793,1,19
family-objective_mixture-0.0_n-200_p-2,fixed_random_ties,node_vote,20,dataset,0.0028799999999999993,-0.003147909276695795,0.008907909276695793,1,19
family-objective_mixture-0.0_n-200_p-2,fixed_refined,node_vote,20,dataset,0.0028799999999999993,-0.003147909276695795,0.008907909276695793,1,19
family-objective_mixture-0.0_n-200_p-2,frequency_bootstrap,node_vote,20,dataset,0.0,0.0,0.0,0,20
family-objective_mixture-0.0_n-200_p-2,frequency_subsample,node_vote,20,dataset,0.0,0.0,0.0,0,20
family-objective_mixture-0.0_n-200_p-2,holdout_common,node_vote,20,dataset,-0.005904999999999999,-0.014421501557566755,0.002611501557566757,0,18
family-objective_mixture-0.0_n-200_p-2,holdout_refined,node_vote,20,dataset,0.0,0.0,0.0,0,20
family-objective_mixture-0.0_n-200_p-2,holdout_selected,node_vote,20,dataset,0.0,0.0,0.0,0,20
family-objective_mixture-0.0_n-200_p-2,node_vote,node_vote,20,dataset,0.0,0.0,0.0,0,20
family-objective_mixture-0.0_n-200_p-2,relative_bootstrap,node_vote,20,dataset,0.0,0.0,0.0,0,20
family-objective_mixture-0.0_n-200_p-2,relative_random_bootstrap,node_vote,20,dataset,0.0028799999999999993,-0.003147909276695795,0.008907909276695793,1,19
family-objective_mixture-0.0_n-200_p-2,relative_random_subsample,node_vote,20,dataset,0.0028799999999999993,-0.003147909276695795,0.008907909276695793,1,19
family-objective_mixture-0.0_n-200_p-2,relative_subsample,node_vote,20,dataset,0.0,0.0,0.0,0,20
family-objective_mixture-0.0_n-200_p-2,stump_gini,node_vote,20,dataset,-0.06695500000000001,-0.07901728173885322,-0.054892718261146806,0,2
family-objective_mixture-0.0_n-200_p-2,stump_holdout_error,node_vote,20,dataset,-0.06194999999999999,-0.07297682276762453,-0.05092317723237545,0,2
family-objective_mixture-0.0_n-200_p-2,stump_training_error,node_vote,20,dataset,-0.064375,-0.07623245378618732,-0.05251754621381268,0,2
family-objective_mixture-0.0_n-200_p-2,weighted_bootstrap,node_vote,20,dataset,0.0,0.0,0.0,0,20
family-objective_mixture-0.0_n-200_p-2,weighted_subsample,node_vote,20,dataset,0.0,0.0,0.0,0,20
family-objective_mixture-0.0_n-800_p-2,aloof,cart_strong,20,dataset,0.0,0.0,0.0,0,20
family-objective_mixture-0.0_n-800_p-2,cart,cart_strong,20,dataset,0.0,0.0,0.0,0,20
family-objective_mixture-0.0_n-800_p-2,cart_strong,cart_strong,20,dataset,0.0,0.0,0.0,0,20
family-objective_mixture-0.0_n-800_p-2,cart_tuned,cart_strong,20,dataset,0.0,0.0,0.0,0,20
family-objective_mixture-0.0_n-800_p-2,error_greedy,cart_strong,20,dataset,0.0,0.0,0.0,0,20
family-objective_mixture-0.0_n-800_p-2,fixed_keep_single_class,cart_strong,20,dataset,0.0,0.0,0.0,0,20
family-objective_mixture-0.0_n-800_p-2,fixed_original,cart_strong,20,dataset,0.0,0.0,0.0,0,20
family-objective_mixture-0.0_n-800_p-2,fixed_random_ties,cart_strong,20,dataset,0.0,0.0,0.0,0,20
family-objective_mixture-0.0_n-800_p-2,fixed_refined,cart_strong,20,dataset,0.0,0.0,0.0,0,20
family-objective_mixture-0.0_n-800_p-2,frequency_bootstrap,cart_strong,20,dataset,0.0,0.0,0.0,0,20
family-objective_mixture-0.0_n-800_p-2,frequency_subsample,cart_strong,20,dataset,0.0,0.0,0.0,0,20
family-objective_mixture-0.0_n-800_p-2,holdout_common,cart_strong,20,dataset,0.0,0.0,0.0,0,20
family-objective_mixture-0.0_n-800_p-2,holdout_refined,cart_strong,20,dataset,0.0,0.0,0.0,0,20
family-objective_mixture-0.0_n-800_p-2,holdout_selected,cart_strong,20,dataset,0.0,0.0,0.0,0,20
family-objective_mixture-0.0_n-800_p-2,node_vote,cart_strong,20,dataset,0.0,0.0,0.0,0,20
family-objective_mixture-0.0_n-800_p-2,relative_bootstrap,cart_strong,20,dataset,0.0,0.0,0.0,0,20
family-objective_mixture-0.0_n-800_p-2,relative_random_bootstrap,cart_strong,20,dataset,0.0,0.0,0.0,0,20
family-objective_mixture-0.0_n-800_p-2,relative_random_subsample,cart_strong,20,dataset,0.0,0.0,0.0,0,20
family-objective_mixture-0.0_n-800_p-2,relative_subsample,cart_strong,20,dataset,0.0,0.0,0.0,0,20
family-objective_mixture-0.0_n-800_p-2,stump_gini,cart_strong,20,dataset,-0.07622999999999998,-0.0812696653041721,-0.07119033469582786,0,0
family-objective_mixture-0.0_n-800_p-2,stump_holdout_error,cart_strong,20,dataset,-0.06502,-0.06920319952528793,-0.06083680047471206,0,0
family-objective_mixture-0.0_n-800_p-2,stump_training_error,cart_strong,20,dataset,-0.06833499999999999,-0.07318798206086823,-0.06348201793913176,0,0
family-objective_mixture-0.0_n-800_p-2,weighted_bootstrap,cart_strong,20,dataset,0.0,0.0,0.0,0,20
family-objective_mixture-0.0_n-800_p-2,weighted_subsample,cart_strong,20,dataset,0.0,0.0,0.0,0,20
family-objective_mixture-0.0_n-800_p-2,aloof,cart_tuned,20,dataset,0.0,0.0,0.0,0,20
family-objective_mixture-0.0_n-800_p-2,cart,cart_tuned,20,dataset,0.0,0.0,0.0,0,20
family-objective_mixture-0.0_n-800_p-2,cart_strong,cart_tuned,20,dataset,0.0,0.0,0.0,0,20
family-objective_mixture-0.0_n-800_p-2,cart_tuned,cart_tuned,20,dataset,0.0,0.0,0.0,0,20
family-objective_mixture-0.0_n-800_p-2,error_greedy,cart_tuned,20,dataset,0.0,0.0,0.0,0,20
family-objective_mixture-0.0_n-800_p-2,fixed_keep_single_class,cart_tuned,20,dataset,0.0,0.0,0.0,0,20
family-objective_mixture-0.0_n-800_p-2,fixed_original,cart_tuned,20,dataset,0.0,0.0,0.0,0,20
family-objective_mixture-0.0_n-800_p-2,fixed_random_ties,cart_tuned,20,dataset,0.0,0.0,0.0,0,20
family-objective_mixture-0.0_n-800_p-2,fixed_refined,cart_tuned,20,dataset,0.0,0.0,0.0,0,20
family-objective_mixture-0.0_n-800_p-2,frequency_bootstrap,cart_tuned,20,dataset,0.0,0.0,0.0,0,20
family-objective_mixture-0.0_n-800_p-2,frequency_subsample,cart_tuned,20,dataset,0.0,0.0,0.0,0,20
family-objective_mixture-0.0_n-800_p-2,holdout_common,cart_tuned,20,dataset,0.0,0.0,0.0,0,20
family-objective_mixture-0.0_n-800_p-2,holdout_refined,cart_tuned,20,dataset,0.0,0.0,0.0,0,20
family-objective_mixture-0.0_n-800_p-2,holdout_selected,cart_tuned,20,dataset,0.0,0.0,0.0,0,20
family-objective_mixture-0.0_n-800_p-2,node_vote,cart_tuned,20,dataset,0.0,0.0,0.0,0,20
family-objective_mixture-0.0_n-800_p-2,relative_bootstrap,cart_tuned,20,dataset,0.0,0.0,0.0,0,20
family-objective_mixture-0.0_n-800_p-2,relative_random_bootstrap,cart_tuned,20,dataset,0.0,0.0,0.0,0,20
family-objective_mixture-0.0_n-800_p-2,relative_random_subsample,cart_tuned,20,dataset,0.0,0.0,0.0,0,20
family-objective_mixture-0.0_n-800_p-2,relative_subsample,cart_tuned,20,dataset,0.0,0.0,0.0,0,20
family-objective_mixture-0.0_n-800_p-2,stump_gini,cart_tuned,20,dataset,-0.07622999999999998,-0.0812696653041721,-0.07119033469582786,0,0
family-objective_mixture-0.0_n-800_p-2,stump_holdout_error,cart_tuned,20,dataset,-0.06502,-0.06920319952528793,-0.06083680047471206,0,0
family-objective_mixture-0.0_n-800_p-2,stump_training_error,cart_tuned,20,dataset,-0.06833499999999999,-0.07318798206086823,-0.06348201793913176,0,0
family-objective_mixture-0.0_n-800_p-2,weighted_bootstrap,cart_tuned,20,dataset,0.0,0.0,0.0,0,20
family-objective_mixture-0.0_n-800_p-2,weighted_subsample,cart_tuned,20,dataset,0.0,0.0,0.0,0,20
family-objective_mixture-0.0_n-800_p-2,aloof,aloof,20,dataset,0.0,0.0,0.0,0,20
family-objective_mixture-0.0_n-800_p-2,cart,aloof,20,dataset,0.0,0.0,0.0,0,20
family-objective_mixture-0.0_n-800_p-2,cart_strong,aloof,20,dataset,0.0,0.0,0.0,0,20
family-objective_mixture-0.0_n-800_p-2,cart_tuned,aloof,20,dataset,0.0,0.0,0.0,0,20
family-objective_mixture-0.0_n-800_p-2,error_greedy,aloof,20,dataset,0.0,0.0,0.0,0,20
family-objective_mixture-0.0_n-800_p-2,fixed_keep_single_class,aloof,20,dataset,0.0,0.0,0.0,0,20
family-objective_mixture-0.0_n-800_p-2,fixed_original,aloof,20,dataset,0.0,0.0,0.0,0,20
family-objective_mixture-0.0_n-800_p-2,fixed_random_ties,aloof,20,dataset,0.0,0.0,0.0,0,20
family-objective_mixture-0.0_n-800_p-2,fixed_refined,aloof,20,dataset,0.0,0.0,0.0,0,20
family-objective_mixture-0.0_n-800_p-2,frequency_bootstrap,aloof,20,dataset,0.0,0.0,0.0,0,20
family-objective_mixture-0.0_n-800_p-2,frequency_subsample,aloof,20,dataset,0.0,0.0,0.0,0,20
family-objective_mixture-0.0_n-800_p-2,holdout_common,aloof,20,dataset,0.0,0.0,0.0,0,20
family-objective_mixture-0.0_n-800_p-2,holdout_refined,aloof,20,dataset,0.0,0.0,0.0,0,20
family-objective_mixture-0.0_n-800_p-2,holdout_selected,aloof,20,dataset,0.0,0.0,0.0,0,20
family-objective_mixture-0.0_n-800_p-2,node_vote,aloof,20,dataset,0.0,0.0,0.0,0,20
family-objective_mixture-0.0_n-800_p-2,relative_bootstrap,aloof,20,dataset,0.0,0.0,0.0,0,20
family-objective_mixture-0.0_n-800_p-2,relative_random_bootstrap,aloof,20,dataset,0.0,0.0,0.0,0,20
family-objective_mixture-0.0_n-800_p-2,relative_random_subsample,aloof,20,dataset,0.0,0.0,0.0,0,20
family-objective_mixture-0.0_n-800_p-2,relative_subsample,aloof,20,dataset,0.0,0.0,0.0,0,20
family-objective_mixture-0.0_n-800_p-2,stump_gini,aloof,20,dataset,-0.07622999999999998,-0.0812696653041721,-0.07119033469582786,0,0
family-objective_mixture-0.0_n-800_p-2,stump_holdout_error,aloof,20,dataset,-0.06502,-0.06920319952528793,-0.06083680047471206,0,0
family-objective_mixture-0.0_n-800_p-2,stump_training_error,aloof,20,dataset,-0.06833499999999999,-0.07318798206086823,-0.06348201793913176,0,0
family-objective_mixture-0.0_n-800_p-2,weighted_bootstrap,aloof,20,dataset,0.0,0.0,0.0,0,20
family-objective_mixture-0.0_n-800_p-2,weighted_subsample,aloof,20,dataset,0.0,0.0,0.0,0,20
family-objective_mixture-0.0_n-800_p-2,aloof,node_vote,20,dataset,0.0,0.0,0.0,0,20
family-objective_mixture-0.0_n-800_p-2,cart,node_vote,20,dataset,0.0,0.0,0.0,0,20
family-objective_mixture-0.0_n-800_p-2,cart_strong,node_vote,20,dataset,0.0,0.0,0.0,0,20
family-objective_mixture-0.0_n-800_p-2,cart_tuned,node_vote,20,dataset,0.0,0.0,0.0,0,20
family-objective_mixture-0.0_n-800_p-2,error_greedy,node_vote,20,dataset,0.0,0.0,0.0,0,20
family-objective_mixture-0.0_n-800_p-2,fixed_keep_single_class,node_vote,20,dataset,0.0,0.0,0.0,0,20
family-objective_mixture-0.0_n-800_p-2,fixed_original,node_vote,20,dataset,0.0,0.0,0.0,0,20
family-objective_mixture-0.0_n-800_p-2,fixed_random_ties,node_vote,20,dataset,0.0,0.0,0.0,0,20
family-objective_mixture-0.0_n-800_p-2,fixed_refined,node_vote,20,dataset,0.0,0.0,0.0,0,20
family-objective_mixture-0.0_n-800_p-2,frequency_bootstrap,node_vote,20,dataset,0.0,0.0,0.0,0,20
family-objective_mixture-0.0_n-800_p-2,frequency_subsample,node_vote,20,dataset,0.0,0.0,0.0,0,20
family-objective_mixture-0.0_n-800_p-2,holdout_common,node_vote,20,dataset,0.0,0.0,0.0,0,20
family-objective_mixture-0.0_n-800_p-2,holdout_refined,node_vote,20,dataset,0.0,0.0,0.0,0,20
family-objective_mixture-0.0_n-800_p-2,holdout_selected,node_vote,20,dataset,0.0,0.0,0.0,0,20
family-objective_mixture-0.0_n-800_p-2,node_vote,node_vote,20,dataset,0.0,0.0,0.0,0,20
family-objective_mixture-0.0_n-800_p-2,relative_bootstrap,node_vote,20,dataset,0.0,0.0,0.0,0,20
family-objective_mixture-0.0_n-800_p-2,relative_random_bootstrap,node_vote,20,dataset,0.0,0.0,0.0,0,20
family-objective_mixture-0.0_n-800_p-2,relative_random_subsample,node_vote,20,dataset,0.0,0.0,0.0,0,20
family-objective_mixture-0.0_n-800_p-2,relative_subsample,node_vote,20,dataset,0.0,0.0,0.0,0,20
family-objective_mixture-0.0_n-800_p-2,stump_gini,node_vote,20,dataset,-0.07622999999999998,-0.0812696653041721,-0.07119033469582786,0,0
family-objective_mixture-0.0_n-800_p-2,stump_holdout_error,node_vote,20,dataset,-0.06502,-0.06920319952528793,-0.06083680047471206,0,0
family-objective_mixture-0.0_n-800_p-2,stump_training_error,node_vote,20,dataset,-0.06833499999999999,-0.07318798206086823,-0.06348201793913176,0,0
family-objective_mixture-0.0_n-800_p-2,weighted_bootstrap,node_vote,20,dataset,0.0,0.0,0.0,0,20
family-objective_mixture-0.0_n-800_p-2,weighted_subsample,node_vote,20,dataset,0.0,0.0,0.0,0,20
family-objective_mixture-0.5_n-200_p-2,aloof,cart_strong,20,dataset,0.0,0.0,0.0,0,20
family-objective_mixture-0.5_n-200_p-2,cart,cart_strong,20,dataset,0.0,0.0,0.0,0,20
family-objective_mixture-0.5_n-200_p-2,cart_strong,cart_strong,20,dataset,0.0,0.0,0.0,0,20
family-objective_mixture-0.5_n-200_p-2,cart_tuned,cart_strong,20,dataset,0.0,0.0,0.0,0,20
family-objective_mixture-0.5_n-200_p-2,error_greedy,cart_strong,20,dataset,0.0,0.0,0.0,0,20
family-objective_mixture-0.5_n-200_p-2,fixed_keep_single_class,cart_strong,20,dataset,0.0,0.0,0.0,0,20
family-objective_mixture-0.5_n-200_p-2,fixed_original,cart_strong,20,dataset,0.0,0.0,0.0,0,20
family-objective_mixture-0.5_n-200_p-2,fixed_random_ties,cart_strong,20,dataset,0.0,0.0,0.0,0,20
family-objective_mixture-0.5_n-200_p-2,fixed_refined,cart_strong,20,dataset,0.0,0.0,0.0,0,20
family-objective_mixture-0.5_n-200_p-2,frequency_bootstrap,cart_strong,20,dataset,0.0,0.0,0.0,0,20
family-objective_mixture-0.5_n-200_p-2,frequency_subsample,cart_strong,20,dataset,0.0,0.0,0.0,0,20
family-objective_mixture-0.5_n-200_p-2,holdout_common,cart_strong,20,dataset,0.0,0.0,0.0,0,20
family-objective_mixture-0.5_n-200_p-2,holdout_refined,cart_strong,20,dataset,0.0,0.0,0.0,0,20
family-objective_mixture-0.5_n-200_p-2,holdout_selected,cart_strong,20,dataset,0.0,0.0,0.0,0,20
family-objective_mixture-0.5_n-200_p-2,node_vote,cart_strong,20,dataset,0.0,0.0,0.0,0,20
family-objective_mixture-0.5_n-200_p-2,relative_bootstrap,cart_strong,20,dataset,0.0,0.0,0.0,0,20
family-objective_mixture-0.5_n-200_p-2,relative_random_bootstrap,cart_strong,20,dataset,0.0,0.0,0.0,0,20
family-objective_mixture-0.5_n-200_p-2,relative_random_subsample,cart_strong,20,dataset,0.0,0.0,0.0,0,20
family-objective_mixture-0.5_n-200_p-2,relative_subsample,cart_strong,20,dataset,0.0,0.0,0.0,0,20
family-objective_mixture-0.5_n-200_p-2,stump_gini,cart_strong,20,dataset,0.0,0.0,0.0,0,20
family-objective_mixture-0.5_n-200_p-2,stump_holdout_error,cart_strong,20,dataset,0.0,0.0,0.0,0,20
family-objective_mixture-0.5_n-200_p-2,stump_training_error,cart_strong,20,dataset,0.0,0.0,0.0,0,20
family-objective_mixture-0.5_n-200_p-2,weighted_bootstrap,cart_strong,20,dataset,0.0,0.0,0.0,0,20
family-objective_mixture-0.5_n-200_p-2,weighted_subsample,cart_strong,20,dataset,0.0,0.0,0.0,0,20
family-objective_mixture-0.5_n-200_p-2,aloof,cart_tuned,20,dataset,0.0,0.0,0.0,0,20
family-objective_mixture-0.5_n-200_p-2,cart,cart_tuned,20,dataset,0.0,0.0,0.0,0,20
family-objective_mixture-0.5_n-200_p-2,cart_strong,cart_tuned,20,dataset,0.0,0.0,0.0,0,20
family-objective_mixture-0.5_n-200_p-2,cart_tuned,cart_tuned,20,dataset,0.0,0.0,0.0,0,20
family-objective_mixture-0.5_n-200_p-2,error_greedy,cart_tuned,20,dataset,0.0,0.0,0.0,0,20
family-objective_mixture-0.5_n-200_p-2,fixed_keep_single_class,cart_tuned,20,dataset,0.0,0.0,0.0,0,20
family-objective_mixture-0.5_n-200_p-2,fixed_original,cart_tuned,20,dataset,0.0,0.0,0.0,0,20
family-objective_mixture-0.5_n-200_p-2,fixed_random_ties,cart_tuned,20,dataset,0.0,0.0,0.0,0,20
family-objective_mixture-0.5_n-200_p-2,fixed_refined,cart_tuned,20,dataset,0.0,0.0,0.0,0,20
family-objective_mixture-0.5_n-200_p-2,frequency_bootstrap,cart_tuned,20,dataset,0.0,0.0,0.0,0,20
family-objective_mixture-0.5_n-200_p-2,frequency_subsample,cart_tuned,20,dataset,0.0,0.0,0.0,0,20
family-objective_mixture-0.5_n-200_p-2,holdout_common,cart_tuned,20,dataset,0.0,0.0,0.0,0,20
family-objective_mixture-0.5_n-200_p-2,holdout_refined,cart_tuned,20,dataset,0.0,0.0,0.0,0,20
family-objective_mixture-0.5_n-200_p-2,holdout_selected,cart_tuned,20,dataset,0.0,0.0,0.0,0,20
family-objective_mixture-0.5_n-200_p-2,node_vote,cart_tuned,20,dataset,0.0,0.0,0.0,0,20
family-objective_mixture-0.5_n-200_p-2,relative_bootstrap,cart_tuned,20,dataset,0.0,0.0,0.0,0,20
family-objective_mixture-0.5_n-200_p-2,relative_random_bootstrap,cart_tuned,20,dataset,0.0,0.0,0.0,0,20
family-objective_mixture-0.5_n-200_p-2,relative_random_subsample,cart_tuned,20,dataset,0.0,0.0,0.0,0,20
family-objective_mixture-0.5_n-200_p-2,relative_subsample,cart_tuned,20,dataset,0.0,0.0,0.0,0,20
family-objective_mixture-0.5_n-200_p-2,stump_gini,cart_tuned,20,dataset,0.0,0.0,0.0,0,20
family-objective_mixture-0.5_n-200_p-2,stump_holdout_error,cart_tuned,20,dataset,0.0,0.0,0.0,0,20
family-objective_mixture-0.5_n-200_p-2,stump_training_error,cart_tuned,20,dataset,0.0,0.0,0.0,0,20
family-objective_mixture-0.5_n-200_p-2,weighted_bootstrap,cart_tuned,20,dataset,0.0,0.0,0.0,0,20
family-objective_mixture-0.5_n-200_p-2,weighted_subsample,cart_tuned,20,dataset,0.0,0.0,0.0,0,20
family-objective_mixture-0.5_n-200_p-2,aloof,aloof,20,dataset,0.0,0.0,0.0,0,20
family-objective_mixture-0.5_n-200_p-2,cart,aloof,20,dataset,0.0,0.0,0.0,0,20
family-objective_mixture-0.5_n-200_p-2,cart_strong,aloof,20,dataset,0.0,0.0,0.0,0,20
family-objective_mixture-0.5_n-200_p-2,cart_tuned,aloof,20,dataset,0.0,0.0,0.0,0,20
family-objective_mixture-0.5_n-200_p-2,error_greedy,aloof,20,dataset,0.0,0.0,0.0,0,20
family-objective_mixture-0.5_n-200_p-2,fixed_keep_single_class,aloof,20,dataset,0.0,0.0,0.0,0,20
family-objective_mixture-0.5_n-200_p-2,fixed_original,aloof,20,dataset,0.0,0.0,0.0,0,20
family-objective_mixture-0.5_n-200_p-2,fixed_random_ties,aloof,20,dataset,0.0,0.0,0.0,0,20
family-objective_mixture-0.5_n-200_p-2,fixed_refined,aloof,20,dataset,0.0,0.0,0.0,0,20
family-objective_mixture-0.5_n-200_p-2,frequency_bootstrap,aloof,20,dataset,0.0,0.0,0.0,0,20
family-objective_mixture-0.5_n-200_p-2,frequency_subsample,aloof,20,dataset,0.0,0.0,0.0,0,20
family-objective_mixture-0.5_n-200_p-2,holdout_common,aloof,20,dataset,0.0,0.0,0.0,0,20
family-objective_mixture-0.5_n-200_p-2,holdout_refined,aloof,20,dataset,0.0,0.0,0.0,0,20
family-objective_mixture-0.5_n-200_p-2,holdout_selected,aloof,20,dataset,0.0,0.0,0.0,0,20
family-objective_mixture-0.5_n-200_p-2,node_vote,aloof,20,dataset,0.0,0.0,0.0,0,20
family-objective_mixture-0.5_n-200_p-2,relative_bootstrap,aloof,20,dataset,0.0,0.0,0.0,0,20
family-objective_mixture-0.5_n-200_p-2,relative_random_bootstrap,aloof,20,dataset,0.0,0.0,0.0,0,20
family-objective_mixture-0.5_n-200_p-2,relative_random_subsample,aloof,20,dataset,0.0,0.0,0.0,0,20
family-objective_mixture-0.5_n-200_p-2,relative_subsample,aloof,20,dataset,0.0,0.0,0.0,0,20
family-objective_mixture-0.5_n-200_p-2,stump_gini,aloof,20,dataset,0.0,0.0,0.0,0,20
family-objective_mixture-0.5_n-200_p-2,stump_holdout_error,aloof,20,dataset,0.0,0.0,0.0,0,20
family-objective_mixture-0.5_n-200_p-2,stump_training_error,aloof,20,dataset,0.0,0.0,0.0,0,20
family-objective_mixture-0.5_n-200_p-2,weighted_bootstrap,aloof,20,dataset,0.0,0.0,0.0,0,20
family-objective_mixture-0.5_n-200_p-2,weighted_subsample,aloof,20,dataset,0.0,0.0,0.0,0,20
family-objective_mixture-0.5_n-200_p-2,aloof,node_vote,20,dataset,0.0,0.0,0.0,0,20
family-objective_mixture-0.5_n-200_p-2,cart,node_vote,20,dataset,0.0,0.0,0.0,0,20
family-objective_mixture-0.5_n-200_p-2,cart_strong,node_vote,20,dataset,0.0,0.0,0.0,0,20
family-objective_mixture-0.5_n-200_p-2,cart_tuned,node_vote,20,dataset,0.0,0.0,0.0,0,20
family-objective_mixture-0.5_n-200_p-2,error_greedy,node_vote,20,dataset,0.0,0.0,0.0,0,20
family-objective_mixture-0.5_n-200_p-2,fixed_keep_single_class,node_vote,20,dataset,0.0,0.0,0.0,0,20
family-objective_mixture-0.5_n-200_p-2,fixed_original,node_vote,20,dataset,0.0,0.0,0.0,0,20
family-objective_mixture-0.5_n-200_p-2,fixed_random_ties,node_vote,20,dataset,0.0,0.0,0.0,0,20
family-objective_mixture-0.5_n-200_p-2,fixed_refined,node_vote,20,dataset,0.0,0.0,0.0,0,20
family-objective_mixture-0.5_n-200_p-2,frequency_bootstrap,node_vote,20,dataset,0.0,0.0,0.0,0,20
family-objective_mixture-0.5_n-200_p-2,frequency_subsample,node_vote,20,dataset,0.0,0.0,0.0,0,20
family-objective_mixture-0.5_n-200_p-2,holdout_common,node_vote,20,dataset,0.0,0.0,0.0,0,20
family-objective_mixture-0.5_n-200_p-2,holdout_refined,node_vote,20,dataset,0.0,0.0,0.0,0,20
family-objective_mixture-0.5_n-200_p-2,holdout_selected,node_vote,20,dataset,0.0,0.0,0.0,0,20
family-objective_mixture-0.5_n-200_p-2,node_vote,node_vote,20,dataset,0.0,0.0,0.0,0,20
family-objective_mixture-0.5_n-200_p-2,relative_bootstrap,node_vote,20,dataset,0.0,0.0,0.0,0,20
family-objective_mixture-0.5_n-200_p-2,relative_random_bootstrap,node_vote,20,dataset,0.0,0.0,0.0,0,20
family-objective_mixture-0.5_n-200_p-2,relative_random_subsample,node_vote,20,dataset,0.0,0.0,0.0,0,20
family-objective_mixture-0.5_n-200_p-2,relative_subsample,node_vote,20,dataset,0.0,0.0,0.0,0,20
family-objective_mixture-0.5_n-200_p-2,stump_gini,node_vote,20,dataset,0.0,0.0,0.0,0,20
family-objective_mixture-0.5_n-200_p-2,stump_holdout_error,node_vote,20,dataset,0.0,0.0,0.0,0,20
family-objective_mixture-0.5_n-200_p-2,stump_training_error,node_vote,20,dataset,0.0,0.0,0.0,0,20
family-objective_mixture-0.5_n-200_p-2,weighted_bootstrap,node_vote,20,dataset,0.0,0.0,0.0,0,20
family-objective_mixture-0.5_n-200_p-2,weighted_subsample,node_vote,20,dataset,0.0,0.0,0.0,0,20
family-objective_mixture-0.5_n-800_p-2,aloof,cart_strong,20,dataset,0.0,0.0,0.0,0,20
family-objective_mixture-0.5_n-800_p-2,cart,cart_strong,20,dataset,0.0,0.0,0.0,0,20
family-objective_mixture-0.5_n-800_p-2,cart_strong,cart_strong,20,dataset,0.0,0.0,0.0,0,20
family-objective_mixture-0.5_n-800_p-2,cart_tuned,cart_strong,20,dataset,0.0,0.0,0.0,0,20
family-objective_mixture-0.5_n-800_p-2,error_greedy,cart_strong,20,dataset,0.0,0.0,0.0,0,20
family-objective_mixture-0.5_n-800_p-2,fixed_keep_single_class,cart_strong,20,dataset,0.0,0.0,0.0,0,20
family-objective_mixture-0.5_n-800_p-2,fixed_original,cart_strong,20,dataset,0.0,0.0,0.0,0,20
family-objective_mixture-0.5_n-800_p-2,fixed_random_ties,cart_strong,20,dataset,0.0,0.0,0.0,0,20
family-objective_mixture-0.5_n-800_p-2,fixed_refined,cart_strong,20,dataset,0.0,0.0,0.0,0,20
family-objective_mixture-0.5_n-800_p-2,frequency_bootstrap,cart_strong,20,dataset,0.0,0.0,0.0,0,20
family-objective_mixture-0.5_n-800_p-2,frequency_subsample,cart_strong,20,dataset,0.0,0.0,0.0,0,20
family-objective_mixture-0.5_n-800_p-2,holdout_common,cart_strong,20,dataset,0.0,0.0,0.0,0,20
family-objective_mixture-0.5_n-800_p-2,holdout_refined,cart_strong,20,dataset,0.0,0.0,0.0,0,20
family-objective_mixture-0.5_n-800_p-2,holdout_selected,cart_strong,20,dataset,0.0,0.0,0.0,0,20
family-objective_mixture-0.5_n-800_p-2,node_vote,cart_strong,20,dataset,0.0,0.0,0.0,0,20
family-objective_mixture-0.5_n-800_p-2,relative_bootstrap,cart_strong,20,dataset,0.0,0.0,0.0,0,20
family-objective_mixture-0.5_n-800_p-2,relative_random_bootstrap,cart_strong,20,dataset,0.0,0.0,0.0,0,20
family-objective_mixture-0.5_n-800_p-2,relative_random_subsample,cart_strong,20,dataset,0.0,0.0,0.0,0,20
family-objective_mixture-0.5_n-800_p-2,relative_subsample,cart_strong,20,dataset,0.0,0.0,0.0,0,20
family-objective_mixture-0.5_n-800_p-2,stump_gini,cart_strong,20,dataset,0.0,0.0,0.0,0,20
family-objective_mixture-0.5_n-800_p-2,stump_holdout_error,cart_strong,20,dataset,0.0,0.0,0.0,0,20
family-objective_mixture-0.5_n-800_p-2,stump_training_error,cart_strong,20,dataset,0.0,0.0,0.0,0,20
family-objective_mixture-0.5_n-800_p-2,weighted_bootstrap,cart_strong,20,dataset,0.0,0.0,0.0,0,20
family-objective_mixture-0.5_n-800_p-2,weighted_subsample,cart_strong,20,dataset,0.0,0.0,0.0,0,20
family-objective_mixture-0.5_n-800_p-2,aloof,cart_tuned,20,dataset,0.0,0.0,0.0,0,20
family-objective_mixture-0.5_n-800_p-2,cart,cart_tuned,20,dataset,0.0,0.0,0.0,0,20
family-objective_mixture-0.5_n-800_p-2,cart_strong,cart_tuned,20,dataset,0.0,0.0,0.0,0,20
family-objective_mixture-0.5_n-800_p-2,cart_tuned,cart_tuned,20,dataset,0.0,0.0,0.0,0,20
family-objective_mixture-0.5_n-800_p-2,error_greedy,cart_tuned,20,dataset,0.0,0.0,0.0,0,20
family-objective_mixture-0.5_n-800_p-2,fixed_keep_single_class,cart_tuned,20,dataset,0.0,0.0,0.0,0,20
family-objective_mixture-0.5_n-800_p-2,fixed_original,cart_tuned,20,dataset,0.0,0.0,0.0,0,20
family-objective_mixture-0.5_n-800_p-2,fixed_random_ties,cart_tuned,20,dataset,0.0,0.0,0.0,0,20
family-objective_mixture-0.5_n-800_p-2,fixed_refined,cart_tuned,20,dataset,0.0,0.0,0.0,0,20
family-objective_mixture-0.5_n-800_p-2,frequency_bootstrap,cart_tuned,20,dataset,0.0,0.0,0.0,0,20
family-objective_mixture-0.5_n-800_p-2,frequency_subsample,cart_tuned,20,dataset,0.0,0.0,0.0,0,20
family-objective_mixture-0.5_n-800_p-2,holdout_common,cart_tuned,20,dataset,0.0,0.0,0.0,0,20
family-objective_mixture-0.5_n-800_p-2,holdout_refined,cart_tuned,20,dataset,0.0,0.0,0.0,0,20
family-objective_mixture-0.5_n-800_p-2,holdout_selected,cart_tuned,20,dataset,0.0,0.0,0.0,0,20
family-objective_mixture-0.5_n-800_p-2,node_vote,cart_tuned,20,dataset,0.0,0.0,0.0,0,20
family-objective_mixture-0.5_n-800_p-2,relative_bootstrap,cart_tuned,20,dataset,0.0,0.0,0.0,0,20
family-objective_mixture-0.5_n-800_p-2,relative_random_bootstrap,cart_tuned,20,dataset,0.0,0.0,0.0,0,20
family-objective_mixture-0.5_n-800_p-2,relative_random_subsample,cart_tuned,20,dataset,0.0,0.0,0.0,0,20
family-objective_mixture-0.5_n-800_p-2,relative_subsample,cart_tuned,20,dataset,0.0,0.0,0.0,0,20
family-objective_mixture-0.5_n-800_p-2,stump_gini,cart_tuned,20,dataset,0.0,0.0,0.0,0,20
family-objective_mixture-0.5_n-800_p-2,stump_holdout_error,cart_tuned,20,dataset,0.0,0.0,0.0,0,20
family-objective_mixture-0.5_n-800_p-2,stump_training_error,cart_tuned,20,dataset,0.0,0.0,0.0,0,20
family-objective_mixture-0.5_n-800_p-2,weighted_bootstrap,cart_tuned,20,dataset,0.0,0.0,0.0,0,20
family-objective_mixture-0.5_n-800_p-2,weighted_subsample,cart_tuned,20,dataset,0.0,0.0,0.0,0,20
family-objective_mixture-0.5_n-800_p-2,aloof,aloof,20,dataset,0.0,0.0,0.0,0,20
family-objective_mixture-0.5_n-800_p-2,cart,aloof,20,dataset,0.0,0.0,0.0,0,20
family-objective_mixture-0.5_n-800_p-2,cart_strong,aloof,20,dataset,0.0,0.0,0.0,0,20
family-objective_mixture-0.5_n-800_p-2,cart_tuned,aloof,20,dataset,0.0,0.0,0.0,0,20
family-objective_mixture-0.5_n-800_p-2,error_greedy,aloof,20,dataset,0.0,0.0,0.0,0,20
family-objective_mixture-0.5_n-800_p-2,fixed_keep_single_class,aloof,20,dataset,0.0,0.0,0.0,0,20
family-objective_mixture-0.5_n-800_p-2,fixed_original,aloof,20,dataset,0.0,0.0,0.0,0,20
family-objective_mixture-0.5_n-800_p-2,fixed_random_ties,aloof,20,dataset,0.0,0.0,0.0,0,20
family-objective_mixture-0.5_n-800_p-2,fixed_refined,aloof,20,dataset,0.0,0.0,0.0,0,20
family-objective_mixture-0.5_n-800_p-2,frequency_bootstrap,aloof,20,dataset,0.0,0.0,0.0,0,20
family-objective_mixture-0.5_n-800_p-2,frequency_subsample,aloof,20,dataset,0.0,0.0,0.0,0,20
family-objective_mixture-0.5_n-800_p-2,holdout_common,aloof,20,dataset,0.0,0.0,0.0,0,20
family-objective_mixture-0.5_n-800_p-2,holdout_refined,aloof,20,dataset,0.0,0.0,0.0,0,20
family-objective_mixture-0.5_n-800_p-2,holdout_selected,aloof,20,dataset,0.0,0.0,0.0,0,20
family-objective_mixture-0.5_n-800_p-2,node_vote,aloof,20,dataset,0.0,0.0,0.0,0,20
family-objective_mixture-0.5_n-800_p-2,relative_bootstrap,aloof,20,dataset,0.0,0.0,0.0,0,20
family-objective_mixture-0.5_n-800_p-2,relative_random_bootstrap,aloof,20,dataset,0.0,0.0,0.0,0,20
family-objective_mixture-0.5_n-800_p-2,relative_random_subsample,aloof,20,dataset,0.0,0.0,0.0,0,20
family-objective_mixture-0.5_n-800_p-2,relative_subsample,aloof,20,dataset,0.0,0.0,0.0,0,20
family-objective_mixture-0.5_n-800_p-2,stump_gini,aloof,20,dataset,0.0,0.0,0.0,0,20
family-objective_mixture-0.5_n-800_p-2,stump_holdout_error,aloof,20,dataset,0.0,0.0,0.0,0,20
family-objective_mixture-0.5_n-800_p-2,stump_training_error,aloof,20,dataset,0.0,0.0,0.0,0,20
family-objective_mixture-0.5_n-800_p-2,weighted_bootstrap,aloof,20,dataset,0.0,0.0,0.0,0,20
family-objective_mixture-0.5_n-800_p-2,weighted_subsample,aloof,20,dataset,0.0,0.0,0.0,0,20
family-objective_mixture-0.5_n-800_p-2,aloof,node_vote,20,dataset,0.0,0.0,0.0,0,20
family-objective_mixture-0.5_n-800_p-2,cart,node_vote,20,dataset,0.0,0.0,0.0,0,20
family-objective_mixture-0.5_n-800_p-2,cart_strong,node_vote,20,dataset,0.0,0.0,0.0,0,20
family-objective_mixture-0.5_n-800_p-2,cart_tuned,node_vote,20,dataset,0.0,0.0,0.0,0,20
family-objective_mixture-0.5_n-800_p-2,error_greedy,node_vote,20,dataset,0.0,0.0,0.0,0,20
family-objective_mixture-0.5_n-800_p-2,fixed_keep_single_class,node_vote,20,dataset,0.0,0.0,0.0,0,20
family-objective_mixture-0.5_n-800_p-2,fixed_original,node_vote,20,dataset,0.0,0.0,0.0,0,20
family-objective_mixture-0.5_n-800_p-2,fixed_random_ties,node_vote,20,dataset,0.0,0.0,0.0,0,20
family-objective_mixture-0.5_n-800_p-2,fixed_refined,node_vote,20,dataset,0.0,0.0,0.0,0,20
family-objective_mixture-0.5_n-800_p-2,frequency_bootstrap,node_vote,20,dataset,0.0,0.0,0.0,0,20
family-objective_mixture-0.5_n-800_p-2,frequency_subsample,node_vote,20,dataset,0.0,0.0,0.0,0,20
family-objective_mixture-0.5_n-800_p-2,holdout_common,node_vote,20,dataset,0.0,0.0,0.0,0,20
family-objective_mixture-0.5_n-800_p-2,holdout_refined,node_vote,20,dataset,0.0,0.0,0.0,0,20
family-objective_mixture-0.5_n-800_p-2,holdout_selected,node_vote,20,dataset,0.0,0.0,0.0,0,20
family-objective_mixture-0.5_n-800_p-2,node_vote,node_vote,20,dataset,0.0,0.0,0.0,0,20
family-objective_mixture-0.5_n-800_p-2,relative_bootstrap,node_vote,20,dataset,0.0,0.0,0.0,0,20
family-objective_mixture-0.5_n-800_p-2,relative_random_bootstrap,node_vote,20,dataset,0.0,0.0,0.0,0,20
family-objective_mixture-0.5_n-800_p-2,relative_random_subsample,node_vote,20,dataset,0.0,0.0,0.0,0,20
family-objective_mixture-0.5_n-800_p-2,relative_subsample,node_vote,20,dataset,0.0,0.0,0.0,0,20
family-objective_mixture-0.5_n-800_p-2,stump_gini,node_vote,20,dataset,0.0,0.0,0.0,0,20
family-objective_mixture-0.5_n-800_p-2,stump_holdout_error,node_vote,20,dataset,0.0,0.0,0.0,0,20
family-objective_mixture-0.5_n-800_p-2,stump_training_error,node_vote,20,dataset,0.0,0.0,0.0,0,20
family-objective_mixture-0.5_n-800_p-2,weighted_bootstrap,node_vote,20,dataset,0.0,0.0,0.0,0,20
family-objective_mixture-0.5_n-800_p-2,weighted_subsample,node_vote,20,dataset,0.0,0.0,0.0,0,20
family-objective_mixture-1.0_n-200_p-2,aloof,cart_strong,20,dataset,0.0,0.0,0.0,0,20
family-objective_mixture-1.0_n-200_p-2,cart,cart_strong,20,dataset,0.0,0.0,0.0,0,20
family-objective_mixture-1.0_n-200_p-2,cart_strong,cart_strong,20,dataset,0.0,0.0,0.0,0,20
family-objective_mixture-1.0_n-200_p-2,cart_tuned,cart_strong,20,dataset,0.0,0.0,0.0,0,20
family-objective_mixture-1.0_n-200_p-2,error_greedy,cart_strong,20,dataset,0.0,0.0,0.0,0,20
family-objective_mixture-1.0_n-200_p-2,fixed_keep_single_class,cart_strong,20,dataset,0.0,0.0,0.0,0,20
family-objective_mixture-1.0_n-200_p-2,fixed_original,cart_strong,20,dataset,0.0,0.0,0.0,0,20
family-objective_mixture-1.0_n-200_p-2,fixed_random_ties,cart_strong,20,dataset,0.0,0.0,0.0,0,20
family-objective_mixture-1.0_n-200_p-2,fixed_refined,cart_strong,20,dataset,0.0,0.0,0.0,0,20
family-objective_mixture-1.0_n-200_p-2,frequency_bootstrap,cart_strong,20,dataset,0.0,0.0,0.0,0,20
family-objective_mixture-1.0_n-200_p-2,frequency_subsample,cart_strong,20,dataset,0.0,0.0,0.0,0,20
family-objective_mixture-1.0_n-200_p-2,holdout_common,cart_strong,20,dataset,0.0,0.0,0.0,0,20
family-objective_mixture-1.0_n-200_p-2,holdout_refined,cart_strong,20,dataset,0.0,0.0,0.0,0,20
family-objective_mixture-1.0_n-200_p-2,holdout_selected,cart_strong,20,dataset,0.0,0.0,0.0,0,20
family-objective_mixture-1.0_n-200_p-2,node_vote,cart_strong,20,dataset,0.0,0.0,0.0,0,20
family-objective_mixture-1.0_n-200_p-2,relative_bootstrap,cart_strong,20,dataset,0.0,0.0,0.0,0,20
family-objective_mixture-1.0_n-200_p-2,relative_random_bootstrap,cart_strong,20,dataset,0.0,0.0,0.0,0,20
family-objective_mixture-1.0_n-200_p-2,relative_random_subsample,cart_strong,20,dataset,0.0,0.0,0.0,0,20
family-objective_mixture-1.0_n-200_p-2,relative_subsample,cart_strong,20,dataset,0.0,0.0,0.0,0,20
family-objective_mixture-1.0_n-200_p-2,stump_gini,cart_strong,20,dataset,0.0,0.0,0.0,0,20
family-objective_mixture-1.0_n-200_p-2,stump_holdout_error,cart_strong,20,dataset,0.0,0.0,0.0,0,20
family-objective_mixture-1.0_n-200_p-2,stump_training_error,cart_strong,20,dataset,0.0,0.0,0.0,0,20
family-objective_mixture-1.0_n-200_p-2,weighted_bootstrap,cart_strong,20,dataset,0.0,0.0,0.0,0,20
family-objective_mixture-1.0_n-200_p-2,weighted_subsample,cart_strong,20,dataset,0.0,0.0,0.0,0,20
family-objective_mixture-1.0_n-200_p-2,aloof,cart_tuned,20,dataset,0.0,0.0,0.0,0,20
family-objective_mixture-1.0_n-200_p-2,cart,cart_tuned,20,dataset,0.0,0.0,0.0,0,20
family-objective_mixture-1.0_n-200_p-2,cart_strong,cart_tuned,20,dataset,0.0,0.0,0.0,0,20
family-objective_mixture-1.0_n-200_p-2,cart_tuned,cart_tuned,20,dataset,0.0,0.0,0.0,0,20
family-objective_mixture-1.0_n-200_p-2,error_greedy,cart_tuned,20,dataset,0.0,0.0,0.0,0,20
family-objective_mixture-1.0_n-200_p-2,fixed_keep_single_class,cart_tuned,20,dataset,0.0,0.0,0.0,0,20
family-objective_mixture-1.0_n-200_p-2,fixed_original,cart_tuned,20,dataset,0.0,0.0,0.0,0,20
family-objective_mixture-1.0_n-200_p-2,fixed_random_ties,cart_tuned,20,dataset,0.0,0.0,0.0,0,20
family-objective_mixture-1.0_n-200_p-2,fixed_refined,cart_tuned,20,dataset,0.0,0.0,0.0,0,20
family-objective_mixture-1.0_n-200_p-2,frequency_bootstrap,cart_tuned,20,dataset,0.0,0.0,0.0,0,20
family-objective_mixture-1.0_n-200_p-2,frequency_subsample,cart_tuned,20,dataset,0.0,0.0,0.0,0,20
family-objective_mixture-1.0_n-200_p-2,holdout_common,cart_tuned,20,dataset,0.0,0.0,0.0,0,20
family-objective_mixture-1.0_n-200_p-2,holdout_refined,cart_tuned,20,dataset,0.0,0.0,0.0,0,20
family-objective_mixture-1.0_n-200_p-2,holdout_selected,cart_tuned,20,dataset,0.0,0.0,0.0,0,20
family-objective_mixture-1.0_n-200_p-2,node_vote,cart_tuned,20,dataset,0.0,0.0,0.0,0,20
family-objective_mixture-1.0_n-200_p-2,relative_bootstrap,cart_tuned,20,dataset,0.0,0.0,0.0,0,20
family-objective_mixture-1.0_n-200_p-2,relative_random_bootstrap,cart_tuned,20,dataset,0.0,0.0,0.0,0,20
family-objective_mixture-1.0_n-200_p-2,relative_random_subsample,cart_tuned,20,dataset,0.0,0.0,0.0,0,20
family-objective_mixture-1.0_n-200_p-2,relative_subsample,cart_tuned,20,dataset,0.0,0.0,0.0,0,20
family-objective_mixture-1.0_n-200_p-2,stump_gini,cart_tuned,20,dataset,0.0,0.0,0.0,0,20
family-objective_mixture-1.0_n-200_p-2,stump_holdout_error,cart_tuned,20,dataset,0.0,0.0,0.0,0,20
family-objective_mixture-1.0_n-200_p-2,stump_training_error,cart_tuned,20,dataset,0.0,0.0,0.0,0,20
family-objective_mixture-1.0_n-200_p-2,weighted_bootstrap,cart_tuned,20,dataset,0.0,0.0,0.0,0,20
family-objective_mixture-1.0_n-200_p-2,weighted_subsample,cart_tuned,20,dataset,0.0,0.0,0.0,0,20
family-objective_mixture-1.0_n-200_p-2,aloof,aloof,20,dataset,0.0,0.0,0.0,0,20
family-objective_mixture-1.0_n-200_p-2,cart,aloof,20,dataset,0.0,0.0,0.0,0,20
family-objective_mixture-1.0_n-200_p-2,cart_strong,aloof,20,dataset,0.0,0.0,0.0,0,20
family-objective_mixture-1.0_n-200_p-2,cart_tuned,aloof,20,dataset,0.0,0.0,0.0,0,20
family-objective_mixture-1.0_n-200_p-2,error_greedy,aloof,20,dataset,0.0,0.0,0.0,0,20
family-objective_mixture-1.0_n-200_p-2,fixed_keep_single_class,aloof,20,dataset,0.0,0.0,0.0,0,20
family-objective_mixture-1.0_n-200_p-2,fixed_original,aloof,20,dataset,0.0,0.0,0.0,0,20
family-objective_mixture-1.0_n-200_p-2,fixed_random_ties,aloof,20,dataset,0.0,0.0,0.0,0,20
family-objective_mixture-1.0_n-200_p-2,fixed_refined,aloof,20,dataset,0.0,0.0,0.0,0,20
family-objective_mixture-1.0_n-200_p-2,frequency_bootstrap,aloof,20,dataset,0.0,0.0,0.0,0,20
family-objective_mixture-1.0_n-200_p-2,frequency_subsample,aloof,20,dataset,0.0,0.0,0.0,0,20
family-objective_mixture-1.0_n-200_p-2,holdout_common,aloof,20,dataset,0.0,0.0,0.0,0,20
family-objective_mixture-1.0_n-200_p-2,holdout_refined,aloof,20,dataset,0.0,0.0,0.0,0,20
family-objective_mixture-1.0_n-200_p-2,holdout_selected,aloof,20,dataset,0.0,0.0,0.0,0,20
family-objective_mixture-1.0_n-200_p-2,node_vote,aloof,20,dataset,0.0,0.0,0.0,0,20
family-objective_mixture-1.0_n-200_p-2,relative_bootstrap,aloof,20,dataset,0.0,0.0,0.0,0,20
family-objective_mixture-1.0_n-200_p-2,relative_random_bootstrap,aloof,20,dataset,0.0,0.0,0.0,0,20
family-objective_mixture-1.0_n-200_p-2,relative_random_subsample,aloof,20,dataset,0.0,0.0,0.0,0,20
family-objective_mixture-1.0_n-200_p-2,relative_subsample,aloof,20,dataset,0.0,0.0,0.0,0,20
family-objective_mixture-1.0_n-200_p-2,stump_gini,aloof,20,dataset,0.0,0.0,0.0,0,20
family-objective_mixture-1.0_n-200_p-2,stump_holdout_error,aloof,20,dataset,0.0,0.0,0.0,0,20
family-objective_mixture-1.0_n-200_p-2,stump_training_error,aloof,20,dataset,0.0,0.0,0.0,0,20
family-objective_mixture-1.0_n-200_p-2,weighted_bootstrap,aloof,20,dataset,0.0,0.0,0.0,0,20
family-objective_mixture-1.0_n-200_p-2,weighted_subsample,aloof,20,dataset,0.0,0.0,0.0,0,20
family-objective_mixture-1.0_n-200_p-2,aloof,node_vote,20,dataset,0.0,0.0,0.0,0,20
family-objective_mixture-1.0_n-200_p-2,cart,node_vote,20,dataset,0.0,0.0,0.0,0,20
family-objective_mixture-1.0_n-200_p-2,cart_strong,node_vote,20,dataset,0.0,0.0,0.0,0,20
family-objective_mixture-1.0_n-200_p-2,cart_tuned,node_vote,20,dataset,0.0,0.0,0.0,0,20
family-objective_mixture-1.0_n-200_p-2,error_greedy,node_vote,20,dataset,0.0,0.0,0.0,0,20
family-objective_mixture-1.0_n-200_p-2,fixed_keep_single_class,node_vote,20,dataset,0.0,0.0,0.0,0,20
family-objective_mixture-1.0_n-200_p-2,fixed_original,node_vote,20,dataset,0.0,0.0,0.0,0,20
family-objective_mixture-1.0_n-200_p-2,fixed_random_ties,node_vote,20,dataset,0.0,0.0,0.0,0,20
family-objective_mixture-1.0_n-200_p-2,fixed_refined,node_vote,20,dataset,0.0,0.0,0.0,0,20
family-objective_mixture-1.0_n-200_p-2,frequency_bootstrap,node_vote,20,dataset,0.0,0.0,0.0,0,20
family-objective_mixture-1.0_n-200_p-2,frequency_subsample,node_vote,20,dataset,0.0,0.0,0.0,0,20
family-objective_mixture-1.0_n-200_p-2,holdout_common,node_vote,20,dataset,0.0,0.0,0.0,0,20
family-objective_mixture-1.0_n-200_p-2,holdout_refined,node_vote,20,dataset,0.0,0.0,0.0,0,20
family-objective_mixture-1.0_n-200_p-2,holdout_selected,node_vote,20,dataset,0.0,0.0,0.0,0,20
family-objective_mixture-1.0_n-200_p-2,node_vote,node_vote,20,dataset,0.0,0.0,0.0,0,20
family-objective_mixture-1.0_n-200_p-2,relative_bootstrap,node_vote,20,dataset,0.0,0.0,0.0,0,20
family-objective_mixture-1.0_n-200_p-2,relative_random_bootstrap,node_vote,20,dataset,0.0,0.0,0.0,0,20
family-objective_mixture-1.0_n-200_p-2,relative_random_subsample,node_vote,20,dataset,0.0,0.0,0.0,0,20
family-objective_mixture-1.0_n-200_p-2,relative_subsample,node_vote,20,dataset,0.0,0.0,0.0,0,20
family-objective_mixture-1.0_n-200_p-2,stump_gini,node_vote,20,dataset,0.0,0.0,0.0,0,20
family-objective_mixture-1.0_n-200_p-2,stump_holdout_error,node_vote,20,dataset,0.0,0.0,0.0,0,20
family-objective_mixture-1.0_n-200_p-2,stump_training_error,node_vote,20,dataset,0.0,0.0,0.0,0,20
family-objective_mixture-1.0_n-200_p-2,weighted_bootstrap,node_vote,20,dataset,0.0,0.0,0.0,0,20
family-objective_mixture-1.0_n-200_p-2,weighted_subsample,node_vote,20,dataset,0.0,0.0,0.0,0,20
family-objective_mixture-1.0_n-800_p-2,aloof,cart_strong,20,dataset,0.0,0.0,0.0,0,20
family-objective_mixture-1.0_n-800_p-2,cart,cart_strong,20,dataset,0.0,0.0,0.0,0,20
family-objective_mixture-1.0_n-800_p-2,cart_strong,cart_strong,20,dataset,0.0,0.0,0.0,0,20
family-objective_mixture-1.0_n-800_p-2,cart_tuned,cart_strong,20,dataset,0.0,0.0,0.0,0,20
family-objective_mixture-1.0_n-800_p-2,error_greedy,cart_strong,20,dataset,0.0,0.0,0.0,0,20
family-objective_mixture-1.0_n-800_p-2,fixed_keep_single_class,cart_strong,20,dataset,0.0,0.0,0.0,0,20
family-objective_mixture-1.0_n-800_p-2,fixed_original,cart_strong,20,dataset,0.0,0.0,0.0,0,20
family-objective_mixture-1.0_n-800_p-2,fixed_random_ties,cart_strong,20,dataset,0.0,0.0,0.0,0,20
family-objective_mixture-1.0_n-800_p-2,fixed_refined,cart_strong,20,dataset,0.0,0.0,0.0,0,20
family-objective_mixture-1.0_n-800_p-2,frequency_bootstrap,cart_strong,20,dataset,0.0,0.0,0.0,0,20
family-objective_mixture-1.0_n-800_p-2,frequency_subsample,cart_strong,20,dataset,0.0,0.0,0.0,0,20
family-objective_mixture-1.0_n-800_p-2,holdout_common,cart_strong,20,dataset,0.0,0.0,0.0,0,20
family-objective_mixture-1.0_n-800_p-2,holdout_refined,cart_strong,20,dataset,0.0,0.0,0.0,0,20
family-objective_mixture-1.0_n-800_p-2,holdout_selected,cart_strong,20,dataset,0.0,0.0,0.0,0,20
family-objective_mixture-1.0_n-800_p-2,node_vote,cart_strong,20,dataset,0.0,0.0,0.0,0,20
family-objective_mixture-1.0_n-800_p-2,relative_bootstrap,cart_strong,20,dataset,0.0,0.0,0.0,0,20
family-objective_mixture-1.0_n-800_p-2,relative_random_bootstrap,cart_strong,20,dataset,0.0,0.0,0.0,0,20
family-objective_mixture-1.0_n-800_p-2,relative_random_subsample,cart_strong,20,dataset,0.0,0.0,0.0,0,20
family-objective_mixture-1.0_n-800_p-2,relative_subsample,cart_strong,20,dataset,0.0,0.0,0.0,0,20
family-objective_mixture-1.0_n-800_p-2,stump_gini,cart_strong,20,dataset,0.0,0.0,0.0,0,20
family-objective_mixture-1.0_n-800_p-2,stump_holdout_error,cart_strong,20,dataset,0.0,0.0,0.0,0,20
family-objective_mixture-1.0_n-800_p-2,stump_training_error,cart_strong,20,dataset,0.0,0.0,0.0,0,20
family-objective_mixture-1.0_n-800_p-2,weighted_bootstrap,cart_strong,20,dataset,0.0,0.0,0.0,0,20
family-objective_mixture-1.0_n-800_p-2,weighted_subsample,cart_strong,20,dataset,0.0,0.0,0.0,0,20
family-objective_mixture-1.0_n-800_p-2,aloof,cart_tuned,20,dataset,0.0,0.0,0.0,0,20
family-objective_mixture-1.0_n-800_p-2,cart,cart_tuned,20,dataset,0.0,0.0,0.0,0,20
family-objective_mixture-1.0_n-800_p-2,cart_strong,cart_tuned,20,dataset,0.0,0.0,0.0,0,20
family-objective_mixture-1.0_n-800_p-2,cart_tuned,cart_tuned,20,dataset,0.0,0.0,0.0,0,20
family-objective_mixture-1.0_n-800_p-2,error_greedy,cart_tuned,20,dataset,0.0,0.0,0.0,0,20
family-objective_mixture-1.0_n-800_p-2,fixed_keep_single_class,cart_tuned,20,dataset,0.0,0.0,0.0,0,20
family-objective_mixture-1.0_n-800_p-2,fixed_original,cart_tuned,20,dataset,0.0,0.0,0.0,0,20
family-objective_mixture-1.0_n-800_p-2,fixed_random_ties,cart_tuned,20,dataset,0.0,0.0,0.0,0,20
family-objective_mixture-1.0_n-800_p-2,fixed_refined,cart_tuned,20,dataset,0.0,0.0,0.0,0,20
family-objective_mixture-1.0_n-800_p-2,frequency_bootstrap,cart_tuned,20,dataset,0.0,0.0,0.0,0,20
family-objective_mixture-1.0_n-800_p-2,frequency_subsample,cart_tuned,20,dataset,0.0,0.0,0.0,0,20
family-objective_mixture-1.0_n-800_p-2,holdout_common,cart_tuned,20,dataset,0.0,0.0,0.0,0,20
family-objective_mixture-1.0_n-800_p-2,holdout_refined,cart_tuned,20,dataset,0.0,0.0,0.0,0,20
family-objective_mixture-1.0_n-800_p-2,holdout_selected,cart_tuned,20,dataset,0.0,0.0,0.0,0,20
family-objective_mixture-1.0_n-800_p-2,node_vote,cart_tuned,20,dataset,0.0,0.0,0.0,0,20
family-objective_mixture-1.0_n-800_p-2,relative_bootstrap,cart_tuned,20,dataset,0.0,0.0,0.0,0,20
family-objective_mixture-1.0_n-800_p-2,relative_random_bootstrap,cart_tuned,20,dataset,0.0,0.0,0.0,0,20
family-objective_mixture-1.0_n-800_p-2,relative_random_subsample,cart_tuned,20,dataset,0.0,0.0,0.0,0,20
family-objective_mixture-1.0_n-800_p-2,relative_subsample,cart_tuned,20,dataset,0.0,0.0,0.0,0,20
family-objective_mixture-1.0_n-800_p-2,stump_gini,cart_tuned,20,dataset,0.0,0.0,0.0,0,20
family-objective_mixture-1.0_n-800_p-2,stump_holdout_error,cart_tuned,20,dataset,0.0,0.0,0.0,0,20
family-objective_mixture-1.0_n-800_p-2,stump_training_error,cart_tuned,20,dataset,0.0,0.0,0.0,0,20
family-objective_mixture-1.0_n-800_p-2,weighted_bootstrap,cart_tuned,20,dataset,0.0,0.0,0.0,0,20
family-objective_mixture-1.0_n-800_p-2,weighted_subsample,cart_tuned,20,dataset,0.0,0.0,0.0,0,20
family-objective_mixture-1.0_n-800_p-2,aloof,aloof,20,dataset,0.0,0.0,0.0,0,20
family-objective_mixture-1.0_n-800_p-2,cart,aloof,20,dataset,0.0,0.0,0.0,0,20
family-objective_mixture-1.0_n-800_p-2,cart_strong,aloof,20,dataset,0.0,0.0,0.0,0,20
family-objective_mixture-1.0_n-800_p-2,cart_tuned,aloof,20,dataset,0.0,0.0,0.0,0,20
family-objective_mixture-1.0_n-800_p-2,error_greedy,aloof,20,dataset,0.0,0.0,0.0,0,20
family-objective_mixture-1.0_n-800_p-2,fixed_keep_single_class,aloof,20,dataset,0.0,0.0,0.0,0,20
family-objective_mixture-1.0_n-800_p-2,fixed_original,aloof,20,dataset,0.0,0.0,0.0,0,20
family-objective_mixture-1.0_n-800_p-2,fixed_random_ties,aloof,20,dataset,0.0,0.0,0.0,0,20
family-objective_mixture-1.0_n-800_p-2,fixed_refined,aloof,20,dataset,0.0,0.0,0.0,0,20
family-objective_mixture-1.0_n-800_p-2,frequency_bootstrap,aloof,20,dataset,0.0,0.0,0.0,0,20
family-objective_mixture-1.0_n-800_p-2,frequency_subsample,aloof,20,dataset,0.0,0.0,0.0,0,20
family-objective_mixture-1.0_n-800_p-2,holdout_common,aloof,20,dataset,0.0,0.0,0.0,0,20
family-objective_mixture-1.0_n-800_p-2,holdout_refined,aloof,20,dataset,0.0,0.0,0.0,0,20
family-objective_mixture-1.0_n-800_p-2,holdout_selected,aloof,20,dataset,0.0,0.0,0.0,0,20
family-objective_mixture-1.0_n-800_p-2,node_vote,aloof,20,dataset,0.0,0.0,0.0,0,20
family-objective_mixture-1.0_n-800_p-2,relative_bootstrap,aloof,20,dataset,0.0,0.0,0.0,0,20
family-objective_mixture-1.0_n-800_p-2,relative_random_bootstrap,aloof,20,dataset,0.0,0.0,0.0,0,20
family-objective_mixture-1.0_n-800_p-2,relative_random_subsample,aloof,20,dataset,0.0,0.0,0.0,0,20
family-objective_mixture-1.0_n-800_p-2,relative_subsample,aloof,20,dataset,0.0,0.0,0.0,0,20
family-objective_mixture-1.0_n-800_p-2,stump_gini,aloof,20,dataset,0.0,0.0,0.0,0,20
family-objective_mixture-1.0_n-800_p-2,stump_holdout_error,aloof,20,dataset,0.0,0.0,0.0,0,20
family-objective_mixture-1.0_n-800_p-2,stump_training_error,aloof,20,dataset,0.0,0.0,0.0,0,20
family-objective_mixture-1.0_n-800_p-2,weighted_bootstrap,aloof,20,dataset,0.0,0.0,0.0,0,20
family-objective_mixture-1.0_n-800_p-2,weighted_subsample,aloof,20,dataset,0.0,0.0,0.0,0,20
family-objective_mixture-1.0_n-800_p-2,aloof,node_vote,20,dataset,0.0,0.0,0.0,0,20
family-objective_mixture-1.0_n-800_p-2,cart,node_vote,20,dataset,0.0,0.0,0.0,0,20
family-objective_mixture-1.0_n-800_p-2,cart_strong,node_vote,20,dataset,0.0,0.0,0.0,0,20
family-objective_mixture-1.0_n-800_p-2,cart_tuned,node_vote,20,dataset,0.0,0.0,0.0,0,20
family-objective_mixture-1.0_n-800_p-2,error_greedy,node_vote,20,dataset,0.0,0.0,0.0,0,20
family-objective_mixture-1.0_n-800_p-2,fixed_keep_single_class,node_vote,20,dataset,0.0,0.0,0.0,0,20
family-objective_mixture-1.0_n-800_p-2,fixed_original,node_vote,20,dataset,0.0,0.0,0.0,0,20
family-objective_mixture-1.0_n-800_p-2,fixed_random_ties,node_vote,20,dataset,0.0,0.0,0.0,0,20
family-objective_mixture-1.0_n-800_p-2,fixed_refined,node_vote,20,dataset,0.0,0.0,0.0,0,20
family-objective_mixture-1.0_n-800_p-2,frequency_bootstrap,node_vote,20,dataset,0.0,0.0,0.0,0,20
family-objective_mixture-1.0_n-800_p-2,frequency_subsample,node_vote,20,dataset,0.0,0.0,0.0,0,20
family-objective_mixture-1.0_n-800_p-2,holdout_common,node_vote,20,dataset,0.0,0.0,0.0,0,20
family-objective_mixture-1.0_n-800_p-2,holdout_refined,node_vote,20,dataset,0.0,0.0,0.0,0,20
family-objective_mixture-1.0_n-800_p-2,holdout_selected,node_vote,20,dataset,0.0,0.0,0.0,0,20
family-objective_mixture-1.0_n-800_p-2,node_vote,node_vote,20,dataset,0.0,0.0,0.0,0,20
family-objective_mixture-1.0_n-800_p-2,relative_bootstrap,node_vote,20,dataset,0.0,0.0,0.0,0,20
family-objective_mixture-1.0_n-800_p-2,relative_random_bootstrap,node_vote,20,dataset,0.0,0.0,0.0,0,20
family-objective_mixture-1.0_n-800_p-2,relative_random_subsample,node_vote,20,dataset,0.0,0.0,0.0,0,20
family-objective_mixture-1.0_n-800_p-2,relative_subsample,node_vote,20,dataset,0.0,0.0,0.0,0,20
family-objective_mixture-1.0_n-800_p-2,stump_gini,node_vote,20,dataset,0.0,0.0,0.0,0,20
family-objective_mixture-1.0_n-800_p-2,stump_holdout_error,node_vote,20,dataset,0.0,0.0,0.0,0,20
family-objective_mixture-1.0_n-800_p-2,stump_training_error,node_vote,20,dataset,0.0,0.0,0.0,0,20
family-objective_mixture-1.0_n-800_p-2,weighted_bootstrap,node_vote,20,dataset,0.0,0.0,0.0,0,20
family-objective_mixture-1.0_n-800_p-2,weighted_subsample,node_vote,20,dataset,0.0,0.0,0.0,0,20
family-real_name-breast_cancer,aloof,cart_strong,5,overlapping split,0.0011695906432748649,,,3,0
family-real_name-breast_cancer,cart,cart_strong,5,overlapping split,2.2204460492503132e-17,,,2,1
family-real_name-breast_cancer,cart_strong,cart_strong,5,overlapping split,0.0,,,0,5
family-real_name-breast_cancer,cart_tuned,cart_strong,5,overlapping split,0.002339181286549752,,,2,2
family-real_name-breast_cancer,error_greedy,cart_strong,5,overlapping split,-0.0023391812865497076,,,3,0
family-real_name-breast_cancer,fixed_keep_single_class,cart_strong,5,overlapping split,0.01052631578947374,,,4,0
family-real_name-breast_cancer,fixed_original,cart_strong,5,overlapping split,-0.0023391812865496187,,,3,1
family-real_name-breast_cancer,fixed_random_ties,cart_strong,5,overlapping split,0.007017543859649189,,,4,0
family-real_name-breast_cancer,fixed_refined,cart_strong,5,overlapping split,0.00584795321637428,,,3,0
family-real_name-breast_cancer,frequency_bootstrap,cart_strong,5,overlapping split,-0.002339181286549663,,,2,0
family-real_name-breast_cancer,frequency_subsample,cart_strong,5,overlapping split,-0.007017543859649145,,,2,0
family-real_name-breast_cancer,holdout_common,cart_strong,5,overlapping split,0.00818713450292401,,,2,2
family-real_name-breast_cancer,holdout_refined,cart_strong,5,overlapping split,0.007017543859649122,,,2,1
family-real_name-breast_cancer,holdout_selected,cart_strong,5,overlapping split,0.012865497076023403,,,3,0
family-real_name-breast_cancer,node_vote,cart_strong,5,overlapping split,0.014035087719298312,,,2,0
family-real_name-breast_cancer,relative_bootstrap,cart_strong,5,overlapping split,-0.00818713450292392,,,2,0
family-real_name-breast_cancer,relative_random_bootstrap,cart_strong,5,overlapping split,-0.011695906432748537,,,2,0
family-real_name-breast_cancer,relative_random_subsample,cart_strong,5,overlapping split,-0.014035087719298223,,,2,0
family-real_name-breast_cancer,relative_subsample,cart_strong,5,overlapping split,-0.010526315789473694,,,2,0
family-real_name-breast_cancer,weighted_bootstrap,cart_strong,5,overlapping split,-0.005847953216374257,,,2,1
family-real_name-breast_cancer,weighted_subsample,cart_strong,5,overlapping split,-0.015204678362573087,,,2,0
family-real_name-breast_cancer,aloof,cart_tuned,5,overlapping split,-0.001169590643274887,,,2,1
family-real_name-breast_cancer,cart,cart_tuned,5,overlapping split,-0.0023391812865497298,,,1,1
family-real_name-breast_cancer,cart_strong,cart_tuned,5,overlapping split,-0.002339181286549752,,,1,2
family-real_name-breast_cancer,cart_tuned,cart_tuned,5,overlapping split,0.0,,,0,5
family-real_name-breast_cancer,error_greedy,cart_tuned,5,overlapping split,-0.0046783625730994595,,,2,1
family-real_name-breast_cancer,fixed_keep_single_class,cart_tuned,5,overlapping split,0.008187134502923988,,,3,1
family-real_name-breast_cancer,fixed_original,cart_tuned,5,overlapping split,-0.00467836257309937,,,3,0
family-real_name-breast_cancer,fixed_random_ties,cart_tuned,5,overlapping split,0.004678362573099437,,,4,0
family-real_name-breast_cancer,fixed_refined,cart_tuned,5,overlapping split,0.003508771929824528,,,3,0
family-real_name-breast_cancer,frequency_bootstrap,cart_tuned,5,overlapping split,-0.004678362573099415,,,2,0
family-real_name-breast_cancer,frequency_subsample,cart_tuned,5,overlapping split,-0.009356725146198897,,,1,1
family-real_name-breast_cancer,holdout_common,cart_tuned,5,overlapping split,0.005847953216374257,,,3,1
family-real_name-breast_cancer,holdout_refined,cart_tuned,5,overlapping split,0.00467836257309937,,,2,1
family-real_name-breast_cancer,holdout_selected,cart_tuned,5,overlapping split,0.010526315789473651,,,2,1
family-real_name-breast_cancer,node_vote,cart_tuned,5,overlapping split,0.01169590643274856,,,2,0
family-real_name-breast_cancer,relative_bootstrap,cart_tuned,5,overlapping split,-0.010526315789473672,,,2,0
family-real_name-breast_cancer,relative_random_bootstrap,cart_tuned,5,overlapping split,-0.01403508771929829,,,2,0
family-real_name-breast_cancer,relative_random_subsample,cart_tuned,5,overlapping split,-0.016374269005847975,,,1,1
family-real_name-breast_cancer,relative_subsample,cart_tuned,5,overlapping split,-0.012865497076023446,,,1,1
family-real_name-breast_cancer,weighted_bootstrap,cart_tuned,5,overlapping split,-0.00818713450292401,,,2,0
family-real_name-breast_cancer,weighted_subsample,cart_tuned,5,overlapping split,-0.01754385964912284,,,1,1
family-real_name-breast_cancer,aloof,aloof,5,overlapping split,0.0,,,0,5
family-real_name-breast_cancer,cart,aloof,5,overlapping split,-0.0011695906432748425,,,2,1
family-real_name-breast_cancer,cart_strong,aloof,5,overlapping split,-0.0011695906432748649,,,2,0
family-real_name-breast_cancer,cart_tuned,aloof,5,overlapping split,0.001169590643274887,,,2,1
family-real_name-breast_cancer,error_greedy,aloof,5,overlapping split,-0.0035087719298245723,,,2,1
family-real_name-breast_cancer,fixed_keep_single_class,aloof,5,overlapping split,0.009356725146198874,,,4,1
family-real_name-breast_cancer,fixed_original,aloof,5,overlapping split,-0.0035087719298244834,,,2,1
family-real_name-breast_cancer,fixed_random_ties,aloof,5,overlapping split,0.005847953216374324,,,3,1
family-real_name-breast_cancer,fixed_refined,aloof,5,overlapping split,0.004678362573099415,,,3,1
family-real_name-breast_cancer,frequency_bootstrap,aloof,5,overlapping split,-0.003508771929824528,,,1,1
family-real_name-breast_cancer,frequency_subsample,aloof,5,overlapping split,-0.00818713450292401,,,1,1
family-real_name-breast_cancer,holdout_common,aloof,5,overlapping split,0.007017543859649145,,,3,0
family-real_name-breast_cancer,holdout_refined,aloof,5,overlapping split,0.005847953216374257,,,2,0
family-real_name-breast_cancer,holdout_selected,aloof,5,overlapping split,0.011695906432748537,,,2,2
family-real_name-breast_cancer,node_vote,aloof,5,overlapping split,0.012865497076023446,,,3,0
family-real_name-breast_cancer,relative_bootstrap,aloof,5,overlapping split,-0.009356725146198785,,,1,1
family-real_name-breast_cancer,relative_random_bootstrap,aloof,5,overlapping split,-0.012865497076023403,,,1,1
family-real_name-breast_cancer,relative_random_subsample,aloof,5,overlapping split,-0.015204678362573087,,,1,2
family-real_name-breast_cancer,relative_subsample,aloof,5,overlapping split,-0.01169590643274856,,,1,1
family-real_name-breast_cancer,weighted_bootstrap,aloof,5,overlapping split,-0.007017543859649122,,,2,1
family-real_name-breast_cancer,weighted_subsample,aloof,5,overlapping split,-0.01637426900584795,,,1,1
family-real_name-breast_cancer,aloof,node_vote,5,overlapping split,-0.012865497076023446,,,2,0
family-real_name-breast_cancer,cart,node_vote,5,overlapping split,-0.01403508771929829,,,3,0
family-real_name-breast_cancer,cart_strong,node_vote,5,overlapping split,-0.014035087719298312,,,3,0
family-real_name-breast_cancer,cart_tuned,node_vote,5,overlapping split,-0.01169590643274856,,,3,0
family-real_name-breast_cancer,error_greedy,node_vote,5,overlapping split,-0.01637426900584802,,,2,0
family-real_name-breast_cancer,fixed_keep_single_class,node_vote,5,overlapping split,-0.0035087719298245723,,,2,1
family-real_name-breast_cancer,fixed_original,node_vote,5,overlapping split,-0.01637426900584793,,,2,0
family-real_name-breast_cancer,fixed_random_ties,node_vote,5,overlapping split,-0.007017543859649122,,,2,0
family-real_name-breast_cancer,fixed_refined,node_vote,5,overlapping split,-0.008187134502924031,,,1,1
family-real_name-breast_cancer,frequency_bootstrap,node_vote,5,overlapping split,-0.016374269005847975,,,0,1
family-real_name-breast_cancer,frequency_subsample,node_vote,5,overlapping split,-0.021052631578947455,,,1,0
family-real_name-breast_cancer,holdout_common,node_vote,5,overlapping split,-0.005847953216374302,,,2,0
family-real_name-breast_cancer,holdout_refined,node_vote,5,overlapping split,-0.007017543859649189,,,3,0
family-real_name-breast_cancer,holdout_selected,node_vote,5,overlapping split,-0.0011695906432749093,,,2,0
family-real_name-breast_cancer,node_vote,node_vote,5,overlapping split,0.0,,,0,5
family-real_name-breast_cancer,relative_bootstrap,node_vote,5,overlapping split,-0.022222222222222233,,,0,1
family-real_name-breast_cancer,relative_random_bootstrap,node_vote,5,overlapping split,-0.025730994152046847,,,0,0
family-real_name-breast_cancer,relative_random_subsample,node_vote,5,overlapping split,-0.028070175438596533,,,1,0
family-real_name-breast_cancer,relative_subsample,node_vote,5,overlapping split,-0.024561403508772006,,,1,0
family-real_name-breast_cancer,weighted_bootstrap,node_vote,5,overlapping split,-0.01988304093567257,,,1,0
family-real_name-breast_cancer,weighted_subsample,node_vote,5,overlapping split,-0.0292397660818714,,,1,0
family-real_name-digits,cart,cart_strong,5,overlapping split,-0.18296296296296297,,,0,0
family-real_name-digits,cart_strong,cart_strong,5,overlapping split,0.0,,,0,5
family-real_name-digits,cart_tuned,cart_strong,5,overlapping split,-0.18407407407407406,,,0,0
family-real_name-digits,error_greedy,cart_strong,5,overlapping split,-0.07592592592592592,,,0,0
family-real_name-digits,fixed_keep_single_class,cart_strong,5,overlapping split,-0.10185185185185186,,,0,0
family-real_name-digits,fixed_original,cart_strong,5,overlapping split,-0.10407407407407407,,,0,0
family-real_name-digits,fixed_random_ties,cart_strong,5,overlapping split,-0.10370370370370371,,,0,0
family-real_name-digits,fixed_refined,cart_strong,5,overlapping split,-0.11185185185185184,,,0,0
family-real_name-digits,frequency_bootstrap,cart_strong,5,overlapping split,-0.2648148148148149,,,0,0
family-real_name-digits,frequency_subsample,cart_strong,5,overlapping split,-0.28222222222222226,,,0,0
family-real_name-digits,holdout_common,cart_strong,5,overlapping split,-0.08481481481481482,,,0,0
family-real_name-digits,holdout_refined,cart_strong,5,overlapping split,-0.10481481481481483,,,0,0
family-real_name-digits,holdout_selected,cart_strong,5,overlapping split,-0.1314814814814815,,,0,0
family-real_name-digits,node_vote,cart_strong,5,overlapping split,-0.18296296296296297,,,0,0
family-real_name-digits,relative_bootstrap,cart_strong,5,overlapping split,-0.2648148148148149,,,0,0
family-real_name-digits,relative_random_bootstrap,cart_strong,5,overlapping split,-0.24814814814814817,,,0,0
family-real_name-digits,relative_random_subsample,cart_strong,5,overlapping split,-0.2814814814814815,,,0,0
family-real_name-digits,relative_subsample,cart_strong,5,overlapping split,-0.28222222222222226,,,0,0
family-real_name-digits,weighted_bootstrap,cart_strong,5,overlapping split,-0.2440740740740741,,,0,0
family-real_name-digits,weighted_subsample,cart_strong,5,overlapping split,-0.27296296296296296,,,0,0
family-real_name-digits,cart,cart_tuned,5,overlapping split,0.0011111111111110849,,,2,2
family-real_name-digits,cart_strong,cart_tuned,5,overlapping split,0.18407407407407406,,,5,0
family-real_name-digits,cart_tuned,cart_tuned,5,overlapping split,0.0,,,0,5
family-real_name-digits,error_greedy,cart_tuned,5,overlapping split,0.10814814814814813,,,5,0
family-real_name-digits,fixed_keep_single_class,cart_tuned,5,overlapping split,0.0822222222222222,,,5,0
family-real_name-digits,fixed_original,cart_tuned,5,overlapping split,0.07999999999999999,,,4,0
family-real_name-digits,fixed_random_ties,cart_tuned,5,overlapping split,0.08037037037037034,,,4,0
family-real_name-digits,fixed_refined,cart_tuned,5,overlapping split,0.07222222222222222,,,5,0
family-real_name-digits,frequency_bootstrap,cart_tuned,5,overlapping split,-0.08074074074074078,,,0,0
family-real_name-digits,frequency_subsample,cart_tuned,5,overlapping split,-0.09814814814814816,,,0,0
family-real_name-digits,holdout_common,cart_tuned,5,overlapping split,0.09925925925925924,,,5,0
family-real_name-digits,holdout_refined,cart_tuned,5,overlapping split,0.07925925925925922,,,5,0
family-real_name-digits,holdout_selected,cart_tuned,5,overlapping split,0.052592592592592545,,,5,0
family-real_name-digits,node_vote,cart_tuned,5,overlapping split,0.0011111111111110849,,,3,0
family-real_name-digits,relative_bootstrap,cart_tuned,5,overlapping split,-0.08074074074074078,,,0,0
family-real_name-digits,relative_random_bootstrap,cart_tuned,5,overlapping split,-0.0640740740740741,,,0,0
family-real_name-digits,relative_random_subsample,cart_tuned,5,overlapping split,-0.09740740740740743,,,0,0
family-real_name-digits,relative_subsample,cart_tuned,5,overlapping split,-0.09814814814814816,,,0,0
family-real_name-digits,weighted_bootstrap,cart_tuned,5,overlapping split,-0.06000000000000005,,,0,0
family-real_name-digits,weighted_subsample,cart_tuned,5,overlapping split,-0.0888888888888889,,,0,0
family-real_name-digits,cart,node_vote,5,overlapping split,0.0,,,2,0
family-real_name-digits,cart_strong,node_vote,5,overlapping split,0.18296296296296297,,,5,0
family-real_name-digits,cart_tuned,node_vote,5,overlapping split,-0.0011111111111110849,,,2,0
family-real_name-digits,error_greedy,node_vote,5,overlapping split,0.10703703703703704,,,5,0
family-real_name-digits,fixed_keep_single_class,node_vote,5,overlapping split,0.0811111111111111,,,5,0
family-real_name-digits,fixed_original,node_vote,5,overlapping split,0.0788888888888889,,,4,0
family-real_name-digits,fixed_random_ties,node_vote,5,overlapping split,0.07925925925925925,,,4,0
family-real_name-digits,fixed_refined,node_vote,5,overlapping split,0.07111111111111112,,,5,0
family-real_name-digits,frequency_bootstrap,node_vote,5,overlapping split,-0.08185185185185187,,,0,0
family-real_name-digits,frequency_subsample,node_vote,5,overlapping split,-0.09925925925925924,,,0,0
family-real_name-digits,holdout_common,node_vote,5,overlapping split,0.09814814814814816,,,5,0
family-real_name-digits,holdout_refined,node_vote,5,overlapping split,0.07814814814814815,,,5,0
family-real_name-digits,holdout_selected,node_vote,5,overlapping split,0.05148148148148146,,,5,0
family-real_name-digits,node_vote,node_vote,5,overlapping split,0.0,,,0,5
family-real_name-digits,relative_bootstrap,node_vote,5,overlapping split,-0.08185185185185187,,,0,0
family-real_name-digits,relative_random_bootstrap,node_vote,5,overlapping split,-0.0651851851851852,,,0,0
family-real_name-digits,relative_random_subsample,node_vote,5,overlapping split,-0.09851851851851852,,,0,0
family-real_name-digits,relative_subsample,node_vote,5,overlapping split,-0.09925925925925924,,,0,0
family-real_name-digits,weighted_bootstrap,node_vote,5,overlapping split,-0.06111111111111114,,,0,0
family-real_name-digits,weighted_subsample,node_vote,5,overlapping split,-0.09,,,0,0
family-real_name-wine,cart,cart_strong,5,overlapping split,0.01851851851851851,,,2,1
family-real_name-wine,cart_strong,cart_strong,5,overlapping split,0.0,,,0,5
family-real_name-wine,cart_tuned,cart_strong,5,overlapping split,2.2204460492503132e-17,,,1,3
family-real_name-wine,error_greedy,cart_strong,5,overlapping split,-0.011111111111111117,,,1,3
family-real_name-wine,fixed_keep_single_class,cart_strong,5,overlapping split,0.014814814814814725,,,3,1
family-real_name-wine,fixed_original,cart_strong,5,overlapping split,0.025925925925925863,,,4,1
family-real_name-wine,fixed_random_ties,cart_strong,5,overlapping split,0.0037037037037036535,,,3,1
family-real_name-wine,fixed_refined,cart_strong,5,overlapping split,0.007407407407407374,,,2,2
family-real_name-wine,frequency_bootstrap,cart_strong,5,overlapping split,-0.059259259259259255,,,1,1
family-real_name-wine,frequency_subsample,cart_strong,5,overlapping split,0.0037037037037037203,,,2,1
family-real_name-wine,holdout_common,cart_strong,5,overlapping split,-0.025925925925925953,,,2,0
family-real_name-wine,holdout_refined,cart_strong,5,overlapping split,-0.03703703703703705,,,0,2
family-real_name-wine,holdout_selected,cart_strong,5,overlapping split,-0.03703703703703702,,,0,1
family-real_name-wine,node_vote,cart_strong,5,overlapping split,-0.011111111111111117,,,1,1
family-real_name-wine,relative_bootstrap,cart_strong,5,overlapping split,-0.059259259259259255,,,1,1
family-real_name-wine,relative_random_bootstrap,cart_strong,5,overlapping split,-0.05555555555555558,,,0,1
family-real_name-wine,relative_random_subsample,cart_strong,5,overlapping split,0.0,,,2,1
family-real_name-wine,relative_subsample,cart_strong,5,overlapping split,0.011111111111111117,,,2,1
family-real_name-wine,weighted_bootstrap,cart_strong,5,overlapping split,-0.03703703703703707,,,0,1
family-real_name-wine,weighted_subsample,cart_strong,5,overlapping split,-0.0074074074074073955,,,2,1
family-real_name-wine,cart,cart_tuned,5,overlapping split,0.01851851851851849,,,1,3
family-real_name-wine,cart_strong,cart_tuned,5,overlapping split,-2.2204460492503132e-17,,,1,3
family-real_name-wine,cart_tuned,cart_tuned,5,overlapping split,0.0,,,0,5
family-real_name-wine,error_greedy,cart_tuned,5,overlapping split,-0.011111111111111138,,,1,2
family-real_name-wine,fixed_keep_single_class,cart_tuned,5,overlapping split,0.014814814814814703,,,3,1
family-real_name-wine,fixed_original,cart_tuned,5,overlapping split,0.025925925925925842,,,4,0
family-real_name-wine,fixed_random_ties,cart_tuned,5,overlapping split,0.0037037037037036314,,,3,0
family-real_name-wine,fixed_refined,cart_tuned,5,overlapping split,0.007407407407407351,,,2,1
family-real_name-wine,frequency_bootstrap,cart_tuned,5,overlapping split,-0.059259259259259275,,,1,1
family-real_name-wine,frequency_subsample,cart_tuned,5,overlapping split,0.0037037037037036978,,,2,2
family-real_name-wine,holdout_common,cart_tuned,5,overlapping split,-0.025925925925925974,,,2,0
family-real_name-wine,holdout_refined,cart_tuned,5,overlapping split,-0.03703703703703707,,,0,2
family-real_name-wine,holdout_selected,cart_tuned,5,overlapping split,-0.03703703703703705,,,0,2
family-real_name-wine,node_vote,cart_tuned,5,overlapping split,-0.011111111111111138,,,1,1
family-real_name-wine,relative_bootstrap,cart_tuned,5,overlapping split,-0.059259259259259275,,,1,1
family-real_name-wine,relative_random_bootstrap,cart_tuned,5,overlapping split,-0.0555555555555556,,,0,1
family-real_name-wine,relative_random_subsample,cart_tuned,5,overlapping split,-2.2204460492503132e-17,,,2,2
family-real_name-wine,relative_subsample,cart_tuned,5,overlapping split,0.011111111111111094,,,2,2
family-real_name-wine,weighted_bootstrap,cart_tuned,5,overlapping split,-0.03703703703703709,,,0,1
family-real_name-wine,weighted_subsample,cart_tuned,5,overlapping split,-0.007407407407407418,,,2,2
family-real_name-wine,cart,node_vote,5,overlapping split,0.029629629629629627,,,4,0
family-real_name-wine,cart_strong,node_vote,5,overlapping split,0.011111111111111117,,,3,1
family-real_name-wine,cart_tuned,node_vote,5,overlapping split,0.011111111111111138,,,3,1
family-real_name-wine,error_greedy,node_vote,5,overlapping split,0.0,,,2,1
family-real_name-wine,fixed_keep_single_class,node_vote,5,overlapping split,0.025925925925925842,,,2,3
family-real_name-wine,fixed_original,node_vote,5,overlapping split,0.03703703703703698,,,5,0
family-real_name-wine,fixed_random_ties,node_vote,5,overlapping split,0.01481481481481477,,,3,0
family-real_name-wine,fixed_refined,node_vote,5,overlapping split,0.01851851851851849,,,3,1
family-real_name-wine,frequency_bootstrap,node_vote,5,overlapping split,-0.04814814814814814,,,1,0
family-real_name-wine,frequency_subsample,node_vote,5,overlapping split,0.014814814814814836,,,2,1
family-real_name-wine,holdout_common,node_vote,5,overlapping split,-0.014814814814814836,,,1,1
family-real_name-wine,holdout_refined,node_vote,5,overlapping split,-0.02592592592592593,,,0,3
family-real_name-wine,holdout_selected,node_vote,5,overlapping split,-0.025925925925925908,,,1,1
family-real_name-wine,node_vote,node_vote,5,overlapping split,0.0,,,0,5
family-real_name-wine,relative_bootstrap,node_vote,5,overlapping split,-0.04814814814814814,,,1,0
family-real_name-wine,relative_random_bootstrap,node_vote,5,overlapping split,-0.04444444444444447,,,0,1
family-real_name-wine,relative_random_subsample,node_vote,5,overlapping split,0.011111111111111117,,,2,2
family-real_name-wine,relative_subsample,node_vote,5,overlapping split,0.022222222222222233,,,2,2
family-real_name-wine,weighted_bootstrap,node_vote,5,overlapping split,-0.025925925925925953,,,1,1
family-real_name-wine,weighted_subsample,node_vote,5,overlapping split,0.0037037037037037203,,,2,1
