unit,scenario,family,n,p,mixture,seed,permutation,method,depth,leaves,accuracy,noise
family-interaction_mixture-0.0_n-800_p-20_seed-3000_perm-0,family-interaction_mixture-0.0_n-800_p-20,interaction,800,20,0.0,3000,0,cart_strong,2,4,1.0,
family-interaction_mixture-0.0_n-800_p-20_seed-3000_perm-0,family-interaction_mixture-0.0_n-800_p-20,interaction,800,20,0.0,3000,0,cart_strong,5,4,1.0,
family-interaction_mixture-0.0_n-800_p-20_seed-3000_perm-0,family-interaction_mixture-0.0_n-800_p-20,interaction,800,20,0.0,3000,0,cart_strong,10,4,1.0,
family-interaction_mixture-0.0_n-800_p-20_seed-3000_perm-0,family-interaction_mixture-0.0_n-800_p-20,interaction,800,20,0.0,3000,0,aloof,2,4,1.0,
family-interaction_mixture-0.0_n-800_p-20_seed-3000_perm-0,family-interaction_mixture-0.0_n-800_p-20,interaction,800,20,0.0,3000,0,aloof,5,4,1.0,
family-interaction_mixture-0.0_n-800_p-20_seed-3000_perm-0,family-interaction_mixture-0.0_n-800_p-20,interaction,800,20,0.0,3000,0,lookahead,2,4,1.0,
family-interaction_mixture-0.0_n-800_p-20_seed-3000_perm-0,family-interaction_mixture-0.0_n-800_p-20,interaction,800,20,0.0,3000,0,lookahead,5,4,1.0,
family-interaction_mixture-0.0_n-800_p-20_seed-3000_perm-0,family-interaction_mixture-0.0_n-800_p-20,interaction,800,20,0.0,3000,0,relative_bootstrap,2,4,1.0,
family-interaction_mixture-0.0_n-800_p-20_seed-3000_perm-0,family-interaction_mixture-0.0_n-800_p-20,interaction,800,20,0.0,3000,0,weighted_bootstrap,2,4,1.0,
family-interaction_mixture-0.0_n-800_p-20_seed-3000_perm-0,family-interaction_mixture-0.0_n-800_p-20,interaction,800,20,0.0,3000,0,relative_random_bootstrap,2,4,1.0,
family-interaction_mixture-0.0_n-800_p-20_seed-3000_perm-0,family-interaction_mixture-0.0_n-800_p-20,interaction,800,20,0.0,3000,0,relative_bootstrap,5,4,1.0,
family-interaction_mixture-0.0_n-800_p-20_seed-3000_perm-0,family-interaction_mixture-0.0_n-800_p-20,interaction,800,20,0.0,3000,0,weighted_bootstrap,5,4,1.0,
family-interaction_mixture-0.0_n-800_p-20_seed-3000_perm-0,family-interaction_mixture-0.0_n-800_p-20,interaction,800,20,0.0,3000,0,relative_random_bootstrap,5,4,1.0,
family-interaction_mixture-0.0_n-800_p-20_seed-3000_perm-1,family-interaction_mixture-0.0_n-800_p-20,interaction,800,20,0.0,3000,1,cart_strong,2,4,1.0,
family-interaction_mixture-0.0_n-800_p-20_seed-3000_perm-1,family-interaction_mixture-0.0_n-800_p-20,interaction,800,20,0.0,3000,1,cart_strong,5,4,1.0,
family-interaction_mixture-0.0_n-800_p-20_seed-3000_perm-1,family-interaction_mixture-0.0_n-800_p-20,interaction,800,20,0.0,3000,1,cart_strong,10,4,1.0,
family-interaction_mixture-0.0_n-800_p-20_seed-3000_perm-1,family-interaction_mixture-0.0_n-800_p-20,interaction,800,20,0.0,3000,1,aloof,2,4,1.0,
family-interaction_mixture-0.0_n-800_p-20_seed-3000_perm-1,family-interaction_mixture-0.0_n-800_p-20,interaction,800,20,0.0,3000,1,aloof,5,4,1.0,
family-interaction_mixture-0.0_n-800_p-20_seed-3000_perm-1,family-interaction_mixture-0.0_n-800_p-20,interaction,800,20,0.0,3000,1,lookahead,2,4,1.0,
family-interaction_mixture-0.0_n-800_p-20_seed-3000_perm-1,family-interaction_mixture-0.0_n-800_p-20,interaction,800,20,0.0,3000,1,lookahead,5,4,1.0,
family-interaction_mixture-0.0_n-800_p-20_seed-3000_perm-1,family-interaction_mixture-0.0_n-800_p-20,interaction,800,20,0.0,3000,1,relative_bootstrap,2,4,1.0,
family-interaction_mixture-0.0_n-800_p-20_seed-3000_perm-1,family-interaction_mixture-0.0_n-800_p-20,interaction,800,20,0.0,3000,1,weighted_bootstrap,2,4,1.0,
family-interaction_mixture-0.0_n-800_p-20_seed-3000_perm-1,family-interaction_mixture-0.0_n-800_p-20,interaction,800,20,0.0,3000,1,relative_random_bootstrap,2,4,1.0,
family-interaction_mixture-0.0_n-800_p-20_seed-3000_perm-1,family-interaction_mixture-0.0_n-800_p-20,interaction,800,20,0.0,3000,1,relative_bootstrap,5,4,1.0,
family-interaction_mixture-0.0_n-800_p-20_seed-3000_perm-1,family-interaction_mixture-0.0_n-800_p-20,interaction,800,20,0.0,3000,1,weighted_bootstrap,5,4,1.0,
family-interaction_mixture-0.0_n-800_p-20_seed-3000_perm-1,family-interaction_mixture-0.0_n-800_p-20,interaction,800,20,0.0,3000,1,relative_random_bootstrap,5,4,1.0,
family-interaction_mixture-0.0_n-800_p-20_seed-3000_perm-2,family-interaction_mixture-0.0_n-800_p-20,interaction,800,20,0.0,3000,2,cart_strong,2,4,1.0,
family-interaction_mixture-0.0_n-800_p-20_seed-3000_perm-2,family-interaction_mixture-0.0_n-800_p-20,interaction,800,20,0.0,3000,2,cart_strong,5,4,1.0,
family-interaction_mixture-0.0_n-800_p-20_seed-3000_perm-2,family-interaction_mixture-0.0_n-800_p-20,interaction,800,20,0.0,3000,2,cart_strong,10,4,1.0,
family-interaction_mixture-0.0_n-800_p-20_seed-3000_perm-2,family-interaction_mixture-0.0_n-800_p-20,interaction,800,20,0.0,3000,2,aloof,2,4,1.0,
family-interaction_mixture-0.0_n-800_p-20_seed-3000_perm-2,family-interaction_mixture-0.0_n-800_p-20,interaction,800,20,0.0,3000,2,aloof,5,4,1.0,
family-interaction_mixture-0.0_n-800_p-20_seed-3000_perm-2,family-interaction_mixture-0.0_n-800_p-20,interaction,800,20,0.0,3000,2,lookahead,2,4,1.0,
family-interaction_mixture-0.0_n-800_p-20_seed-3000_perm-2,family-interaction_mixture-0.0_n-800_p-20,interaction,800,20,0.0,3000,2,lookahead,5,4,1.0,
family-interaction_mixture-0.0_n-800_p-20_seed-3000_perm-2,family-interaction_mixture-0.0_n-800_p-20,interaction,800,20,0.0,3000,2,relative_bootstrap,2,4,1.0,
family-interaction_mixture-0.0_n-800_p-20_seed-3000_perm-2,family-interaction_mixture-0.0_n-800_p-20,interaction,800,20,0.0,3000,2,weighted_bootstrap,2,4,1.0,
family-interaction_mixture-0.0_n-800_p-20_seed-3000_perm-2,family-interaction_mixture-0.0_n-800_p-20,interaction,800,20,0.0,3000,2,relative_random_bootstrap,2,4,1.0,
family-interaction_mixture-0.0_n-800_p-20_seed-3000_perm-2,family-interaction_mixture-0.0_n-800_p-20,interaction,800,20,0.0,3000,2,weighted_bootstrap,5,4,1.0,
family-interaction_mixture-0.0_n-800_p-20_seed-3000_perm-2,family-interaction_mixture-0.0_n-800_p-20,interaction,800,20,0.0,3000,2,relative_bootstrap,5,4,1.0,
family-interaction_mixture-0.0_n-800_p-20_seed-3000_perm-2,family-interaction_mixture-0.0_n-800_p-20,interaction,800,20,0.0,3000,2,relative_random_bootstrap,5,4,1.0,
family-interaction_mixture-0.0_n-800_p-20_seed-3001_perm-0,family-interaction_mixture-0.0_n-800_p-20,interaction,800,20,0.0,3001,0,cart_strong,2,1,0.508,
family-interaction_mixture-0.0_n-800_p-20_seed-3001_perm-0,family-interaction_mixture-0.0_n-800_p-20,interaction,800,20,0.0,3001,0,cart_strong,5,6,0.6255,
family-interaction_mixture-0.0_n-800_p-20_seed-3001_perm-0,family-interaction_mixture-0.0_n-800_p-20,interaction,800,20,0.0,3001,0,cart_strong,10,216,0.6958,
family-interaction_mixture-0.0_n-800_p-20_seed-3001_perm-0,family-interaction_mixture-0.0_n-800_p-20,interaction,800,20,0.0,3001,0,aloof,2,3,0.5033,
family-interaction_mixture-0.0_n-800_p-20_seed-3001_perm-0,family-interaction_mixture-0.0_n-800_p-20,interaction,800,20,0.0,3001,0,aloof,5,9,0.6225,
family-interaction_mixture-0.0_n-800_p-20_seed-3001_perm-0,family-interaction_mixture-0.0_n-800_p-20,interaction,800,20,0.0,3001,0,lookahead,2,4,1.0,
family-interaction_mixture-0.0_n-800_p-20_seed-3001_perm-0,family-interaction_mixture-0.0_n-800_p-20,interaction,800,20,0.0,3001,0,lookahead,5,4,1.0,
family-interaction_mixture-0.0_n-800_p-20_seed-3001_perm-0,family-interaction_mixture-0.0_n-800_p-20,interaction,800,20,0.0,3001,0,relative_bootstrap,2,4,0.5033,
family-interaction_mixture-0.0_n-800_p-20_seed-3001_perm-0,family-interaction_mixture-0.0_n-800_p-20,interaction,800,20,0.0,3001,0,weighted_bootstrap,2,2,0.5033,
family-interaction_mixture-0.0_n-800_p-20_seed-3001_perm-0,family-interaction_mixture-0.0_n-800_p-20,interaction,800,20,0.0,3001,0,relative_random_bootstrap,2,4,0.5033,
family-interaction_mixture-0.0_n-800_p-20_seed-3001_perm-0,family-interaction_mixture-0.0_n-800_p-20,interaction,800,20,0.0,3001,0,relative_bootstrap,5,8,1.0,
family-interaction_mixture-0.0_n-800_p-20_seed-3001_perm-0,family-interaction_mixture-0.0_n-800_p-20,interaction,800,20,0.0,3001,0,weighted_bootstrap,5,4,1.0,
family-interaction_mixture-0.0_n-800_p-20_seed-3001_perm-0,family-interaction_mixture-0.0_n-800_p-20,interaction,800,20,0.0,3001,0,relative_random_bootstrap,5,6,1.0,
family-interaction_mixture-0.0_n-800_p-20_seed-3001_perm-1,family-interaction_mixture-0.0_n-800_p-20,interaction,800,20,0.0,3001,1,cart_strong,2,1,0.508,
family-interaction_mixture-0.0_n-800_p-20_seed-3001_perm-1,family-interaction_mixture-0.0_n-800_p-20,interaction,800,20,0.0,3001,1,cart_strong,5,6,0.6255,
family-interaction_mixture-0.0_n-800_p-20_seed-3001_perm-1,family-interaction_mixture-0.0_n-800_p-20,interaction,800,20,0.0,3001,1,cart_strong,10,216,0.6875,
family-interaction_mixture-0.0_n-800_p-20_seed-3001_perm-1,family-interaction_mixture-0.0_n-800_p-20,interaction,800,20,0.0,3001,1,aloof,2,3,0.5033,
family-interaction_mixture-0.0_n-800_p-20_seed-3001_perm-1,family-interaction_mixture-0.0_n-800_p-20,interaction,800,20,0.0,3001,1,aloof,5,9,0.6225,
family-interaction_mixture-0.0_n-800_p-20_seed-3001_perm-1,family-interaction_mixture-0.0_n-800_p-20,interaction,800,20,0.0,3001,1,lookahead,2,4,1.0,
family-interaction_mixture-0.0_n-800_p-20_seed-3001_perm-1,family-interaction_mixture-0.0_n-800_p-20,interaction,800,20,0.0,3001,1,lookahead,5,4,1.0,
family-interaction_mixture-0.0_n-800_p-20_seed-3001_perm-1,family-interaction_mixture-0.0_n-800_p-20,interaction,800,20,0.0,3001,1,relative_bootstrap,2,4,0.5033,
family-interaction_mixture-0.0_n-800_p-20_seed-3001_perm-1,family-interaction_mixture-0.0_n-800_p-20,interaction,800,20,0.0,3001,1,weighted_bootstrap,2,2,0.5033,
family-interaction_mixture-0.0_n-800_p-20_seed-3001_perm-1,family-interaction_mixture-0.0_n-800_p-20,interaction,800,20,0.0,3001,1,relative_random_bootstrap,2,4,0.5033,
family-interaction_mixture-0.0_n-800_p-20_seed-3001_perm-1,family-interaction_mixture-0.0_n-800_p-20,interaction,800,20,0.0,3001,1,relative_bootstrap,5,8,1.0,
family-interaction_mixture-0.0_n-800_p-20_seed-3001_perm-1,family-interaction_mixture-0.0_n-800_p-20,interaction,800,20,0.0,3001,1,weighted_bootstrap,5,4,1.0,
family-interaction_mixture-0.0_n-800_p-20_seed-3001_perm-1,family-interaction_mixture-0.0_n-800_p-20,interaction,800,20,0.0,3001,1,relative_random_bootstrap,5,6,1.0,
family-interaction_mixture-0.0_n-800_p-20_seed-3001_perm-2,family-interaction_mixture-0.0_n-800_p-20,interaction,800,20,0.0,3001,2,cart_strong,2,1,0.508,
family-interaction_mixture-0.0_n-800_p-20_seed-3001_perm-2,family-interaction_mixture-0.0_n-800_p-20,interaction,800,20,0.0,3001,2,cart_strong,5,6,0.6255,
family-interaction_mixture-0.0_n-800_p-20_seed-3001_perm-2,family-interaction_mixture-0.0_n-800_p-20,interaction,800,20,0.0,3001,2,cart_strong,10,228,0.6667,
family-interaction_mixture-0.0_n-800_p-20_seed-3001_perm-2,family-interaction_mixture-0.0_n-800_p-20,interaction,800,20,0.0,3001,2,aloof,2,3,0.5033,
family-interaction_mixture-0.0_n-800_p-20_seed-3001_perm-2,family-interaction_mixture-0.0_n-800_p-20,interaction,800,20,0.0,3001,2,aloof,5,9,0.6225,
family-interaction_mixture-0.0_n-800_p-20_seed-3001_perm-2,family-interaction_mixture-0.0_n-800_p-20,interaction,800,20,0.0,3001,2,lookahead,2,4,1.0,
family-interaction_mixture-0.0_n-800_p-20_seed-3001_perm-2,family-interaction_mixture-0.0_n-800_p-20,interaction,800,20,0.0,3001,2,lookahead,5,4,1.0,
family-interaction_mixture-0.0_n-800_p-20_seed-3001_perm-2,family-interaction_mixture-0.0_n-800_p-20,interaction,800,20,0.0,3001,2,relative_bootstrap,2,4,0.5033,
family-interaction_mixture-0.0_n-800_p-20_seed-3001_perm-2,family-interaction_mixture-0.0_n-800_p-20,interaction,800,20,0.0,3001,2,weighted_bootstrap,2,2,0.5033,
family-interaction_mixture-0.0_n-800_p-20_seed-3001_perm-2,family-interaction_mixture-0.0_n-800_p-20,interaction,800,20,0.0,3001,2,relative_random_bootstrap,2,4,0.5033,
family-interaction_mixture-0.0_n-800_p-20_seed-3001_perm-2,family-interaction_mixture-0.0_n-800_p-20,interaction,800,20,0.0,3001,2,relative_bootstrap,5,8,1.0,
family-interaction_mixture-0.0_n-800_p-20_seed-3001_perm-2,family-interaction_mixture-0.0_n-800_p-20,interaction,800,20,0.0,3001,2,relative_random_bootstrap,5,6,1.0,
family-interaction_mixture-0.0_n-800_p-20_seed-3001_perm-2,family-interaction_mixture-0.0_n-800_p-20,interaction,800,20,0.0,3001,2,weighted_bootstrap,5,4,1.0,
family-interaction_mixture-0.0_n-800_p-20_seed-3002_perm-0,family-interaction_mixture-0.0_n-800_p-20,interaction,800,20,0.0,3002,0,cart_strong,2,1,0.4915,
family-interaction_mixture-0.0_n-800_p-20_seed-3002_perm-0,family-interaction_mixture-0.0_n-800_p-20,interaction,800,20,0.0,3002,0,cart_strong,5,1,0.4915,
family-interaction_mixture-0.0_n-800_p-20_seed-3002_perm-0,family-interaction_mixture-0.0_n-800_p-20,interaction,800,20,0.0,3002,0,cart_strong,10,258,0.5871,
family-interaction_mixture-0.0_n-800_p-20_seed-3002_perm-0,family-interaction_mixture-0.0_n-800_p-20,interaction,800,20,0.0,3002,0,aloof,2,4,0.5044,
family-interaction_mixture-0.0_n-800_p-20_seed-3002_perm-0,family-interaction_mixture-0.0_n-800_p-20,interaction,800,20,0.0,3002,0,aloof,5,28,0.5092,
family-interaction_mixture-0.0_n-800_p-20_seed-3002_perm-0,family-interaction_mixture-0.0_n-800_p-20,interaction,800,20,0.0,3002,0,lookahead,2,4,1.0,
family-interaction_mixture-0.0_n-800_p-20_seed-3002_perm-0,family-interaction_mixture-0.0_n-800_p-20,interaction,800,20,0.0,3002,0,lookahead,5,4,1.0,
family-interaction_mixture-0.0_n-800_p-20_seed-3002_perm-0,family-interaction_mixture-0.0_n-800_p-20,interaction,800,20,0.0,3002,0,relative_bootstrap,2,4,1.0,
family-interaction_mixture-0.0_n-800_p-20_seed-3002_perm-0,family-interaction_mixture-0.0_n-800_p-20,interaction,800,20,0.0,3002,0,weighted_bootstrap,2,1,0.4915,
family-interaction_mixture-0.0_n-800_p-20_seed-3002_perm-0,family-interaction_mixture-0.0_n-800_p-20,interaction,800,20,0.0,3002,0,relative_random_bootstrap,2,4,1.0,
family-interaction_mixture-0.0_n-800_p-20_seed-3002_perm-0,family-interaction_mixture-0.0_n-800_p-20,interaction,800,20,0.0,3002,0,weighted_bootstrap,5,4,1.0,
family-interaction_mixture-0.0_n-800_p-20_seed-3002_perm-0,family-interaction_mixture-0.0_n-800_p-20,interaction,800,20,0.0,3002,0,relative_bootstrap,5,4,1.0,
family-interaction_mixture-0.0_n-800_p-20_seed-3002_perm-0,family-interaction_mixture-0.0_n-800_p-20,interaction,800,20,0.0,3002,0,relative_random_bootstrap,5,4,1.0,
family-interaction_mixture-0.0_n-800_p-20_seed-3002_perm-1,family-interaction_mixture-0.0_n-800_p-20,interaction,800,20,0.0,3002,1,cart_strong,2,1,0.4915,
family-interaction_mixture-0.0_n-800_p-20_seed-3002_perm-1,family-interaction_mixture-0.0_n-800_p-20,interaction,800,20,0.0,3002,1,cart_strong,5,1,0.4915,
family-interaction_mixture-0.0_n-800_p-20_seed-3002_perm-1,family-interaction_mixture-0.0_n-800_p-20,interaction,800,20,0.0,3002,1,cart_strong,10,252,0.5845,
family-interaction_mixture-0.0_n-800_p-20_seed-3002_perm-1,family-interaction_mixture-0.0_n-800_p-20,interaction,800,20,0.0,3002,1,aloof,2,4,0.5044,
family-interaction_mixture-0.0_n-800_p-20_seed-3002_perm-1,family-interaction_mixture-0.0_n-800_p-20,interaction,800,20,0.0,3002,1,aloof,5,28,0.5092,
family-interaction_mixture-0.0_n-800_p-20_seed-3002_perm-1,family-interaction_mixture-0.0_n-800_p-20,interaction,800,20,0.0,3002,1,lookahead,2,4,1.0,
family-interaction_mixture-0.0_n-800_p-20_seed-3002_perm-1,family-interaction_mixture-0.0_n-800_p-20,interaction,800,20,0.0,3002,1,lookahead,5,4,1.0,
family-interaction_mixture-0.0_n-800_p-20_seed-3002_perm-1,family-interaction_mixture-0.0_n-800_p-20,interaction,800,20,0.0,3002,1,relative_bootstrap,2,4,1.0,
family-interaction_mixture-0.0_n-800_p-20_seed-3002_perm-1,family-interaction_mixture-0.0_n-800_p-20,interaction,800,20,0.0,3002,1,weighted_bootstrap,2,1,0.4915,
family-interaction_mixture-0.0_n-800_p-20_seed-3002_perm-1,family-interaction_mixture-0.0_n-800_p-20,interaction,800,20,0.0,3002,1,relative_random_bootstrap,2,4,1.0,
family-interaction_mixture-0.0_n-800_p-20_seed-3002_perm-1,family-interaction_mixture-0.0_n-800_p-20,interaction,800,20,0.0,3002,1,relative_bootstrap,5,4,1.0,
family-interaction_mixture-0.0_n-800_p-20_seed-3002_perm-1,family-interaction_mixture-0.0_n-800_p-20,interaction,800,20,0.0,3002,1,weighted_bootstrap,5,4,1.0,
family-interaction_mixture-0.0_n-800_p-20_seed-3002_perm-1,family-interaction_mixture-0.0_n-800_p-20,interaction,800,20,0.0,3002,1,relative_random_bootstrap,5,4,1.0,
family-interaction_mixture-0.0_n-800_p-20_seed-3002_perm-2,family-interaction_mixture-0.0_n-800_p-20,interaction,800,20,0.0,3002,2,cart_strong,2,1,0.4915,
family-interaction_mixture-0.0_n-800_p-20_seed-3002_perm-2,family-interaction_mixture-0.0_n-800_p-20,interaction,800,20,0.0,3002,2,cart_strong,5,1,0.4915,
family-interaction_mixture-0.0_n-800_p-20_seed-3002_perm-2,family-interaction_mixture-0.0_n-800_p-20,interaction,800,20,0.0,3002,2,cart_strong,10,264,0.5903,
family-interaction_mixture-0.0_n-800_p-20_seed-3002_perm-2,family-interaction_mixture-0.0_n-800_p-20,interaction,800,20,0.0,3002,2,aloof,2,4,0.5044,
family-interaction_mixture-0.0_n-800_p-20_seed-3002_perm-2,family-interaction_mixture-0.0_n-800_p-20,interaction,800,20,0.0,3002,2,aloof,5,28,0.5092,
family-interaction_mixture-0.0_n-800_p-20_seed-3002_perm-2,family-interaction_mixture-0.0_n-800_p-20,interaction,800,20,0.0,3002,2,lookahead,2,4,1.0,
family-interaction_mixture-0.0_n-800_p-20_seed-3002_perm-2,family-interaction_mixture-0.0_n-800_p-20,interaction,800,20,0.0,3002,2,lookahead,5,4,1.0,
family-interaction_mixture-0.0_n-800_p-20_seed-3002_perm-2,family-interaction_mixture-0.0_n-800_p-20,interaction,800,20,0.0,3002,2,relative_bootstrap,2,4,1.0,
family-interaction_mixture-0.0_n-800_p-20_seed-3002_perm-2,family-interaction_mixture-0.0_n-800_p-20,interaction,800,20,0.0,3002,2,weighted_bootstrap,2,1,0.4915,
family-interaction_mixture-0.0_n-800_p-20_seed-3002_perm-2,family-interaction_mixture-0.0_n-800_p-20,interaction,800,20,0.0,3002,2,relative_random_bootstrap,2,4,1.0,
family-interaction_mixture-0.0_n-800_p-20_seed-3002_perm-2,family-interaction_mixture-0.0_n-800_p-20,interaction,800,20,0.0,3002,2,weighted_bootstrap,5,4,1.0,
family-interaction_mixture-0.0_n-800_p-20_seed-3002_perm-2,family-interaction_mixture-0.0_n-800_p-20,interaction,800,20,0.0,3002,2,relative_bootstrap,5,4,1.0,
family-interaction_mixture-0.0_n-800_p-20_seed-3002_perm-2,family-interaction_mixture-0.0_n-800_p-20,interaction,800,20,0.0,3002,2,relative_random_bootstrap,5,4,1.0,
family-interaction_mixture-0.0_n-800_p-20_seed-3003_perm-0,family-interaction_mixture-0.0_n-800_p-20,interaction,800,20,0.0,3003,0,cart_strong,2,1,0.4981,
family-interaction_mixture-0.0_n-800_p-20_seed-3003_perm-0,family-interaction_mixture-0.0_n-800_p-20,interaction,800,20,0.0,3003,0,cart_strong,5,16,0.8746,
family-interaction_mixture-0.0_n-800_p-20_seed-3003_perm-0,family-interaction_mixture-0.0_n-800_p-20,interaction,800,20,0.0,3003,0,cart_strong,10,63,0.9024,
family-interaction_mixture-0.0_n-800_p-20_seed-3003_perm-0,family-interaction_mixture-0.0_n-800_p-20,interaction,800,20,0.0,3003,0,aloof,2,4,0.4994,
family-interaction_mixture-0.0_n-800_p-20_seed-3003_perm-0,family-interaction_mixture-0.0_n-800_p-20,interaction,800,20,0.0,3003,0,aloof,5,16,0.8746,
family-interaction_mixture-0.0_n-800_p-20_seed-3003_perm-0,family-interaction_mixture-0.0_n-800_p-20,interaction,800,20,0.0,3003,0,lookahead,2,4,1.0,
family-interaction_mixture-0.0_n-800_p-20_seed-3003_perm-0,family-interaction_mixture-0.0_n-800_p-20,interaction,800,20,0.0,3003,0,lookahead,5,4,1.0,
family-interaction_mixture-0.0_n-800_p-20_seed-3003_perm-0,family-interaction_mixture-0.0_n-800_p-20,interaction,800,20,0.0,3003,0,relative_bootstrap,2,4,0.4994,
family-interaction_mixture-0.0_n-800_p-20_seed-3003_perm-0,family-interaction_mixture-0.0_n-800_p-20,interaction,800,20,0.0,3003,0,weighted_bootstrap,2,4,0.4994,
family-interaction_mixture-0.0_n-800_p-20_seed-3003_perm-0,family-interaction_mixture-0.0_n-800_p-20,interaction,800,20,0.0,3003,0,relative_random_bootstrap,2,4,0.4994,
family-interaction_mixture-0.0_n-800_p-20_seed-3003_perm-0,family-interaction_mixture-0.0_n-800_p-20,interaction,800,20,0.0,3003,0,relative_bootstrap,5,4,1.0,
family-interaction_mixture-0.0_n-800_p-20_seed-3003_perm-0,family-interaction_mixture-0.0_n-800_p-20,interaction,800,20,0.0,3003,0,weighted_bootstrap,5,4,1.0,
family-interaction_mixture-0.0_n-800_p-20_seed-3003_perm-0,family-interaction_mixture-0.0_n-800_p-20,interaction,800,20,0.0,3003,0,relative_random_bootstrap,5,4,1.0,
family-interaction_mixture-0.0_n-800_p-20_seed-3003_perm-1,family-interaction_mixture-0.0_n-800_p-20,interaction,800,20,0.0,3003,1,cart_strong,2,1,0.4981,
family-interaction_mixture-0.0_n-800_p-20_seed-3003_perm-1,family-interaction_mixture-0.0_n-800_p-20,interaction,800,20,0.0,3003,1,cart_strong,5,9,0.8762,
family-interaction_mixture-0.0_n-800_p-20_seed-3003_perm-1,family-interaction_mixture-0.0_n-800_p-20,interaction,800,20,0.0,3003,1,cart_strong,10,64,0.9026,
family-interaction_mixture-0.0_n-800_p-20_seed-3003_perm-1,family-interaction_mixture-0.0_n-800_p-20,interaction,800,20,0.0,3003,1,aloof,2,4,0.4994,
family-interaction_mixture-0.0_n-800_p-20_seed-3003_perm-1,family-interaction_mixture-0.0_n-800_p-20,interaction,800,20,0.0,3003,1,aloof,5,16,0.8746,
family-interaction_mixture-0.0_n-800_p-20_seed-3003_perm-1,family-interaction_mixture-0.0_n-800_p-20,interaction,800,20,0.0,3003,1,lookahead,2,4,1.0,
family-interaction_mixture-0.0_n-800_p-20_seed-3003_perm-1,family-interaction_mixture-0.0_n-800_p-20,interaction,800,20,0.0,3003,1,lookahead,5,4,1.0,
family-interaction_mixture-0.0_n-800_p-20_seed-3003_perm-1,family-interaction_mixture-0.0_n-800_p-20,interaction,800,20,0.0,3003,1,relative_bootstrap,2,4,0.4994,
family-interaction_mixture-0.0_n-800_p-20_seed-3003_perm-1,family-interaction_mixture-0.0_n-800_p-20,interaction,800,20,0.0,3003,1,weighted_bootstrap,2,4,0.4994,
family-interaction_mixture-0.0_n-800_p-20_seed-3003_perm-1,family-interaction_mixture-0.0_n-800_p-20,interaction,800,20,0.0,3003,1,relative_random_bootstrap,2,4,0.4994,
family-interaction_mixture-0.0_n-800_p-20_seed-3003_perm-1,family-interaction_mixture-0.0_n-800_p-20,interaction,800,20,0.0,3003,1,relative_bootstrap,5,4,1.0,
family-interaction_mixture-0.0_n-800_p-20_seed-3003_perm-1,family-interaction_mixture-0.0_n-800_p-20,interaction,800,20,0.0,3003,1,weighted_bootstrap,5,4,1.0,
family-interaction_mixture-0.0_n-800_p-20_seed-3003_perm-1,family-interaction_mixture-0.0_n-800_p-20,interaction,800,20,0.0,3003,1,relative_random_bootstrap,5,4,1.0,
family-interaction_mixture-0.0_n-800_p-20_seed-3003_perm-2,family-interaction_mixture-0.0_n-800_p-20,interaction,800,20,0.0,3003,2,cart_strong,2,1,0.4981,
family-interaction_mixture-0.0_n-800_p-20_seed-3003_perm-2,family-interaction_mixture-0.0_n-800_p-20,interaction,800,20,0.0,3003,2,cart_strong,5,16,0.8746,
family-interaction_mixture-0.0_n-800_p-20_seed-3003_perm-2,family-interaction_mixture-0.0_n-800_p-20,interaction,800,20,0.0,3003,2,cart_strong,10,73,0.9006,
family-interaction_mixture-0.0_n-800_p-20_seed-3003_perm-2,family-interaction_mixture-0.0_n-800_p-20,interaction,800,20,0.0,3003,2,aloof,2,4,0.4994,
family-interaction_mixture-0.0_n-800_p-20_seed-3003_perm-2,family-interaction_mixture-0.0_n-800_p-20,interaction,800,20,0.0,3003,2,aloof,5,16,0.8746,
family-interaction_mixture-0.0_n-800_p-20_seed-3003_perm-2,family-interaction_mixture-0.0_n-800_p-20,interaction,800,20,0.0,3003,2,lookahead,2,4,1.0,
family-interaction_mixture-0.0_n-800_p-20_seed-3003_perm-2,family-interaction_mixture-0.0_n-800_p-20,interaction,800,20,0.0,3003,2,lookahead,5,4,1.0,
family-interaction_mixture-0.0_n-800_p-20_seed-3003_perm-2,family-interaction_mixture-0.0_n-800_p-20,interaction,800,20,0.0,3003,2,relative_bootstrap,2,4,0.4994,
family-interaction_mixture-0.0_n-800_p-20_seed-3003_perm-2,family-interaction_mixture-0.0_n-800_p-20,interaction,800,20,0.0,3003,2,weighted_bootstrap,2,4,0.4994,
family-interaction_mixture-0.0_n-800_p-20_seed-3003_perm-2,family-interaction_mixture-0.0_n-800_p-20,interaction,800,20,0.0,3003,2,relative_random_bootstrap,2,4,0.4994,
family-interaction_mixture-0.0_n-800_p-20_seed-3003_perm-2,family-interaction_mixture-0.0_n-800_p-20,interaction,800,20,0.0,3003,2,relative_bootstrap,5,4,1.0,
family-interaction_mixture-0.0_n-800_p-20_seed-3003_perm-2,family-interaction_mixture-0.0_n-800_p-20,interaction,800,20,0.0,3003,2,weighted_bootstrap,5,4,1.0,
family-interaction_mixture-0.0_n-800_p-20_seed-3003_perm-2,family-interaction_mixture-0.0_n-800_p-20,interaction,800,20,0.0,3003,2,relative_random_bootstrap,5,4,1.0,
family-interaction_mixture-0.0_n-800_p-20_seed-3004_perm-0,family-interaction_mixture-0.0_n-800_p-20,interaction,800,20,0.0,3004,0,cart_strong,2,1,0.4994,
family-interaction_mixture-0.0_n-800_p-20_seed-3004_perm-0,family-interaction_mixture-0.0_n-800_p-20,interaction,800,20,0.0,3004,0,cart_strong,5,1,0.4994,
family-interaction_mixture-0.0_n-800_p-20_seed-3004_perm-0,family-interaction_mixture-0.0_n-800_p-20,interaction,800,20,0.0,3004,0,cart_strong,10,212,0.7336,
family-interaction_mixture-0.0_n-800_p-20_seed-3004_perm-0,family-interaction_mixture-0.0_n-800_p-20,interaction,800,20,0.0,3004,0,aloof,2,4,0.4933,
family-interaction_mixture-0.0_n-800_p-20_seed-3004_perm-0,family-interaction_mixture-0.0_n-800_p-20,interaction,800,20,0.0,3004,0,aloof,5,28,0.4992,
family-interaction_mixture-0.0_n-800_p-20_seed-3004_perm-0,family-interaction_mixture-0.0_n-800_p-20,interaction,800,20,0.0,3004,0,lookahead,2,4,1.0,
family-interaction_mixture-0.0_n-800_p-20_seed-3004_perm-0,family-interaction_mixture-0.0_n-800_p-20,interaction,800,20,0.0,3004,0,lookahead,5,4,1.0,
family-interaction_mixture-0.0_n-800_p-20_seed-3004_perm-0,family-interaction_mixture-0.0_n-800_p-20,interaction,800,20,0.0,3004,0,relative_bootstrap,2,4,0.4895,
family-interaction_mixture-0.0_n-800_p-20_seed-3004_perm-0,family-interaction_mixture-0.0_n-800_p-20,interaction,800,20,0.0,3004,0,weighted_bootstrap,2,2,0.491,
family-interaction_mixture-0.0_n-800_p-20_seed-3004_perm-0,family-interaction_mixture-0.0_n-800_p-20,interaction,800,20,0.0,3004,0,relative_random_bootstrap,2,4,0.4895,
family-interaction_mixture-0.0_n-800_p-20_seed-3004_perm-0,family-interaction_mixture-0.0_n-800_p-20,interaction,800,20,0.0,3004,0,weighted_bootstrap,5,20,0.9689,
family-interaction_mixture-0.0_n-800_p-20_seed-3004_perm-0,family-interaction_mixture-0.0_n-800_p-20,interaction,800,20,0.0,3004,0,relative_bootstrap,5,32,0.4914,
family-interaction_mixture-0.0_n-800_p-20_seed-3004_perm-0,family-interaction_mixture-0.0_n-800_p-20,interaction,800,20,0.0,3004,0,relative_random_bootstrap,5,32,0.4944,
family-interaction_mixture-0.0_n-800_p-20_seed-3004_perm-1,family-interaction_mixture-0.0_n-800_p-20,interaction,800,20,0.0,3004,1,cart_strong,2,1,0.4994,
family-interaction_mixture-0.0_n-800_p-20_seed-3004_perm-1,family-interaction_mixture-0.0_n-800_p-20,interaction,800,20,0.0,3004,1,cart_strong,5,1,0.4994,
family-interaction_mixture-0.0_n-800_p-20_seed-3004_perm-1,family-interaction_mixture-0.0_n-800_p-20,interaction,800,20,0.0,3004,1,cart_strong,10,212,0.742,
family-interaction_mixture-0.0_n-800_p-20_seed-3004_perm-1,family-interaction_mixture-0.0_n-800_p-20,interaction,800,20,0.0,3004,1,aloof,2,4,0.4933,
family-interaction_mixture-0.0_n-800_p-20_seed-3004_perm-1,family-interaction_mixture-0.0_n-800_p-20,interaction,800,20,0.0,3004,1,aloof,5,28,0.4992,
family-interaction_mixture-0.0_n-800_p-20_seed-3004_perm-1,family-interaction_mixture-0.0_n-800_p-20,interaction,800,20,0.0,3004,1,lookahead,2,4,1.0,
family-interaction_mixture-0.0_n-800_p-20_seed-3004_perm-1,family-interaction_mixture-0.0_n-800_p-20,interaction,800,20,0.0,3004,1,lookahead,5,4,1.0,
family-interaction_mixture-0.0_n-800_p-20_seed-3004_perm-1,family-interaction_mixture-0.0_n-800_p-20,interaction,800,20,0.0,3004,1,relative_bootstrap,2,4,0.4895,
family-interaction_mixture-0.0_n-800_p-20_seed-3004_perm-1,family-interaction_mixture-0.0_n-800_p-20,interaction,800,20,0.0,3004,1,weighted_bootstrap,2,2,0.491,
family-interaction_mixture-0.0_n-800_p-20_seed-3004_perm-1,family-interaction_mixture-0.0_n-800_p-20,interaction,800,20,0.0,3004,1,relative_random_bootstrap,2,4,0.4895,
family-interaction_mixture-0.0_n-800_p-20_seed-3004_perm-1,family-interaction_mixture-0.0_n-800_p-20,interaction,800,20,0.0,3004,1,weighted_bootstrap,5,20,0.9689,
family-interaction_mixture-0.0_n-800_p-20_seed-3004_perm-1,family-interaction_mixture-0.0_n-800_p-20,interaction,800,20,0.0,3004,1,relative_bootstrap,5,32,0.4946,
family-interaction_mixture-0.0_n-800_p-20_seed-3004_perm-1,family-interaction_mixture-0.0_n-800_p-20,interaction,800,20,0.0,3004,1,relative_random_bootstrap,5,32,0.4952,
family-interaction_mixture-0.0_n-800_p-20_seed-3004_perm-2,family-interaction_mixture-0.0_n-800_p-20,interaction,800,20,0.0,3004,2,cart_strong,2,1,0.4994,
family-interaction_mixture-0.0_n-800_p-20_seed-3004_perm-2,family-interaction_mixture-0.0_n-800_p-20,interaction,800,20,0.0,3004,2,cart_strong,5,1,0.4994,
family-interaction_mixture-0.0_n-800_p-20_seed-3004_perm-2,family-interaction_mixture-0.0_n-800_p-20,interaction,800,20,0.0,3004,2,cart_strong,10,212,0.7396,
family-interaction_mixture-0.0_n-800_p-20_seed-3004_perm-2,family-interaction_mixture-0.0_n-800_p-20,interaction,800,20,0.0,3004,2,aloof,2,4,0.4933,
family-interaction_mixture-0.0_n-800_p-20_seed-3004_perm-2,family-interaction_mixture-0.0_n-800_p-20,interaction,800,20,0.0,3004,2,aloof,5,28,0.4992,
family-interaction_mixture-0.0_n-800_p-20_seed-3004_perm-2,family-interaction_mixture-0.0_n-800_p-20,interaction,800,20,0.0,3004,2,lookahead,2,4,1.0,
family-interaction_mixture-0.0_n-800_p-20_seed-3004_perm-2,family-interaction_mixture-0.0_n-800_p-20,interaction,800,20,0.0,3004,2,lookahead,5,4,1.0,
family-interaction_mixture-0.0_n-800_p-20_seed-3004_perm-2,family-interaction_mixture-0.0_n-800_p-20,interaction,800,20,0.0,3004,2,relative_bootstrap,2,4,0.4895,
family-interaction_mixture-0.0_n-800_p-20_seed-3004_perm-2,family-interaction_mixture-0.0_n-800_p-20,interaction,800,20,0.0,3004,2,weighted_bootstrap,2,2,0.491,
family-interaction_mixture-0.0_n-800_p-20_seed-3004_perm-2,family-interaction_mixture-0.0_n-800_p-20,interaction,800,20,0.0,3004,2,relative_random_bootstrap,2,4,0.4895,
family-interaction_mixture-0.0_n-800_p-20_seed-3004_perm-2,family-interaction_mixture-0.0_n-800_p-20,interaction,800,20,0.0,3004,2,weighted_bootstrap,5,20,0.9689,
family-interaction_mixture-0.0_n-800_p-20_seed-3004_perm-2,family-interaction_mixture-0.0_n-800_p-20,interaction,800,20,0.0,3004,2,relative_bootstrap,5,32,0.4914,
family-interaction_mixture-0.0_n-800_p-20_seed-3004_perm-2,family-interaction_mixture-0.0_n-800_p-20,interaction,800,20,0.0,3004,2,relative_random_bootstrap,5,32,0.4941,
family-interaction_mixture-0.0_n-800_p-20_seed-3005_perm-0,family-interaction_mixture-0.0_n-800_p-20,interaction,800,20,0.0,3005,0,cart_strong,2,4,1.0,
family-interaction_mixture-0.0_n-800_p-20_seed-3005_perm-0,family-interaction_mixture-0.0_n-800_p-20,interaction,800,20,0.0,3005,0,cart_strong,5,4,1.0,
family-interaction_mixture-0.0_n-800_p-20_seed-3005_perm-0,family-interaction_mixture-0.0_n-800_p-20,interaction,800,20,0.0,3005,0,cart_strong,10,4,1.0,
family-interaction_mixture-0.0_n-800_p-20_seed-3005_perm-0,family-interaction_mixture-0.0_n-800_p-20,interaction,800,20,0.0,3005,0,aloof,2,4,1.0,
family-interaction_mixture-0.0_n-800_p-20_seed-3005_perm-0,family-interaction_mixture-0.0_n-800_p-20,interaction,800,20,0.0,3005,0,aloof,5,4,1.0,
family-interaction_mixture-0.0_n-800_p-20_seed-3005_perm-0,family-interaction_mixture-0.0_n-800_p-20,interaction,800,20,0.0,3005,0,lookahead,2,4,1.0,
family-interaction_mixture-0.0_n-800_p-20_seed-3005_perm-0,family-interaction_mixture-0.0_n-800_p-20,interaction,800,20,0.0,3005,0,lookahead,5,4,1.0,
family-interaction_mixture-0.0_n-800_p-20_seed-3005_perm-0,family-interaction_mixture-0.0_n-800_p-20,interaction,800,20,0.0,3005,0,relative_bootstrap,2,4,1.0,
family-interaction_mixture-0.0_n-800_p-20_seed-3005_perm-0,family-interaction_mixture-0.0_n-800_p-20,interaction,800,20,0.0,3005,0,weighted_bootstrap,2,4,1.0,
family-interaction_mixture-0.0_n-800_p-20_seed-3005_perm-0,family-interaction_mixture-0.0_n-800_p-20,interaction,800,20,0.0,3005,0,relative_random_bootstrap,2,4,1.0,
family-interaction_mixture-0.0_n-800_p-20_seed-3005_perm-0,family-interaction_mixture-0.0_n-800_p-20,interaction,800,20,0.0,3005,0,relative_bootstrap,5,4,1.0,
family-interaction_mixture-0.0_n-800_p-20_seed-3005_perm-0,family-interaction_mixture-0.0_n-800_p-20,interaction,800,20,0.0,3005,0,weighted_bootstrap,5,4,1.0,
family-interaction_mixture-0.0_n-800_p-20_seed-3005_perm-0,family-interaction_mixture-0.0_n-800_p-20,interaction,800,20,0.0,3005,0,relative_random_bootstrap,5,4,1.0,
family-interaction_mixture-0.0_n-800_p-20_seed-3005_perm-1,family-interaction_mixture-0.0_n-800_p-20,interaction,800,20,0.0,3005,1,cart_strong,2,4,1.0,
family-interaction_mixture-0.0_n-800_p-20_seed-3005_perm-1,family-interaction_mixture-0.0_n-800_p-20,interaction,800,20,0.0,3005,1,cart_strong,5,4,1.0,
family-interaction_mixture-0.0_n-800_p-20_seed-3005_perm-1,family-interaction_mixture-0.0_n-800_p-20,interaction,800,20,0.0,3005,1,cart_strong,10,4,1.0,
family-interaction_mixture-0.0_n-800_p-20_seed-3005_perm-1,family-interaction_mixture-0.0_n-800_p-20,interaction,800,20,0.0,3005,1,aloof,2,4,1.0,
family-interaction_mixture-0.0_n-800_p-20_seed-3005_perm-1,family-interaction_mixture-0.0_n-800_p-20,interaction,800,20,0.0,3005,1,aloof,5,4,1.0,
family-interaction_mixture-0.0_n-800_p-20_seed-3005_perm-1,family-interaction_mixture-0.0_n-800_p-20,interaction,800,20,0.0,3005,1,lookahead,2,4,1.0,
family-interaction_mixture-0.0_n-800_p-20_seed-3005_perm-1,family-interaction_mixture-0.0_n-800_p-20,interaction,800,20,0.0,3005,1,lookahead,5,4,1.0,
family-interaction_mixture-0.0_n-800_p-20_seed-3005_perm-1,family-interaction_mixture-0.0_n-800_p-20,interaction,800,20,0.0,3005,1,relative_bootstrap,2,4,1.0,
family-interaction_mixture-0.0_n-800_p-20_seed-3005_perm-1,family-interaction_mixture-0.0_n-800_p-20,interaction,800,20,0.0,3005,1,weighted_bootstrap,2,4,1.0,
family-interaction_mixture-0.0_n-800_p-20_seed-3005_perm-1,family-interaction_mixture-0.0_n-800_p-20,interaction,800,20,0.0,3005,1,relative_random_bootstrap,2,4,1.0,
family-interaction_mixture-0.0_n-800_p-20_seed-3005_perm-1,family-interaction_mixture-0.0_n-800_p-20,interaction,800,20,0.0,3005,1,relative_bootstrap,5,4,1.0,
family-interaction_mixture-0.0_n-800_p-20_seed-3005_perm-1,family-interaction_mixture-0.0_n-800_p-20,interaction,800,20,0.0,3005,1,weighted_bootstrap,5,4,1.0,
family-interaction_mixture-0.0_n-800_p-20_seed-3005_perm-1,family-interaction_mixture-0.0_n-800_p-20,interaction,800,20,0.0,3005,1,relative_random_bootstrap,5,4,1.0,
family-interaction_mixture-0.0_n-800_p-20_seed-3005_perm-2,family-interaction_mixture-0.0_n-800_p-20,interaction,800,20,0.0,3005,2,cart_strong,2,4,1.0,
family-interaction_mixture-0.0_n-800_p-20_seed-3005_perm-2,family-interaction_mixture-0.0_n-800_p-20,interaction,800,20,0.0,3005,2,cart_strong,5,4,1.0,
family-interaction_mixture-0.0_n-800_p-20_seed-3005_perm-2,family-interaction_mixture-0.0_n-800_p-20,interaction,800,20,0.0,3005,2,cart_strong,10,4,1.0,
family-interaction_mixture-0.0_n-800_p-20_seed-3005_perm-2,family-interaction_mixture-0.0_n-800_p-20,interaction,800,20,0.0,3005,2,aloof,2,4,1.0,
family-interaction_mixture-0.0_n-800_p-20_seed-3005_perm-2,family-interaction_mixture-0.0_n-800_p-20,interaction,800,20,0.0,3005,2,aloof,5,4,1.0,
family-interaction_mixture-0.0_n-800_p-20_seed-3005_perm-2,family-interaction_mixture-0.0_n-800_p-20,interaction,800,20,0.0,3005,2,lookahead,2,4,1.0,
family-interaction_mixture-0.0_n-800_p-20_seed-3005_perm-2,family-interaction_mixture-0.0_n-800_p-20,interaction,800,20,0.0,3005,2,lookahead,5,4,1.0,
family-interaction_mixture-0.0_n-800_p-20_seed-3005_perm-2,family-interaction_mixture-0.0_n-800_p-20,interaction,800,20,0.0,3005,2,relative_bootstrap,2,4,1.0,
family-interaction_mixture-0.0_n-800_p-20_seed-3005_perm-2,family-interaction_mixture-0.0_n-800_p-20,interaction,800,20,0.0,3005,2,weighted_bootstrap,2,4,1.0,
family-interaction_mixture-0.0_n-800_p-20_seed-3005_perm-2,family-interaction_mixture-0.0_n-800_p-20,interaction,800,20,0.0,3005,2,relative_random_bootstrap,2,4,1.0,
family-interaction_mixture-0.0_n-800_p-20_seed-3005_perm-2,family-interaction_mixture-0.0_n-800_p-20,interaction,800,20,0.0,3005,2,relative_bootstrap,5,4,1.0,
family-interaction_mixture-0.0_n-800_p-20_seed-3005_perm-2,family-interaction_mixture-0.0_n-800_p-20,interaction,800,20,0.0,3005,2,weighted_bootstrap,5,4,1.0,
family-interaction_mixture-0.0_n-800_p-20_seed-3005_perm-2,family-interaction_mixture-0.0_n-800_p-20,interaction,800,20,0.0,3005,2,relative_random_bootstrap,5,4,1.0,
family-interaction_mixture-0.0_n-800_p-20_seed-3006_perm-0,family-interaction_mixture-0.0_n-800_p-20,interaction,800,20,0.0,3006,0,cart_strong,2,1,0.5033,
family-interaction_mixture-0.0_n-800_p-20_seed-3006_perm-0,family-interaction_mixture-0.0_n-800_p-20,interaction,800,20,0.0,3006,0,cart_strong,5,27,0.6164,
family-interaction_mixture-0.0_n-800_p-20_seed-3006_perm-0,family-interaction_mixture-0.0_n-800_p-20,interaction,800,20,0.0,3006,0,cart_strong,10,156,0.7778,
family-interaction_mixture-0.0_n-800_p-20_seed-3006_perm-0,family-interaction_mixture-0.0_n-800_p-20,interaction,800,20,0.0,3006,0,aloof,2,4,0.5027,
family-interaction_mixture-0.0_n-800_p-20_seed-3006_perm-0,family-interaction_mixture-0.0_n-800_p-20,interaction,800,20,0.0,3006,0,aloof,5,19,0.618,
family-interaction_mixture-0.0_n-800_p-20_seed-3006_perm-0,family-interaction_mixture-0.0_n-800_p-20,interaction,800,20,0.0,3006,0,lookahead,2,4,1.0,
family-interaction_mixture-0.0_n-800_p-20_seed-3006_perm-0,family-interaction_mixture-0.0_n-800_p-20,interaction,800,20,0.0,3006,0,lookahead,5,4,1.0,
family-interaction_mixture-0.0_n-800_p-20_seed-3006_perm-0,family-interaction_mixture-0.0_n-800_p-20,interaction,800,20,0.0,3006,0,relative_bootstrap,2,4,0.5033,
family-interaction_mixture-0.0_n-800_p-20_seed-3006_perm-0,family-interaction_mixture-0.0_n-800_p-20,interaction,800,20,0.0,3006,0,weighted_bootstrap,2,1,0.5033,
family-interaction_mixture-0.0_n-800_p-20_seed-3006_perm-0,family-interaction_mixture-0.0_n-800_p-20,interaction,800,20,0.0,3006,0,relative_random_bootstrap,2,4,0.5033,
family-interaction_mixture-0.0_n-800_p-20_seed-3006_perm-0,family-interaction_mixture-0.0_n-800_p-20,interaction,800,20,0.0,3006,0,relative_bootstrap,5,4,1.0,
family-interaction_mixture-0.0_n-800_p-20_seed-3006_perm-0,family-interaction_mixture-0.0_n-800_p-20,interaction,800,20,0.0,3006,0,weighted_bootstrap,5,4,1.0,
family-interaction_mixture-0.0_n-800_p-20_seed-3006_perm-0,family-interaction_mixture-0.0_n-800_p-20,interaction,800,20,0.0,3006,0,relative_random_bootstrap,5,4,1.0,
family-interaction_mixture-0.0_n-800_p-20_seed-3006_perm-1,family-interaction_mixture-0.0_n-800_p-20,interaction,800,20,0.0,3006,1,cart_strong,2,1,0.5033,
family-interaction_mixture-0.0_n-800_p-20_seed-3006_perm-1,family-interaction_mixture-0.0_n-800_p-20,interaction,800,20,0.0,3006,1,cart_strong,5,6,0.6238,
family-interaction_mixture-0.0_n-800_p-20_seed-3006_perm-1,family-interaction_mixture-0.0_n-800_p-20,interaction,800,20,0.0,3006,1,cart_strong,10,160,0.7608,
family-interaction_mixture-0.0_n-800_p-20_seed-3006_perm-1,family-interaction_mixture-0.0_n-800_p-20,interaction,800,20,0.0,3006,1,aloof,2,4,0.5027,
family-interaction_mixture-0.0_n-800_p-20_seed-3006_perm-1,family-interaction_mixture-0.0_n-800_p-20,interaction,800,20,0.0,3006,1,aloof,5,19,0.618,
family-interaction_mixture-0.0_n-800_p-20_seed-3006_perm-1,family-interaction_mixture-0.0_n-800_p-20,interaction,800,20,0.0,3006,1,lookahead,2,4,1.0,
family-interaction_mixture-0.0_n-800_p-20_seed-3006_perm-1,family-interaction_mixture-0.0_n-800_p-20,interaction,800,20,0.0,3006,1,lookahead,5,4,1.0,
family-interaction_mixture-0.0_n-800_p-20_seed-3006_perm-1,family-interaction_mixture-0.0_n-800_p-20,interaction,800,20,0.0,3006,1,relative_bootstrap,2,4,0.5033,
family-interaction_mixture-0.0_n-800_p-20_seed-3006_perm-1,family-interaction_mixture-0.0_n-800_p-20,interaction,800,20,0.0,3006,1,weighted_bootstrap,2,1,0.5033,
family-interaction_mixture-0.0_n-800_p-20_seed-3006_perm-1,family-interaction_mixture-0.0_n-800_p-20,interaction,800,20,0.0,3006,1,relative_random_bootstrap,2,4,0.5033,
family-interaction_mixture-0.0_n-800_p-20_seed-3006_perm-1,family-interaction_mixture-0.0_n-800_p-20,interaction,800,20,0.0,3006,1,relative_bootstrap,5,4,1.0,
family-interaction_mixture-0.0_n-800_p-20_seed-3006_perm-1,family-interaction_mixture-0.0_n-800_p-20,interaction,800,20,0.0,3006,1,weighted_bootstrap,5,4,1.0,
family-interaction_mixture-0.0_n-800_p-20_seed-3006_perm-1,family-interaction_mixture-0.0_n-800_p-20,interaction,800,20,0.0,3006,1,relative_random_bootstrap,5,4,1.0,
family-interaction_mixture-0.0_n-800_p-20_seed-3006_perm-2,family-interaction_mixture-0.0_n-800_p-20,interaction,800,20,0.0,3006,2,cart_strong,2,1,0.5033,
family-interaction_mixture-0.0_n-800_p-20_seed-3006_perm-2,family-interaction_mixture-0.0_n-800_p-20,interaction,800,20,0.0,3006,2,cart_strong,5,6,0.6238,
family-interaction_mixture-0.0_n-800_p-20_seed-3006_perm-2,family-interaction_mixture-0.0_n-800_p-20,interaction,800,20,0.0,3006,2,cart_strong,10,152,0.785,
family-interaction_mixture-0.0_n-800_p-20_seed-3006_perm-2,family-interaction_mixture-0.0_n-800_p-20,interaction,800,20,0.0,3006,2,aloof,2,4,0.5027,
family-interaction_mixture-0.0_n-800_p-20_seed-3006_perm-2,family-interaction_mixture-0.0_n-800_p-20,interaction,800,20,0.0,3006,2,aloof,5,19,0.618,
family-interaction_mixture-0.0_n-800_p-20_seed-3006_perm-2,family-interaction_mixture-0.0_n-800_p-20,interaction,800,20,0.0,3006,2,lookahead,2,4,1.0,
family-interaction_mixture-0.0_n-800_p-20_seed-3006_perm-2,family-interaction_mixture-0.0_n-800_p-20,interaction,800,20,0.0,3006,2,lookahead,5,4,1.0,
family-interaction_mixture-0.0_n-800_p-20_seed-3006_perm-2,family-interaction_mixture-0.0_n-800_p-20,interaction,800,20,0.0,3006,2,relative_bootstrap,2,4,0.5033,
family-interaction_mixture-0.0_n-800_p-20_seed-3006_perm-2,family-interaction_mixture-0.0_n-800_p-20,interaction,800,20,0.0,3006,2,weighted_bootstrap,2,1,0.5033,
family-interaction_mixture-0.0_n-800_p-20_seed-3006_perm-2,family-interaction_mixture-0.0_n-800_p-20,interaction,800,20,0.0,3006,2,relative_random_bootstrap,2,4,0.5033,
family-interaction_mixture-0.0_n-800_p-20_seed-3006_perm-2,family-interaction_mixture-0.0_n-800_p-20,interaction,800,20,0.0,3006,2,relative_bootstrap,5,4,1.0,
family-interaction_mixture-0.0_n-800_p-20_seed-3006_perm-2,family-interaction_mixture-0.0_n-800_p-20,interaction,800,20,0.0,3006,2,weighted_bootstrap,5,4,1.0,
family-interaction_mixture-0.0_n-800_p-20_seed-3006_perm-2,family-interaction_mixture-0.0_n-800_p-20,interaction,800,20,0.0,3006,2,relative_random_bootstrap,5,4,1.0,
family-interaction_mixture-0.0_n-800_p-20_seed-3007_perm-0,family-interaction_mixture-0.0_n-800_p-20,interaction,800,20,0.0,3007,0,cart_strong,2,1,0.5001,
family-interaction_mixture-0.0_n-800_p-20_seed-3007_perm-0,family-interaction_mixture-0.0_n-800_p-20,interaction,800,20,0.0,3007,0,cart_strong,5,24,0.7557,
family-interaction_mixture-0.0_n-800_p-20_seed-3007_perm-0,family-interaction_mixture-0.0_n-800_p-20,interaction,800,20,0.0,3007,0,cart_strong,10,121,0.8082,
family-interaction_mixture-0.0_n-800_p-20_seed-3007_perm-0,family-interaction_mixture-0.0_n-800_p-20,interaction,800,20,0.0,3007,0,aloof,2,3,0.498,
family-interaction_mixture-0.0_n-800_p-20_seed-3007_perm-0,family-interaction_mixture-0.0_n-800_p-20,interaction,800,20,0.0,3007,0,aloof,5,13,0.6319,
family-interaction_mixture-0.0_n-800_p-20_seed-3007_perm-0,family-interaction_mixture-0.0_n-800_p-20,interaction,800,20,0.0,3007,0,lookahead,2,4,1.0,
family-interaction_mixture-0.0_n-800_p-20_seed-3007_perm-0,family-interaction_mixture-0.0_n-800_p-20,interaction,800,20,0.0,3007,0,lookahead,5,4,1.0,
family-interaction_mixture-0.0_n-800_p-20_seed-3007_perm-0,family-interaction_mixture-0.0_n-800_p-20,interaction,800,20,0.0,3007,0,relative_bootstrap,2,4,0.498,
family-interaction_mixture-0.0_n-800_p-20_seed-3007_perm-0,family-interaction_mixture-0.0_n-800_p-20,interaction,800,20,0.0,3007,0,weighted_bootstrap,2,2,0.4989,
family-interaction_mixture-0.0_n-800_p-20_seed-3007_perm-0,family-interaction_mixture-0.0_n-800_p-20,interaction,800,20,0.0,3007,0,relative_random_bootstrap,2,4,0.498,
family-interaction_mixture-0.0_n-800_p-20_seed-3007_perm-0,family-interaction_mixture-0.0_n-800_p-20,interaction,800,20,0.0,3007,0,relative_bootstrap,5,4,1.0,
family-interaction_mixture-0.0_n-800_p-20_seed-3007_perm-0,family-interaction_mixture-0.0_n-800_p-20,interaction,800,20,0.0,3007,0,weighted_bootstrap,5,4,1.0,
family-interaction_mixture-0.0_n-800_p-20_seed-3007_perm-0,family-interaction_mixture-0.0_n-800_p-20,interaction,800,20,0.0,3007,0,relative_random_bootstrap,5,6,1.0,
family-interaction_mixture-0.0_n-800_p-20_seed-3007_perm-1,family-interaction_mixture-0.0_n-800_p-20,interaction,800,20,0.0,3007,1,cart_strong,2,1,0.5001,
family-interaction_mixture-0.0_n-800_p-20_seed-3007_perm-1,family-interaction_mixture-0.0_n-800_p-20,interaction,800,20,0.0,3007,1,cart_strong,5,24,0.7557,
family-interaction_mixture-0.0_n-800_p-20_seed-3007_perm-1,family-interaction_mixture-0.0_n-800_p-20,interaction,800,20,0.0,3007,1,cart_strong,10,123,0.8057,
family-interaction_mixture-0.0_n-800_p-20_seed-3007_perm-1,family-interaction_mixture-0.0_n-800_p-20,interaction,800,20,0.0,3007,1,aloof,2,3,0.498,
family-interaction_mixture-0.0_n-800_p-20_seed-3007_perm-1,family-interaction_mixture-0.0_n-800_p-20,interaction,800,20,0.0,3007,1,aloof,5,13,0.6319,
family-interaction_mixture-0.0_n-800_p-20_seed-3007_perm-1,family-interaction_mixture-0.0_n-800_p-20,interaction,800,20,0.0,3007,1,lookahead,2,4,1.0,
family-interaction_mixture-0.0_n-800_p-20_seed-3007_perm-1,family-interaction_mixture-0.0_n-800_p-20,interaction,800,20,0.0,3007,1,lookahead,5,4,1.0,
family-interaction_mixture-0.0_n-800_p-20_seed-3007_perm-1,family-interaction_mixture-0.0_n-800_p-20,interaction,800,20,0.0,3007,1,relative_bootstrap,2,4,0.498,
family-interaction_mixture-0.0_n-800_p-20_seed-3007_perm-1,family-interaction_mixture-0.0_n-800_p-20,interaction,800,20,0.0,3007,1,weighted_bootstrap,2,2,0.4989,
family-interaction_mixture-0.0_n-800_p-20_seed-3007_perm-1,family-interaction_mixture-0.0_n-800_p-20,interaction,800,20,0.0,3007,1,relative_random_bootstrap,2,4,0.498,
family-interaction_mixture-0.0_n-800_p-20_seed-3007_perm-1,family-interaction_mixture-0.0_n-800_p-20,interaction,800,20,0.0,3007,1,relative_bootstrap,5,4,1.0,
family-interaction_mixture-0.0_n-800_p-20_seed-3007_perm-1,family-interaction_mixture-0.0_n-800_p-20,interaction,800,20,0.0,3007,1,weighted_bootstrap,5,4,1.0,
family-interaction_mixture-0.0_n-800_p-20_seed-3007_perm-1,family-interaction_mixture-0.0_n-800_p-20,interaction,800,20,0.0,3007,1,relative_random_bootstrap,5,6,1.0,
family-interaction_mixture-0.0_n-800_p-20_seed-3007_perm-2,family-interaction_mixture-0.0_n-800_p-20,interaction,800,20,0.0,3007,2,cart_strong,2,1,0.5001,
family-interaction_mixture-0.0_n-800_p-20_seed-3007_perm-2,family-interaction_mixture-0.0_n-800_p-20,interaction,800,20,0.0,3007,2,cart_strong,5,24,0.7557,
family-interaction_mixture-0.0_n-800_p-20_seed-3007_perm-2,family-interaction_mixture-0.0_n-800_p-20,interaction,800,20,0.0,3007,2,cart_strong,10,123,0.8061,
family-interaction_mixture-0.0_n-800_p-20_seed-3007_perm-2,family-interaction_mixture-0.0_n-800_p-20,interaction,800,20,0.0,3007,2,aloof,2,3,0.498,
family-interaction_mixture-0.0_n-800_p-20_seed-3007_perm-2,family-interaction_mixture-0.0_n-800_p-20,interaction,800,20,0.0,3007,2,aloof,5,13,0.6319,
family-interaction_mixture-0.0_n-800_p-20_seed-3007_perm-2,family-interaction_mixture-0.0_n-800_p-20,interaction,800,20,0.0,3007,2,lookahead,2,4,1.0,
family-interaction_mixture-0.0_n-800_p-20_seed-3007_perm-2,family-interaction_mixture-0.0_n-800_p-20,interaction,800,20,0.0,3007,2,lookahead,5,4,1.0,
family-interaction_mixture-0.0_n-800_p-20_seed-3007_perm-2,family-interaction_mixture-0.0_n-800_p-20,interaction,800,20,0.0,3007,2,relative_bootstrap,2,4,0.498,
family-interaction_mixture-0.0_n-800_p-20_seed-3007_perm-2,family-interaction_mixture-0.0_n-800_p-20,interaction,800,20,0.0,3007,2,weighted_bootstrap,2,2,0.4989,
family-interaction_mixture-0.0_n-800_p-20_seed-3007_perm-2,family-interaction_mixture-0.0_n-800_p-20,interaction,800,20,0.0,3007,2,relative_random_bootstrap,2,4,0.498,
family-interaction_mixture-0.0_n-800_p-20_seed-3007_perm-2,family-interaction_mixture-0.0_n-800_p-20,interaction,800,20,0.0,3007,2,relative_bootstrap,5,16,1.0,
family-interaction_mixture-0.0_n-800_p-20_seed-3007_perm-2,family-interaction_mixture-0.0_n-800_p-20,interaction,800,20,0.0,3007,2,weighted_bootstrap,5,4,1.0,
family-interaction_mixture-0.0_n-800_p-20_seed-3007_perm-2,family-interaction_mixture-0.0_n-800_p-20,interaction,800,20,0.0,3007,2,relative_random_bootstrap,5,12,1.0,
family-interaction_mixture-0.0_n-800_p-20_seed-3008_perm-0,family-interaction_mixture-0.0_n-800_p-20,interaction,800,20,0.0,3008,0,cart_strong,2,1,0.4973,
family-interaction_mixture-0.0_n-800_p-20_seed-3008_perm-0,family-interaction_mixture-0.0_n-800_p-20,interaction,800,20,0.0,3008,0,cart_strong,5,16,0.8749,
family-interaction_mixture-0.0_n-800_p-20_seed-3008_perm-0,family-interaction_mixture-0.0_n-800_p-20,interaction,800,20,0.0,3008,0,cart_strong,10,69,0.8961,
family-interaction_mixture-0.0_n-800_p-20_seed-3008_perm-0,family-interaction_mixture-0.0_n-800_p-20,interaction,800,20,0.0,3008,0,aloof,2,4,0.4958,
family-interaction_mixture-0.0_n-800_p-20_seed-3008_perm-0,family-interaction_mixture-0.0_n-800_p-20,interaction,800,20,0.0,3008,0,aloof,5,16,0.8749,
family-interaction_mixture-0.0_n-800_p-20_seed-3008_perm-0,family-interaction_mixture-0.0_n-800_p-20,interaction,800,20,0.0,3008,0,lookahead,2,4,1.0,
family-interaction_mixture-0.0_n-800_p-20_seed-3008_perm-0,family-interaction_mixture-0.0_n-800_p-20,interaction,800,20,0.0,3008,0,lookahead,5,4,1.0,
family-interaction_mixture-0.0_n-800_p-20_seed-3008_perm-0,family-interaction_mixture-0.0_n-800_p-20,interaction,800,20,0.0,3008,0,relative_bootstrap,2,4,0.4958,
family-interaction_mixture-0.0_n-800_p-20_seed-3008_perm-0,family-interaction_mixture-0.0_n-800_p-20,interaction,800,20,0.0,3008,0,weighted_bootstrap,2,4,0.4958,
family-interaction_mixture-0.0_n-800_p-20_seed-3008_perm-0,family-interaction_mixture-0.0_n-800_p-20,interaction,800,20,0.0,3008,0,relative_random_bootstrap,2,4,0.4958,
family-interaction_mixture-0.0_n-800_p-20_seed-3008_perm-0,family-interaction_mixture-0.0_n-800_p-20,interaction,800,20,0.0,3008,0,weighted_bootstrap,5,4,1.0,
family-interaction_mixture-0.0_n-800_p-20_seed-3008_perm-0,family-interaction_mixture-0.0_n-800_p-20,interaction,800,20,0.0,3008,0,relative_bootstrap,5,8,1.0,
family-interaction_mixture-0.0_n-800_p-20_seed-3008_perm-0,family-interaction_mixture-0.0_n-800_p-20,interaction,800,20,0.0,3008,0,relative_random_bootstrap,5,6,1.0,
family-interaction_mixture-0.0_n-800_p-20_seed-3008_perm-1,family-interaction_mixture-0.0_n-800_p-20,interaction,800,20,0.0,3008,1,cart_strong,2,1,0.4973,
family-interaction_mixture-0.0_n-800_p-20_seed-3008_perm-1,family-interaction_mixture-0.0_n-800_p-20,interaction,800,20,0.0,3008,1,cart_strong,5,16,0.8749,
family-interaction_mixture-0.0_n-800_p-20_seed-3008_perm-1,family-interaction_mixture-0.0_n-800_p-20,interaction,800,20,0.0,3008,1,cart_strong,10,69,0.8955,
family-interaction_mixture-0.0_n-800_p-20_seed-3008_perm-1,family-interaction_mixture-0.0_n-800_p-20,interaction,800,20,0.0,3008,1,aloof,2,4,0.4958,
family-interaction_mixture-0.0_n-800_p-20_seed-3008_perm-1,family-interaction_mixture-0.0_n-800_p-20,interaction,800,20,0.0,3008,1,aloof,5,16,0.8749,
family-interaction_mixture-0.0_n-800_p-20_seed-3008_perm-1,family-interaction_mixture-0.0_n-800_p-20,interaction,800,20,0.0,3008,1,lookahead,2,4,1.0,
family-interaction_mixture-0.0_n-800_p-20_seed-3008_perm-1,family-interaction_mixture-0.0_n-800_p-20,interaction,800,20,0.0,3008,1,lookahead,5,4,1.0,
family-interaction_mixture-0.0_n-800_p-20_seed-3008_perm-1,family-interaction_mixture-0.0_n-800_p-20,interaction,800,20,0.0,3008,1,relative_bootstrap,2,4,0.4958,
family-interaction_mixture-0.0_n-800_p-20_seed-3008_perm-1,family-interaction_mixture-0.0_n-800_p-20,interaction,800,20,0.0,3008,1,weighted_bootstrap,2,4,0.4958,
family-interaction_mixture-0.0_n-800_p-20_seed-3008_perm-1,family-interaction_mixture-0.0_n-800_p-20,interaction,800,20,0.0,3008,1,relative_random_bootstrap,2,4,0.4958,
family-interaction_mixture-0.0_n-800_p-20_seed-3008_perm-1,family-interaction_mixture-0.0_n-800_p-20,interaction,800,20,0.0,3008,1,weighted_bootstrap,5,4,1.0,
family-interaction_mixture-0.0_n-800_p-20_seed-3008_perm-1,family-interaction_mixture-0.0_n-800_p-20,interaction,800,20,0.0,3008,1,relative_random_bootstrap,5,12,1.0,
family-interaction_mixture-0.0_n-800_p-20_seed-3008_perm-1,family-interaction_mixture-0.0_n-800_p-20,interaction,800,20,0.0,3008,1,relative_bootstrap,5,4,1.0,
family-interaction_mixture-0.0_n-800_p-20_seed-3008_perm-2,family-interaction_mixture-0.0_n-800_p-20,interaction,800,20,0.0,3008,2,cart_strong,2,1,0.4973,
family-interaction_mixture-0.0_n-800_p-20_seed-3008_perm-2,family-interaction_mixture-0.0_n-800_p-20,interaction,800,20,0.0,3008,2,cart_strong,5,16,0.8749,
family-interaction_mixture-0.0_n-800_p-20_seed-3008_perm-2,family-interaction_mixture-0.0_n-800_p-20,interaction,800,20,0.0,3008,2,cart_strong,10,66,0.9031,
family-interaction_mixture-0.0_n-800_p-20_seed-3008_perm-2,family-interaction_mixture-0.0_n-800_p-20,interaction,800,20,0.0,3008,2,aloof,2,4,0.4958,
family-interaction_mixture-0.0_n-800_p-20_seed-3008_perm-2,family-interaction_mixture-0.0_n-800_p-20,interaction,800,20,0.0,3008,2,aloof,5,16,0.8749,
family-interaction_mixture-0.0_n-800_p-20_seed-3008_perm-2,family-interaction_mixture-0.0_n-800_p-20,interaction,800,20,0.0,3008,2,lookahead,2,4,1.0,
family-interaction_mixture-0.0_n-800_p-20_seed-3008_perm-2,family-interaction_mixture-0.0_n-800_p-20,interaction,800,20,0.0,3008,2,lookahead,5,4,1.0,
family-interaction_mixture-0.0_n-800_p-20_seed-3008_perm-2,family-interaction_mixture-0.0_n-800_p-20,interaction,800,20,0.0,3008,2,relative_bootstrap,2,4,0.4958,
family-interaction_mixture-0.0_n-800_p-20_seed-3008_perm-2,family-interaction_mixture-0.0_n-800_p-20,interaction,800,20,0.0,3008,2,weighted_bootstrap,2,4,0.4958,
family-interaction_mixture-0.0_n-800_p-20_seed-3008_perm-2,family-interaction_mixture-0.0_n-800_p-20,interaction,800,20,0.0,3008,2,relative_random_bootstrap,2,4,0.4958,
family-interaction_mixture-0.0_n-800_p-20_seed-3008_perm-2,family-interaction_mixture-0.0_n-800_p-20,interaction,800,20,0.0,3008,2,weighted_bootstrap,5,4,1.0,
family-interaction_mixture-0.0_n-800_p-20_seed-3008_perm-2,family-interaction_mixture-0.0_n-800_p-20,interaction,800,20,0.0,3008,2,relative_bootstrap,5,8,1.0,
family-interaction_mixture-0.0_n-800_p-20_seed-3008_perm-2,family-interaction_mixture-0.0_n-800_p-20,interaction,800,20,0.0,3008,2,relative_random_bootstrap,5,6,1.0,
family-interaction_mixture-0.0_n-800_p-20_seed-3009_perm-0,family-interaction_mixture-0.0_n-800_p-20,interaction,800,20,0.0,3009,0,cart_strong,2,1,0.4979,
family-interaction_mixture-0.0_n-800_p-20_seed-3009_perm-0,family-interaction_mixture-0.0_n-800_p-20,interaction,800,20,0.0,3009,0,cart_strong,5,1,0.4979,
family-interaction_mixture-0.0_n-800_p-20_seed-3009_perm-0,family-interaction_mixture-0.0_n-800_p-20,interaction,800,20,0.0,3009,0,cart_strong,10,236,0.6309,
family-interaction_mixture-0.0_n-800_p-20_seed-3009_perm-0,family-interaction_mixture-0.0_n-800_p-20,interaction,800,20,0.0,3009,0,aloof,2,1,0.4979,
family-interaction_mixture-0.0_n-800_p-20_seed-3009_perm-0,family-interaction_mixture-0.0_n-800_p-20,interaction,800,20,0.0,3009,0,aloof,5,1,0.4979,
family-interaction_mixture-0.0_n-800_p-20_seed-3009_perm-0,family-interaction_mixture-0.0_n-800_p-20,interaction,800,20,0.0,3009,0,lookahead,2,4,1.0,
family-interaction_mixture-0.0_n-800_p-20_seed-3009_perm-0,family-interaction_mixture-0.0_n-800_p-20,interaction,800,20,0.0,3009,0,lookahead,5,4,1.0,
family-interaction_mixture-0.0_n-800_p-20_seed-3009_perm-0,family-interaction_mixture-0.0_n-800_p-20,interaction,800,20,0.0,3009,0,relative_bootstrap,2,4,0.4972,
family-interaction_mixture-0.0_n-800_p-20_seed-3009_perm-0,family-interaction_mixture-0.0_n-800_p-20,interaction,800,20,0.0,3009,0,weighted_bootstrap,2,1,0.4979,
family-interaction_mixture-0.0_n-800_p-20_seed-3009_perm-0,family-interaction_mixture-0.0_n-800_p-20,interaction,800,20,0.0,3009,0,relative_random_bootstrap,2,4,0.5002,
family-interaction_mixture-0.0_n-800_p-20_seed-3009_perm-0,family-interaction_mixture-0.0_n-800_p-20,interaction,800,20,0.0,3009,0,relative_bootstrap,5,4,1.0,
family-interaction_mixture-0.0_n-800_p-20_seed-3009_perm-0,family-interaction_mixture-0.0_n-800_p-20,interaction,800,20,0.0,3009,0,weighted_bootstrap,5,4,1.0,
family-interaction_mixture-0.0_n-800_p-20_seed-3009_perm-0,family-interaction_mixture-0.0_n-800_p-20,interaction,800,20,0.0,3009,0,relative_random_bootstrap,5,4,1.0,
family-interaction_mixture-0.0_n-800_p-20_seed-3009_perm-1,family-interaction_mixture-0.0_n-800_p-20,interaction,800,20,0.0,3009,1,cart_strong,2,1,0.4979,
family-interaction_mixture-0.0_n-800_p-20_seed-3009_perm-1,family-interaction_mixture-0.0_n-800_p-20,interaction,800,20,0.0,3009,1,cart_strong,5,1,0.4979,
family-interaction_mixture-0.0_n-800_p-20_seed-3009_perm-1,family-interaction_mixture-0.0_n-800_p-20,interaction,800,20,0.0,3009,1,cart_strong,10,224,0.673,
family-interaction_mixture-0.0_n-800_p-20_seed-3009_perm-1,family-interaction_mixture-0.0_n-800_p-20,interaction,800,20,0.0,3009,1,aloof,2,1,0.4979,
family-interaction_mixture-0.0_n-800_p-20_seed-3009_perm-1,family-interaction_mixture-0.0_n-800_p-20,interaction,800,20,0.0,3009,1,aloof,5,1,0.4979,
family-interaction_mixture-0.0_n-800_p-20_seed-3009_perm-1,family-interaction_mixture-0.0_n-800_p-20,interaction,800,20,0.0,3009,1,lookahead,2,4,1.0,
family-interaction_mixture-0.0_n-800_p-20_seed-3009_perm-1,family-interaction_mixture-0.0_n-800_p-20,interaction,800,20,0.0,3009,1,lookahead,5,4,1.0,
family-interaction_mixture-0.0_n-800_p-20_seed-3009_perm-1,family-interaction_mixture-0.0_n-800_p-20,interaction,800,20,0.0,3009,1,relative_bootstrap,2,4,0.4972,
family-interaction_mixture-0.0_n-800_p-20_seed-3009_perm-1,family-interaction_mixture-0.0_n-800_p-20,interaction,800,20,0.0,3009,1,weighted_bootstrap,2,1,0.4979,
family-interaction_mixture-0.0_n-800_p-20_seed-3009_perm-1,family-interaction_mixture-0.0_n-800_p-20,interaction,800,20,0.0,3009,1,relative_random_bootstrap,2,4,0.4929,
family-interaction_mixture-0.0_n-800_p-20_seed-3009_perm-1,family-interaction_mixture-0.0_n-800_p-20,interaction,800,20,0.0,3009,1,relative_bootstrap,5,4,1.0,
family-interaction_mixture-0.0_n-800_p-20_seed-3009_perm-1,family-interaction_mixture-0.0_n-800_p-20,interaction,800,20,0.0,3009,1,weighted_bootstrap,5,4,1.0,
family-interaction_mixture-0.0_n-800_p-20_seed-3009_perm-1,family-interaction_mixture-0.0_n-800_p-20,interaction,800,20,0.0,3009,1,relative_random_bootstrap,5,4,1.0,
family-interaction_mixture-0.0_n-800_p-20_seed-3009_perm-2,family-interaction_mixture-0.0_n-800_p-20,interaction,800,20,0.0,3009,2,cart_strong,2,1,0.4979,
family-interaction_mixture-0.0_n-800_p-20_seed-3009_perm-2,family-interaction_mixture-0.0_n-800_p-20,interaction,800,20,0.0,3009,2,cart_strong,5,1,0.4979,
family-interaction_mixture-0.0_n-800_p-20_seed-3009_perm-2,family-interaction_mixture-0.0_n-800_p-20,interaction,800,20,0.0,3009,2,cart_strong,10,228,0.6708,
family-interaction_mixture-0.0_n-800_p-20_seed-3009_perm-2,family-interaction_mixture-0.0_n-800_p-20,interaction,800,20,0.0,3009,2,aloof,2,1,0.4979,
family-interaction_mixture-0.0_n-800_p-20_seed-3009_perm-2,family-interaction_mixture-0.0_n-800_p-20,interaction,800,20,0.0,3009,2,aloof,5,1,0.4979,
family-interaction_mixture-0.0_n-800_p-20_seed-3009_perm-2,family-interaction_mixture-0.0_n-800_p-20,interaction,800,20,0.0,3009,2,lookahead,2,4,1.0,
family-interaction_mixture-0.0_n-800_p-20_seed-3009_perm-2,family-interaction_mixture-0.0_n-800_p-20,interaction,800,20,0.0,3009,2,lookahead,5,4,1.0,
family-interaction_mixture-0.0_n-800_p-20_seed-3009_perm-2,family-interaction_mixture-0.0_n-800_p-20,interaction,800,20,0.0,3009,2,relative_bootstrap,2,4,0.4955,
family-interaction_mixture-0.0_n-800_p-20_seed-3009_perm-2,family-interaction_mixture-0.0_n-800_p-20,interaction,800,20,0.0,3009,2,weighted_bootstrap,2,1,0.4979,
family-interaction_mixture-0.0_n-800_p-20_seed-3009_perm-2,family-interaction_mixture-0.0_n-800_p-20,interaction,800,20,0.0,3009,2,relative_random_bootstrap,2,4,0.4929,
family-interaction_mixture-0.0_n-800_p-20_seed-3009_perm-2,family-interaction_mixture-0.0_n-800_p-20,interaction,800,20,0.0,3009,2,relative_bootstrap,5,4,1.0,
family-interaction_mixture-0.0_n-800_p-20_seed-3009_perm-2,family-interaction_mixture-0.0_n-800_p-20,interaction,800,20,0.0,3009,2,weighted_bootstrap,5,4,1.0,
family-interaction_mixture-0.0_n-800_p-20_seed-3009_perm-2,family-interaction_mixture-0.0_n-800_p-20,interaction,800,20,0.0,3009,2,relative_random_bootstrap,5,4,1.0,
family-interaction_mixture-0.0_n-800_p-20_seed-3010_perm-0,family-interaction_mixture-0.0_n-800_p-20,interaction,800,20,0.0,3010,0,cart_strong,2,1,0.4934,
family-interaction_mixture-0.0_n-800_p-20_seed-3010_perm-0,family-interaction_mixture-0.0_n-800_p-20,interaction,800,20,0.0,3010,0,cart_strong,5,20,0.8082,
family-interaction_mixture-0.0_n-800_p-20_seed-3010_perm-0,family-interaction_mixture-0.0_n-800_p-20,interaction,800,20,0.0,3010,0,cart_strong,10,96,0.8693,
family-interaction_mixture-0.0_n-800_p-20_seed-3010_perm-0,family-interaction_mixture-0.0_n-800_p-20,interaction,800,20,0.0,3010,0,aloof,2,3,0.5043,
family-interaction_mixture-0.0_n-800_p-20_seed-3010_perm-0,family-interaction_mixture-0.0_n-800_p-20,interaction,800,20,0.0,3010,0,aloof,5,5,0.7565,
family-interaction_mixture-0.0_n-800_p-20_seed-3010_perm-0,family-interaction_mixture-0.0_n-800_p-20,interaction,800,20,0.0,3010,0,lookahead,2,4,1.0,
family-interaction_mixture-0.0_n-800_p-20_seed-3010_perm-0,family-interaction_mixture-0.0_n-800_p-20,interaction,800,20,0.0,3010,0,lookahead,5,4,1.0,
family-interaction_mixture-0.0_n-800_p-20_seed-3010_perm-0,family-interaction_mixture-0.0_n-800_p-20,interaction,800,20,0.0,3010,0,relative_bootstrap,2,4,0.4933,
family-interaction_mixture-0.0_n-800_p-20_seed-3010_perm-0,family-interaction_mixture-0.0_n-800_p-20,interaction,800,20,0.0,3010,0,weighted_bootstrap,2,2,0.5075,
family-interaction_mixture-0.0_n-800_p-20_seed-3010_perm-0,family-interaction_mixture-0.0_n-800_p-20,interaction,800,20,0.0,3010,0,relative_random_bootstrap,2,4,0.4933,
family-interaction_mixture-0.0_n-800_p-20_seed-3010_perm-0,family-interaction_mixture-0.0_n-800_p-20,interaction,800,20,0.0,3010,0,relative_bootstrap,5,4,1.0,
family-interaction_mixture-0.0_n-800_p-20_seed-3010_perm-0,family-interaction_mixture-0.0_n-800_p-20,interaction,800,20,0.0,3010,0,weighted_bootstrap,5,4,1.0,
family-interaction_mixture-0.0_n-800_p-20_seed-3010_perm-0,family-interaction_mixture-0.0_n-800_p-20,interaction,800,20,0.0,3010,0,relative_random_bootstrap,5,4,1.0,
family-interaction_mixture-0.0_n-800_p-20_seed-3010_perm-1,family-interaction_mixture-0.0_n-800_p-20,interaction,800,20,0.0,3010,1,cart_strong,2,1,0.4934,
family-interaction_mixture-0.0_n-800_p-20_seed-3010_perm-1,family-interaction_mixture-0.0_n-800_p-20,interaction,800,20,0.0,3010,1,cart_strong,5,20,0.8082,
family-interaction_mixture-0.0_n-800_p-20_seed-3010_perm-1,family-interaction_mixture-0.0_n-800_p-20,interaction,800,20,0.0,3010,1,cart_strong,10,99,0.8701,
family-interaction_mixture-0.0_n-800_p-20_seed-3010_perm-1,family-interaction_mixture-0.0_n-800_p-20,interaction,800,20,0.0,3010,1,aloof,2,3,0.5043,
family-interaction_mixture-0.0_n-800_p-20_seed-3010_perm-1,family-interaction_mixture-0.0_n-800_p-20,interaction,800,20,0.0,3010,1,aloof,5,5,0.7565,
family-interaction_mixture-0.0_n-800_p-20_seed-3010_perm-1,family-interaction_mixture-0.0_n-800_p-20,interaction,800,20,0.0,3010,1,lookahead,2,4,1.0,
family-interaction_mixture-0.0_n-800_p-20_seed-3010_perm-1,family-interaction_mixture-0.0_n-800_p-20,interaction,800,20,0.0,3010,1,lookahead,5,4,1.0,
family-interaction_mixture-0.0_n-800_p-20_seed-3010_perm-1,family-interaction_mixture-0.0_n-800_p-20,interaction,800,20,0.0,3010,1,relative_bootstrap,2,4,0.4933,
family-interaction_mixture-0.0_n-800_p-20_seed-3010_perm-1,family-interaction_mixture-0.0_n-800_p-20,interaction,800,20,0.0,3010,1,weighted_bootstrap,2,2,0.5075,
family-interaction_mixture-0.0_n-800_p-20_seed-3010_perm-1,family-interaction_mixture-0.0_n-800_p-20,interaction,800,20,0.0,3010,1,relative_random_bootstrap,2,4,0.4933,
family-interaction_mixture-0.0_n-800_p-20_seed-3010_perm-1,family-interaction_mixture-0.0_n-800_p-20,interaction,800,20,0.0,3010,1,relative_bootstrap,5,4,1.0,
family-interaction_mixture-0.0_n-800_p-20_seed-3010_perm-1,family-interaction_mixture-0.0_n-800_p-20,interaction,800,20,0.0,3010,1,weighted_bootstrap,5,4,1.0,
family-interaction_mixture-0.0_n-800_p-20_seed-3010_perm-1,family-interaction_mixture-0.0_n-800_p-20,interaction,800,20,0.0,3010,1,relative_random_bootstrap,5,4,1.0,
family-interaction_mixture-0.0_n-800_p-20_seed-3010_perm-2,family-interaction_mixture-0.0_n-800_p-20,interaction,800,20,0.0,3010,2,cart_strong,2,1,0.4934,
family-interaction_mixture-0.0_n-800_p-20_seed-3010_perm-2,family-interaction_mixture-0.0_n-800_p-20,interaction,800,20,0.0,3010,2,cart_strong,5,20,0.8082,
family-interaction_mixture-0.0_n-800_p-20_seed-3010_perm-2,family-interaction_mixture-0.0_n-800_p-20,interaction,800,20,0.0,3010,2,cart_strong,10,96,0.8653,
family-interaction_mixture-0.0_n-800_p-20_seed-3010_perm-2,family-interaction_mixture-0.0_n-800_p-20,interaction,800,20,0.0,3010,2,aloof,2,3,0.5043,
family-interaction_mixture-0.0_n-800_p-20_seed-3010_perm-2,family-interaction_mixture-0.0_n-800_p-20,interaction,800,20,0.0,3010,2,aloof,5,5,0.7565,
family-interaction_mixture-0.0_n-800_p-20_seed-3010_perm-2,family-interaction_mixture-0.0_n-800_p-20,interaction,800,20,0.0,3010,2,lookahead,2,4,1.0,
family-interaction_mixture-0.0_n-800_p-20_seed-3010_perm-2,family-interaction_mixture-0.0_n-800_p-20,interaction,800,20,0.0,3010,2,lookahead,5,4,1.0,
family-interaction_mixture-0.0_n-800_p-20_seed-3010_perm-2,family-interaction_mixture-0.0_n-800_p-20,interaction,800,20,0.0,3010,2,relative_bootstrap,2,4,0.4933,
family-interaction_mixture-0.0_n-800_p-20_seed-3010_perm-2,family-interaction_mixture-0.0_n-800_p-20,interaction,800,20,0.0,3010,2,weighted_bootstrap,2,2,0.5075,
family-interaction_mixture-0.0_n-800_p-20_seed-3010_perm-2,family-interaction_mixture-0.0_n-800_p-20,interaction,800,20,0.0,3010,2,relative_random_bootstrap,2,4,0.4933,
family-interaction_mixture-0.0_n-800_p-20_seed-3010_perm-2,family-interaction_mixture-0.0_n-800_p-20,interaction,800,20,0.0,3010,2,relative_bootstrap,5,4,1.0,
family-interaction_mixture-0.0_n-800_p-20_seed-3010_perm-2,family-interaction_mixture-0.0_n-800_p-20,interaction,800,20,0.0,3010,2,weighted_bootstrap,5,4,1.0,
family-interaction_mixture-0.0_n-800_p-20_seed-3010_perm-2,family-interaction_mixture-0.0_n-800_p-20,interaction,800,20,0.0,3010,2,relative_random_bootstrap,5,4,1.0,
family-interaction_mixture-0.0_n-800_p-20_seed-3011_perm-0,family-interaction_mixture-0.0_n-800_p-20,interaction,800,20,0.0,3011,0,cart_strong,2,4,0.4969,
family-interaction_mixture-0.0_n-800_p-20_seed-3011_perm-0,family-interaction_mixture-0.0_n-800_p-20,interaction,800,20,0.0,3011,0,cart_strong,5,9,0.8763,
family-interaction_mixture-0.0_n-800_p-20_seed-3011_perm-0,family-interaction_mixture-0.0_n-800_p-20,interaction,800,20,0.0,3011,0,cart_strong,10,45,0.9535,
family-interaction_mixture-0.0_n-800_p-20_seed-3011_perm-0,family-interaction_mixture-0.0_n-800_p-20,interaction,800,20,0.0,3011,0,aloof,2,4,0.4969,
family-interaction_mixture-0.0_n-800_p-20_seed-3011_perm-0,family-interaction_mixture-0.0_n-800_p-20,interaction,800,20,0.0,3011,0,aloof,5,16,0.8792,
family-interaction_mixture-0.0_n-800_p-20_seed-3011_perm-0,family-interaction_mixture-0.0_n-800_p-20,interaction,800,20,0.0,3011,0,lookahead,2,4,1.0,
family-interaction_mixture-0.0_n-800_p-20_seed-3011_perm-0,family-interaction_mixture-0.0_n-800_p-20,interaction,800,20,0.0,3011,0,lookahead,5,4,1.0,
family-interaction_mixture-0.0_n-800_p-20_seed-3011_perm-0,family-interaction_mixture-0.0_n-800_p-20,interaction,800,20,0.0,3011,0,relative_bootstrap,2,4,1.0,
family-interaction_mixture-0.0_n-800_p-20_seed-3011_perm-0,family-interaction_mixture-0.0_n-800_p-20,interaction,800,20,0.0,3011,0,weighted_bootstrap,2,4,1.0,
family-interaction_mixture-0.0_n-800_p-20_seed-3011_perm-0,family-interaction_mixture-0.0_n-800_p-20,interaction,800,20,0.0,3011,0,relative_random_bootstrap,2,4,1.0,
family-interaction_mixture-0.0_n-800_p-20_seed-3011_perm-0,family-interaction_mixture-0.0_n-800_p-20,interaction,800,20,0.0,3011,0,relative_bootstrap,5,4,1.0,
family-interaction_mixture-0.0_n-800_p-20_seed-3011_perm-0,family-interaction_mixture-0.0_n-800_p-20,interaction,800,20,0.0,3011,0,weighted_bootstrap,5,4,1.0,
family-interaction_mixture-0.0_n-800_p-20_seed-3011_perm-0,family-interaction_mixture-0.0_n-800_p-20,interaction,800,20,0.0,3011,0,relative_random_bootstrap,5,4,1.0,
family-interaction_mixture-0.0_n-800_p-20_seed-3011_perm-1,family-interaction_mixture-0.0_n-800_p-20,interaction,800,20,0.0,3011,1,cart_strong,2,4,0.4969,
family-interaction_mixture-0.0_n-800_p-20_seed-3011_perm-1,family-interaction_mixture-0.0_n-800_p-20,interaction,800,20,0.0,3011,1,cart_strong,5,9,0.8763,
family-interaction_mixture-0.0_n-800_p-20_seed-3011_perm-1,family-interaction_mixture-0.0_n-800_p-20,interaction,800,20,0.0,3011,1,cart_strong,10,45,0.9553,
family-interaction_mixture-0.0_n-800_p-20_seed-3011_perm-1,family-interaction_mixture-0.0_n-800_p-20,interaction,800,20,0.0,3011,1,aloof,2,4,0.4969,
family-interaction_mixture-0.0_n-800_p-20_seed-3011_perm-1,family-interaction_mixture-0.0_n-800_p-20,interaction,800,20,0.0,3011,1,aloof,5,16,0.8792,
family-interaction_mixture-0.0_n-800_p-20_seed-3011_perm-1,family-interaction_mixture-0.0_n-800_p-20,interaction,800,20,0.0,3011,1,lookahead,2,4,1.0,
family-interaction_mixture-0.0_n-800_p-20_seed-3011_perm-1,family-interaction_mixture-0.0_n-800_p-20,interaction,800,20,0.0,3011,1,lookahead,5,4,1.0,
family-interaction_mixture-0.0_n-800_p-20_seed-3011_perm-1,family-interaction_mixture-0.0_n-800_p-20,interaction,800,20,0.0,3011,1,relative_bootstrap,2,4,1.0,
family-interaction_mixture-0.0_n-800_p-20_seed-3011_perm-1,family-interaction_mixture-0.0_n-800_p-20,interaction,800,20,0.0,3011,1,weighted_bootstrap,2,4,1.0,
family-interaction_mixture-0.0_n-800_p-20_seed-3011_perm-1,family-interaction_mixture-0.0_n-800_p-20,interaction,800,20,0.0,3011,1,relative_random_bootstrap,2,4,1.0,
family-interaction_mixture-0.0_n-800_p-20_seed-3011_perm-1,family-interaction_mixture-0.0_n-800_p-20,interaction,800,20,0.0,3011,1,relative_bootstrap,5,4,1.0,
family-interaction_mixture-0.0_n-800_p-20_seed-3011_perm-1,family-interaction_mixture-0.0_n-800_p-20,interaction,800,20,0.0,3011,1,weighted_bootstrap,5,4,1.0,
family-interaction_mixture-0.0_n-800_p-20_seed-3011_perm-1,family-interaction_mixture-0.0_n-800_p-20,interaction,800,20,0.0,3011,1,relative_random_bootstrap,5,4,1.0,
family-interaction_mixture-0.0_n-800_p-20_seed-3011_perm-2,family-interaction_mixture-0.0_n-800_p-20,interaction,800,20,0.0,3011,2,cart_strong,2,4,0.4969,
family-interaction_mixture-0.0_n-800_p-20_seed-3011_perm-2,family-interaction_mixture-0.0_n-800_p-20,interaction,800,20,0.0,3011,2,cart_strong,5,9,0.8763,
family-interaction_mixture-0.0_n-800_p-20_seed-3011_perm-2,family-interaction_mixture-0.0_n-800_p-20,interaction,800,20,0.0,3011,2,cart_strong,10,45,0.9533,
family-interaction_mixture-0.0_n-800_p-20_seed-3011_perm-2,family-interaction_mixture-0.0_n-800_p-20,interaction,800,20,0.0,3011,2,aloof,2,4,0.4969,
family-interaction_mixture-0.0_n-800_p-20_seed-3011_perm-2,family-interaction_mixture-0.0_n-800_p-20,interaction,800,20,0.0,3011,2,aloof,5,16,0.8792,
family-interaction_mixture-0.0_n-800_p-20_seed-3011_perm-2,family-interaction_mixture-0.0_n-800_p-20,interaction,800,20,0.0,3011,2,lookahead,2,4,1.0,
family-interaction_mixture-0.0_n-800_p-20_seed-3011_perm-2,family-interaction_mixture-0.0_n-800_p-20,interaction,800,20,0.0,3011,2,lookahead,5,4,1.0,
family-interaction_mixture-0.0_n-800_p-20_seed-3011_perm-2,family-interaction_mixture-0.0_n-800_p-20,interaction,800,20,0.0,3011,2,relative_bootstrap,2,4,1.0,
family-interaction_mixture-0.0_n-800_p-20_seed-3011_perm-2,family-interaction_mixture-0.0_n-800_p-20,interaction,800,20,0.0,3011,2,weighted_bootstrap,2,4,1.0,
family-interaction_mixture-0.0_n-800_p-20_seed-3011_perm-2,family-interaction_mixture-0.0_n-800_p-20,interaction,800,20,0.0,3011,2,relative_random_bootstrap,2,4,1.0,
family-interaction_mixture-0.0_n-800_p-20_seed-3011_perm-2,family-interaction_mixture-0.0_n-800_p-20,interaction,800,20,0.0,3011,2,relative_bootstrap,5,4,1.0,
family-interaction_mixture-0.0_n-800_p-20_seed-3011_perm-2,family-interaction_mixture-0.0_n-800_p-20,interaction,800,20,0.0,3011,2,weighted_bootstrap,5,4,1.0,
family-interaction_mixture-0.0_n-800_p-20_seed-3011_perm-2,family-interaction_mixture-0.0_n-800_p-20,interaction,800,20,0.0,3011,2,relative_random_bootstrap,5,4,1.0,
family-interaction_mixture-0.0_n-800_p-20_seed-3012_perm-0,family-interaction_mixture-0.0_n-800_p-20,interaction,800,20,0.0,3012,0,cart_strong,2,1,0.5002,
family-interaction_mixture-0.0_n-800_p-20_seed-3012_perm-0,family-interaction_mixture-0.0_n-800_p-20,interaction,800,20,0.0,3012,0,cart_strong,5,32,0.5051,
family-interaction_mixture-0.0_n-800_p-20_seed-3012_perm-0,family-interaction_mixture-0.0_n-800_p-20,interaction,800,20,0.0,3012,0,cart_strong,10,241,0.6113,
family-interaction_mixture-0.0_n-800_p-20_seed-3012_perm-0,family-interaction_mixture-0.0_n-800_p-20,interaction,800,20,0.0,3012,0,aloof,2,4,0.4978,
family-interaction_mixture-0.0_n-800_p-20_seed-3012_perm-0,family-interaction_mixture-0.0_n-800_p-20,interaction,800,20,0.0,3012,0,aloof,5,32,0.5051,
family-interaction_mixture-0.0_n-800_p-20_seed-3012_perm-0,family-interaction_mixture-0.0_n-800_p-20,interaction,800,20,0.0,3012,0,lookahead,2,4,1.0,
family-interaction_mixture-0.0_n-800_p-20_seed-3012_perm-0,family-interaction_mixture-0.0_n-800_p-20,interaction,800,20,0.0,3012,0,lookahead,5,4,1.0,
family-interaction_mixture-0.0_n-800_p-20_seed-3012_perm-0,family-interaction_mixture-0.0_n-800_p-20,interaction,800,20,0.0,3012,0,relative_bootstrap,2,4,0.503,
family-interaction_mixture-0.0_n-800_p-20_seed-3012_perm-0,family-interaction_mixture-0.0_n-800_p-20,interaction,800,20,0.0,3012,0,weighted_bootstrap,2,1,0.5002,
family-interaction_mixture-0.0_n-800_p-20_seed-3012_perm-0,family-interaction_mixture-0.0_n-800_p-20,interaction,800,20,0.0,3012,0,relative_random_bootstrap,2,4,0.503,
family-interaction_mixture-0.0_n-800_p-20_seed-3012_perm-0,family-interaction_mixture-0.0_n-800_p-20,interaction,800,20,0.0,3012,0,relative_bootstrap,5,16,1.0,
family-interaction_mixture-0.0_n-800_p-20_seed-3012_perm-0,family-interaction_mixture-0.0_n-800_p-20,interaction,800,20,0.0,3012,0,relative_random_bootstrap,5,22,0.9699,
family-interaction_mixture-0.0_n-800_p-20_seed-3012_perm-0,family-interaction_mixture-0.0_n-800_p-20,interaction,800,20,0.0,3012,0,weighted_bootstrap,5,4,1.0,
family-interaction_mixture-0.0_n-800_p-20_seed-3012_perm-1,family-interaction_mixture-0.0_n-800_p-20,interaction,800,20,0.0,3012,1,cart_strong,2,1,0.5002,
family-interaction_mixture-0.0_n-800_p-20_seed-3012_perm-1,family-interaction_mixture-0.0_n-800_p-20,interaction,800,20,0.0,3012,1,cart_strong,5,32,0.5051,
family-interaction_mixture-0.0_n-800_p-20_seed-3012_perm-1,family-interaction_mixture-0.0_n-800_p-20,interaction,800,20,0.0,3012,1,cart_strong,10,217,0.6064,
family-interaction_mixture-0.0_n-800_p-20_seed-3012_perm-1,family-interaction_mixture-0.0_n-800_p-20,interaction,800,20,0.0,3012,1,aloof,2,4,0.4978,
family-interaction_mixture-0.0_n-800_p-20_seed-3012_perm-1,family-interaction_mixture-0.0_n-800_p-20,interaction,800,20,0.0,3012,1,aloof,5,32,0.5051,
family-interaction_mixture-0.0_n-800_p-20_seed-3012_perm-1,family-interaction_mixture-0.0_n-800_p-20,interaction,800,20,0.0,3012,1,lookahead,2,4,1.0,
family-interaction_mixture-0.0_n-800_p-20_seed-3012_perm-1,family-interaction_mixture-0.0_n-800_p-20,interaction,800,20,0.0,3012,1,lookahead,5,4,1.0,
family-interaction_mixture-0.0_n-800_p-20_seed-3012_perm-1,family-interaction_mixture-0.0_n-800_p-20,interaction,800,20,0.0,3012,1,relative_bootstrap,2,4,0.503,
family-interaction_mixture-0.0_n-800_p-20_seed-3012_perm-1,family-interaction_mixture-0.0_n-800_p-20,interaction,800,20,0.0,3012,1,weighted_bootstrap,2,1,0.5002,
family-interaction_mixture-0.0_n-800_p-20_seed-3012_perm-1,family-interaction_mixture-0.0_n-800_p-20,interaction,800,20,0.0,3012,1,relative_random_bootstrap,2,4,0.503,
family-interaction_mixture-0.0_n-800_p-20_seed-3012_perm-1,family-interaction_mixture-0.0_n-800_p-20,interaction,800,20,0.0,3012,1,relative_bootstrap,5,32,0.5311,
family-interaction_mixture-0.0_n-800_p-20_seed-3012_perm-1,family-interaction_mixture-0.0_n-800_p-20,interaction,800,20,0.0,3012,1,weighted_bootstrap,5,4,1.0,
family-interaction_mixture-0.0_n-800_p-20_seed-3012_perm-1,family-interaction_mixture-0.0_n-800_p-20,interaction,800,20,0.0,3012,1,relative_random_bootstrap,5,4,1.0,
family-interaction_mixture-0.0_n-800_p-20_seed-3012_perm-2,family-interaction_mixture-0.0_n-800_p-20,interaction,800,20,0.0,3012,2,cart_strong,2,1,0.5002,
family-interaction_mixture-0.0_n-800_p-20_seed-3012_perm-2,family-interaction_mixture-0.0_n-800_p-20,interaction,800,20,0.0,3012,2,cart_strong,5,32,0.5051,
family-interaction_mixture-0.0_n-800_p-20_seed-3012_perm-2,family-interaction_mixture-0.0_n-800_p-20,interaction,800,20,0.0,3012,2,cart_strong,10,239,0.6276,
family-interaction_mixture-0.0_n-800_p-20_seed-3012_perm-2,family-interaction_mixture-0.0_n-800_p-20,interaction,800,20,0.0,3012,2,aloof,2,4,0.4978,
family-interaction_mixture-0.0_n-800_p-20_seed-3012_perm-2,family-interaction_mixture-0.0_n-800_p-20,interaction,800,20,0.0,3012,2,aloof,5,32,0.5051,
family-interaction_mixture-0.0_n-800_p-20_seed-3012_perm-2,family-interaction_mixture-0.0_n-800_p-20,interaction,800,20,0.0,3012,2,lookahead,2,4,1.0,
family-interaction_mixture-0.0_n-800_p-20_seed-3012_perm-2,family-interaction_mixture-0.0_n-800_p-20,interaction,800,20,0.0,3012,2,lookahead,5,4,1.0,
family-interaction_mixture-0.0_n-800_p-20_seed-3012_perm-2,family-interaction_mixture-0.0_n-800_p-20,interaction,800,20,0.0,3012,2,relative_bootstrap,2,4,0.503,
family-interaction_mixture-0.0_n-800_p-20_seed-3012_perm-2,family-interaction_mixture-0.0_n-800_p-20,interaction,800,20,0.0,3012,2,weighted_bootstrap,2,1,0.5002,
family-interaction_mixture-0.0_n-800_p-20_seed-3012_perm-2,family-interaction_mixture-0.0_n-800_p-20,interaction,800,20,0.0,3012,2,relative_random_bootstrap,2,4,0.503,
family-interaction_mixture-0.0_n-800_p-20_seed-3012_perm-2,family-interaction_mixture-0.0_n-800_p-20,interaction,800,20,0.0,3012,2,relative_bootstrap,5,4,1.0,
family-interaction_mixture-0.0_n-800_p-20_seed-3012_perm-2,family-interaction_mixture-0.0_n-800_p-20,interaction,800,20,0.0,3012,2,weighted_bootstrap,5,4,1.0,
family-interaction_mixture-0.0_n-800_p-20_seed-3012_perm-2,family-interaction_mixture-0.0_n-800_p-20,interaction,800,20,0.0,3012,2,relative_random_bootstrap,5,4,1.0,
family-interaction_mixture-0.0_n-800_p-20_seed-3013_perm-0,family-interaction_mixture-0.0_n-800_p-20,interaction,800,20,0.0,3013,0,cart_strong,2,1,0.5058,
family-interaction_mixture-0.0_n-800_p-20_seed-3013_perm-0,family-interaction_mixture-0.0_n-800_p-20,interaction,800,20,0.0,3013,0,cart_strong,5,15,0.751,
family-interaction_mixture-0.0_n-800_p-20_seed-3013_perm-0,family-interaction_mixture-0.0_n-800_p-20,interaction,800,20,0.0,3013,0,cart_strong,10,128,0.8214,
family-interaction_mixture-0.0_n-800_p-20_seed-3013_perm-0,family-interaction_mixture-0.0_n-800_p-20,interaction,800,20,0.0,3013,0,aloof,2,4,0.5065,
family-interaction_mixture-0.0_n-800_p-20_seed-3013_perm-0,family-interaction_mixture-0.0_n-800_p-20,interaction,800,20,0.0,3013,0,aloof,5,20,0.6862,
family-interaction_mixture-0.0_n-800_p-20_seed-3013_perm-0,family-interaction_mixture-0.0_n-800_p-20,interaction,800,20,0.0,3013,0,lookahead,2,4,1.0,
family-interaction_mixture-0.0_n-800_p-20_seed-3013_perm-0,family-interaction_mixture-0.0_n-800_p-20,interaction,800,20,0.0,3013,0,lookahead,5,4,1.0,
family-interaction_mixture-0.0_n-800_p-20_seed-3013_perm-0,family-interaction_mixture-0.0_n-800_p-20,interaction,800,20,0.0,3013,0,relative_bootstrap,2,4,0.508,
family-interaction_mixture-0.0_n-800_p-20_seed-3013_perm-0,family-interaction_mixture-0.0_n-800_p-20,interaction,800,20,0.0,3013,0,weighted_bootstrap,2,4,0.508,
family-interaction_mixture-0.0_n-800_p-20_seed-3013_perm-0,family-interaction_mixture-0.0_n-800_p-20,interaction,800,20,0.0,3013,0,relative_random_bootstrap,2,4,0.508,
family-interaction_mixture-0.0_n-800_p-20_seed-3013_perm-0,family-interaction_mixture-0.0_n-800_p-20,interaction,800,20,0.0,3013,0,relative_bootstrap,5,4,1.0,
family-interaction_mixture-0.0_n-800_p-20_seed-3013_perm-0,family-interaction_mixture-0.0_n-800_p-20,interaction,800,20,0.0,3013,0,weighted_bootstrap,5,4,1.0,
family-interaction_mixture-0.0_n-800_p-20_seed-3013_perm-0,family-interaction_mixture-0.0_n-800_p-20,interaction,800,20,0.0,3013,0,relative_random_bootstrap,5,4,1.0,
family-interaction_mixture-0.0_n-800_p-20_seed-3013_perm-1,family-interaction_mixture-0.0_n-800_p-20,interaction,800,20,0.0,3013,1,cart_strong,2,1,0.5058,
family-interaction_mixture-0.0_n-800_p-20_seed-3013_perm-1,family-interaction_mixture-0.0_n-800_p-20,interaction,800,20,0.0,3013,1,cart_strong,5,15,0.751,
family-interaction_mixture-0.0_n-800_p-20_seed-3013_perm-1,family-interaction_mixture-0.0_n-800_p-20,interaction,800,20,0.0,3013,1,cart_strong,10,131,0.8231,
family-interaction_mixture-0.0_n-800_p-20_seed-3013_perm-1,family-interaction_mixture-0.0_n-800_p-20,interaction,800,20,0.0,3013,1,aloof,2,4,0.5065,
family-interaction_mixture-0.0_n-800_p-20_seed-3013_perm-1,family-interaction_mixture-0.0_n-800_p-20,interaction,800,20,0.0,3013,1,aloof,5,20,0.6862,
family-interaction_mixture-0.0_n-800_p-20_seed-3013_perm-1,family-interaction_mixture-0.0_n-800_p-20,interaction,800,20,0.0,3013,1,lookahead,2,4,1.0,
family-interaction_mixture-0.0_n-800_p-20_seed-3013_perm-1,family-interaction_mixture-0.0_n-800_p-20,interaction,800,20,0.0,3013,1,lookahead,5,4,1.0,
family-interaction_mixture-0.0_n-800_p-20_seed-3013_perm-1,family-interaction_mixture-0.0_n-800_p-20,interaction,800,20,0.0,3013,1,relative_bootstrap,2,4,0.508,
family-interaction_mixture-0.0_n-800_p-20_seed-3013_perm-1,family-interaction_mixture-0.0_n-800_p-20,interaction,800,20,0.0,3013,1,weighted_bootstrap,2,4,0.508,
family-interaction_mixture-0.0_n-800_p-20_seed-3013_perm-1,family-interaction_mixture-0.0_n-800_p-20,interaction,800,20,0.0,3013,1,relative_random_bootstrap,2,4,0.508,
family-interaction_mixture-0.0_n-800_p-20_seed-3013_perm-1,family-interaction_mixture-0.0_n-800_p-20,interaction,800,20,0.0,3013,1,relative_bootstrap,5,4,1.0,
family-interaction_mixture-0.0_n-800_p-20_seed-3013_perm-1,family-interaction_mixture-0.0_n-800_p-20,interaction,800,20,0.0,3013,1,weighted_bootstrap,5,4,1.0,
family-interaction_mixture-0.0_n-800_p-20_seed-3013_perm-1,family-interaction_mixture-0.0_n-800_p-20,interaction,800,20,0.0,3013,1,relative_random_bootstrap,5,4,1.0,
family-interaction_mixture-0.0_n-800_p-20_seed-3013_perm-2,family-interaction_mixture-0.0_n-800_p-20,interaction,800,20,0.0,3013,2,cart_strong,2,1,0.5058,
family-interaction_mixture-0.0_n-800_p-20_seed-3013_perm-2,family-interaction_mixture-0.0_n-800_p-20,interaction,800,20,0.0,3013,2,cart_strong,5,15,0.751,
family-interaction_mixture-0.0_n-800_p-20_seed-3013_perm-2,family-interaction_mixture-0.0_n-800_p-20,interaction,800,20,0.0,3013,2,cart_strong,10,131,0.8265,
family-interaction_mixture-0.0_n-800_p-20_seed-3013_perm-2,family-interaction_mixture-0.0_n-800_p-20,interaction,800,20,0.0,3013,2,aloof,2,4,0.5065,
family-interaction_mixture-0.0_n-800_p-20_seed-3013_perm-2,family-interaction_mixture-0.0_n-800_p-20,interaction,800,20,0.0,3013,2,aloof,5,20,0.6862,
family-interaction_mixture-0.0_n-800_p-20_seed-3013_perm-2,family-interaction_mixture-0.0_n-800_p-20,interaction,800,20,0.0,3013,2,lookahead,2,4,1.0,
family-interaction_mixture-0.0_n-800_p-20_seed-3013_perm-2,family-interaction_mixture-0.0_n-800_p-20,interaction,800,20,0.0,3013,2,lookahead,5,4,1.0,
family-interaction_mixture-0.0_n-800_p-20_seed-3013_perm-2,family-interaction_mixture-0.0_n-800_p-20,interaction,800,20,0.0,3013,2,relative_bootstrap,2,4,0.508,
family-interaction_mixture-0.0_n-800_p-20_seed-3013_perm-2,family-interaction_mixture-0.0_n-800_p-20,interaction,800,20,0.0,3013,2,weighted_bootstrap,2,4,0.508,
family-interaction_mixture-0.0_n-800_p-20_seed-3013_perm-2,family-interaction_mixture-0.0_n-800_p-20,interaction,800,20,0.0,3013,2,relative_random_bootstrap,2,4,0.508,
family-interaction_mixture-0.0_n-800_p-20_seed-3013_perm-2,family-interaction_mixture-0.0_n-800_p-20,interaction,800,20,0.0,3013,2,relative_bootstrap,5,4,1.0,
family-interaction_mixture-0.0_n-800_p-20_seed-3013_perm-2,family-interaction_mixture-0.0_n-800_p-20,interaction,800,20,0.0,3013,2,weighted_bootstrap,5,4,1.0,
family-interaction_mixture-0.0_n-800_p-20_seed-3013_perm-2,family-interaction_mixture-0.0_n-800_p-20,interaction,800,20,0.0,3013,2,relative_random_bootstrap,5,4,1.0,
family-interaction_mixture-0.0_n-800_p-20_seed-3014_perm-0,family-interaction_mixture-0.0_n-800_p-20,interaction,800,20,0.0,3014,0,cart_strong,2,4,0.4966,
family-interaction_mixture-0.0_n-800_p-20_seed-3014_perm-0,family-interaction_mixture-0.0_n-800_p-20,interaction,800,20,0.0,3014,0,cart_strong,5,13,0.682,
family-interaction_mixture-0.0_n-800_p-20_seed-3014_perm-0,family-interaction_mixture-0.0_n-800_p-20,interaction,800,20,0.0,3014,0,cart_strong,10,173,0.7493,
family-interaction_mixture-0.0_n-800_p-20_seed-3014_perm-0,family-interaction_mixture-0.0_n-800_p-20,interaction,800,20,0.0,3014,0,aloof,2,4,0.4966,
family-interaction_mixture-0.0_n-800_p-20_seed-3014_perm-0,family-interaction_mixture-0.0_n-800_p-20,interaction,800,20,0.0,3014,0,aloof,5,24,0.6234,
family-interaction_mixture-0.0_n-800_p-20_seed-3014_perm-0,family-interaction_mixture-0.0_n-800_p-20,interaction,800,20,0.0,3014,0,lookahead,2,4,1.0,
family-interaction_mixture-0.0_n-800_p-20_seed-3014_perm-0,family-interaction_mixture-0.0_n-800_p-20,interaction,800,20,0.0,3014,0,lookahead,5,4,1.0,
family-interaction_mixture-0.0_n-800_p-20_seed-3014_perm-0,family-interaction_mixture-0.0_n-800_p-20,interaction,800,20,0.0,3014,0,relative_bootstrap,2,4,0.493,
family-interaction_mixture-0.0_n-800_p-20_seed-3014_perm-0,family-interaction_mixture-0.0_n-800_p-20,interaction,800,20,0.0,3014,0,weighted_bootstrap,2,4,0.4966,
family-interaction_mixture-0.0_n-800_p-20_seed-3014_perm-0,family-interaction_mixture-0.0_n-800_p-20,interaction,800,20,0.0,3014,0,relative_random_bootstrap,2,4,0.493,
family-interaction_mixture-0.0_n-800_p-20_seed-3014_perm-0,family-interaction_mixture-0.0_n-800_p-20,interaction,800,20,0.0,3014,0,relative_bootstrap,5,4,1.0,
family-interaction_mixture-0.0_n-800_p-20_seed-3014_perm-0,family-interaction_mixture-0.0_n-800_p-20,interaction,800,20,0.0,3014,0,weighted_bootstrap,5,4,1.0,
family-interaction_mixture-0.0_n-800_p-20_seed-3014_perm-0,family-interaction_mixture-0.0_n-800_p-20,interaction,800,20,0.0,3014,0,relative_random_bootstrap,5,4,1.0,
family-interaction_mixture-0.0_n-800_p-20_seed-3014_perm-1,family-interaction_mixture-0.0_n-800_p-20,interaction,800,20,0.0,3014,1,cart_strong,2,4,0.4966,
family-interaction_mixture-0.0_n-800_p-20_seed-3014_perm-1,family-interaction_mixture-0.0_n-800_p-20,interaction,800,20,0.0,3014,1,cart_strong,5,13,0.682,
family-interaction_mixture-0.0_n-800_p-20_seed-3014_perm-1,family-interaction_mixture-0.0_n-800_p-20,interaction,800,20,0.0,3014,1,cart_strong,10,163,0.7571,
family-interaction_mixture-0.0_n-800_p-20_seed-3014_perm-1,family-interaction_mixture-0.0_n-800_p-20,interaction,800,20,0.0,3014,1,aloof,2,4,0.4966,
family-interaction_mixture-0.0_n-800_p-20_seed-3014_perm-1,family-interaction_mixture-0.0_n-800_p-20,interaction,800,20,0.0,3014,1,aloof,5,24,0.6234,
family-interaction_mixture-0.0_n-800_p-20_seed-3014_perm-1,family-interaction_mixture-0.0_n-800_p-20,interaction,800,20,0.0,3014,1,lookahead,2,4,1.0,
family-interaction_mixture-0.0_n-800_p-20_seed-3014_perm-1,family-interaction_mixture-0.0_n-800_p-20,interaction,800,20,0.0,3014,1,lookahead,5,4,1.0,
family-interaction_mixture-0.0_n-800_p-20_seed-3014_perm-1,family-interaction_mixture-0.0_n-800_p-20,interaction,800,20,0.0,3014,1,relative_bootstrap,2,4,0.493,
family-interaction_mixture-0.0_n-800_p-20_seed-3014_perm-1,family-interaction_mixture-0.0_n-800_p-20,interaction,800,20,0.0,3014,1,weighted_bootstrap,2,4,0.4966,
family-interaction_mixture-0.0_n-800_p-20_seed-3014_perm-1,family-interaction_mixture-0.0_n-800_p-20,interaction,800,20,0.0,3014,1,relative_random_bootstrap,2,4,0.493,
family-interaction_mixture-0.0_n-800_p-20_seed-3014_perm-1,family-interaction_mixture-0.0_n-800_p-20,interaction,800,20,0.0,3014,1,relative_bootstrap,5,4,1.0,
family-interaction_mixture-0.0_n-800_p-20_seed-3014_perm-1,family-interaction_mixture-0.0_n-800_p-20,interaction,800,20,0.0,3014,1,weighted_bootstrap,5,4,1.0,
family-interaction_mixture-0.0_n-800_p-20_seed-3014_perm-1,family-interaction_mixture-0.0_n-800_p-20,interaction,800,20,0.0,3014,1,relative_random_bootstrap,5,4,1.0,
family-interaction_mixture-0.0_n-800_p-20_seed-3014_perm-2,family-interaction_mixture-0.0_n-800_p-20,interaction,800,20,0.0,3014,2,cart_strong,2,4,0.4966,
family-interaction_mixture-0.0_n-800_p-20_seed-3014_perm-2,family-interaction_mixture-0.0_n-800_p-20,interaction,800,20,0.0,3014,2,cart_strong,5,13,0.682,
family-interaction_mixture-0.0_n-800_p-20_seed-3014_perm-2,family-interaction_mixture-0.0_n-800_p-20,interaction,800,20,0.0,3014,2,cart_strong,10,164,0.7543,
family-interaction_mixture-0.0_n-800_p-20_seed-3014_perm-2,family-interaction_mixture-0.0_n-800_p-20,interaction,800,20,0.0,3014,2,aloof,2,4,0.4966,
family-interaction_mixture-0.0_n-800_p-20_seed-3014_perm-2,family-interaction_mixture-0.0_n-800_p-20,interaction,800,20,0.0,3014,2,aloof,5,24,0.6234,
family-interaction_mixture-0.0_n-800_p-20_seed-3014_perm-2,family-interaction_mixture-0.0_n-800_p-20,interaction,800,20,0.0,3014,2,lookahead,2,4,1.0,
family-interaction_mixture-0.0_n-800_p-20_seed-3014_perm-2,family-interaction_mixture-0.0_n-800_p-20,interaction,800,20,0.0,3014,2,lookahead,5,4,1.0,
family-interaction_mixture-0.0_n-800_p-20_seed-3014_perm-2,family-interaction_mixture-0.0_n-800_p-20,interaction,800,20,0.0,3014,2,relative_bootstrap,2,4,0.493,
family-interaction_mixture-0.0_n-800_p-20_seed-3014_perm-2,family-interaction_mixture-0.0_n-800_p-20,interaction,800,20,0.0,3014,2,weighted_bootstrap,2,4,0.4966,
family-interaction_mixture-0.0_n-800_p-20_seed-3014_perm-2,family-interaction_mixture-0.0_n-800_p-20,interaction,800,20,0.0,3014,2,relative_random_bootstrap,2,4,0.493,
family-interaction_mixture-0.0_n-800_p-20_seed-3014_perm-2,family-interaction_mixture-0.0_n-800_p-20,interaction,800,20,0.0,3014,2,relative_bootstrap,5,4,1.0,
family-interaction_mixture-0.0_n-800_p-20_seed-3014_perm-2,family-interaction_mixture-0.0_n-800_p-20,interaction,800,20,0.0,3014,2,weighted_bootstrap,5,4,1.0,
family-interaction_mixture-0.0_n-800_p-20_seed-3014_perm-2,family-interaction_mixture-0.0_n-800_p-20,interaction,800,20,0.0,3014,2,relative_random_bootstrap,5,4,1.0,
family-interaction_mixture-0.0_n-800_p-20_seed-3015_perm-0,family-interaction_mixture-0.0_n-800_p-20,interaction,800,20,0.0,3015,0,cart_strong,2,4,0.499,
family-interaction_mixture-0.0_n-800_p-20_seed-3015_perm-0,family-interaction_mixture-0.0_n-800_p-20,interaction,800,20,0.0,3015,0,cart_strong,5,7,0.5595,
family-interaction_mixture-0.0_n-800_p-20_seed-3015_perm-0,family-interaction_mixture-0.0_n-800_p-20,interaction,800,20,0.0,3015,0,cart_strong,10,212,0.7102,
family-interaction_mixture-0.0_n-800_p-20_seed-3015_perm-0,family-interaction_mixture-0.0_n-800_p-20,interaction,800,20,0.0,3015,0,aloof,2,4,0.499,
family-interaction_mixture-0.0_n-800_p-20_seed-3015_perm-0,family-interaction_mixture-0.0_n-800_p-20,interaction,800,20,0.0,3015,0,aloof,5,22,0.5574,
family-interaction_mixture-0.0_n-800_p-20_seed-3015_perm-0,family-interaction_mixture-0.0_n-800_p-20,interaction,800,20,0.0,3015,0,lookahead,2,4,1.0,
family-interaction_mixture-0.0_n-800_p-20_seed-3015_perm-0,family-interaction_mixture-0.0_n-800_p-20,interaction,800,20,0.0,3015,0,lookahead,5,4,1.0,
family-interaction_mixture-0.0_n-800_p-20_seed-3015_perm-0,family-interaction_mixture-0.0_n-800_p-20,interaction,800,20,0.0,3015,0,relative_bootstrap,2,4,0.4962,
family-interaction_mixture-0.0_n-800_p-20_seed-3015_perm-0,family-interaction_mixture-0.0_n-800_p-20,interaction,800,20,0.0,3015,0,weighted_bootstrap,2,1,0.4929,
family-interaction_mixture-0.0_n-800_p-20_seed-3015_perm-0,family-interaction_mixture-0.0_n-800_p-20,interaction,800,20,0.0,3015,0,relative_random_bootstrap,2,4,0.4962,
family-interaction_mixture-0.0_n-800_p-20_seed-3015_perm-0,family-interaction_mixture-0.0_n-800_p-20,interaction,800,20,0.0,3015,0,relative_bootstrap,5,31,0.5019,
family-interaction_mixture-0.0_n-800_p-20_seed-3015_perm-0,family-interaction_mixture-0.0_n-800_p-20,interaction,800,20,0.0,3015,0,weighted_bootstrap,5,30,0.5051,
family-interaction_mixture-0.0_n-800_p-20_seed-3015_perm-0,family-interaction_mixture-0.0_n-800_p-20,interaction,800,20,0.0,3015,0,relative_random_bootstrap,5,32,0.5279,
family-interaction_mixture-0.0_n-800_p-20_seed-3015_perm-1,family-interaction_mixture-0.0_n-800_p-20,interaction,800,20,0.0,3015,1,cart_strong,2,4,0.499,
family-interaction_mixture-0.0_n-800_p-20_seed-3015_perm-1,family-interaction_mixture-0.0_n-800_p-20,interaction,800,20,0.0,3015,1,cart_strong,5,7,0.5595,
family-interaction_mixture-0.0_n-800_p-20_seed-3015_perm-1,family-interaction_mixture-0.0_n-800_p-20,interaction,800,20,0.0,3015,1,cart_strong,10,215,0.698,
family-interaction_mixture-0.0_n-800_p-20_seed-3015_perm-1,family-interaction_mixture-0.0_n-800_p-20,interaction,800,20,0.0,3015,1,aloof,2,4,0.499,
family-interaction_mixture-0.0_n-800_p-20_seed-3015_perm-1,family-interaction_mixture-0.0_n-800_p-20,interaction,800,20,0.0,3015,1,aloof,5,22,0.5574,
family-interaction_mixture-0.0_n-800_p-20_seed-3015_perm-1,family-interaction_mixture-0.0_n-800_p-20,interaction,800,20,0.0,3015,1,lookahead,2,4,1.0,
family-interaction_mixture-0.0_n-800_p-20_seed-3015_perm-1,family-interaction_mixture-0.0_n-800_p-20,interaction,800,20,0.0,3015,1,lookahead,5,4,1.0,
family-interaction_mixture-0.0_n-800_p-20_seed-3015_perm-1,family-interaction_mixture-0.0_n-800_p-20,interaction,800,20,0.0,3015,1,relative_bootstrap,2,4,0.4962,
family-interaction_mixture-0.0_n-800_p-20_seed-3015_perm-1,family-interaction_mixture-0.0_n-800_p-20,interaction,800,20,0.0,3015,1,weighted_bootstrap,2,1,0.4929,
family-interaction_mixture-0.0_n-800_p-20_seed-3015_perm-1,family-interaction_mixture-0.0_n-800_p-20,interaction,800,20,0.0,3015,1,relative_random_bootstrap,2,4,0.4962,
family-interaction_mixture-0.0_n-800_p-20_seed-3015_perm-1,family-interaction_mixture-0.0_n-800_p-20,interaction,800,20,0.0,3015,1,relative_bootstrap,5,31,0.4995,
family-interaction_mixture-0.0_n-800_p-20_seed-3015_perm-1,family-interaction_mixture-0.0_n-800_p-20,interaction,800,20,0.0,3015,1,weighted_bootstrap,5,32,0.4937,
family-interaction_mixture-0.0_n-800_p-20_seed-3015_perm-1,family-interaction_mixture-0.0_n-800_p-20,interaction,800,20,0.0,3015,1,relative_random_bootstrap,5,32,0.4969,
family-interaction_mixture-0.0_n-800_p-20_seed-3015_perm-2,family-interaction_mixture-0.0_n-800_p-20,interaction,800,20,0.0,3015,2,cart_strong,2,4,0.499,
family-interaction_mixture-0.0_n-800_p-20_seed-3015_perm-2,family-interaction_mixture-0.0_n-800_p-20,interaction,800,20,0.0,3015,2,cart_strong,5,7,0.5595,
family-interaction_mixture-0.0_n-800_p-20_seed-3015_perm-2,family-interaction_mixture-0.0_n-800_p-20,interaction,800,20,0.0,3015,2,cart_strong,10,214,0.7043,
family-interaction_mixture-0.0_n-800_p-20_seed-3015_perm-2,family-interaction_mixture-0.0_n-800_p-20,interaction,800,20,0.0,3015,2,aloof,2,4,0.499,
family-interaction_mixture-0.0_n-800_p-20_seed-3015_perm-2,family-interaction_mixture-0.0_n-800_p-20,interaction,800,20,0.0,3015,2,aloof,5,22,0.5574,
family-interaction_mixture-0.0_n-800_p-20_seed-3015_perm-2,family-interaction_mixture-0.0_n-800_p-20,interaction,800,20,0.0,3015,2,lookahead,2,4,1.0,
family-interaction_mixture-0.0_n-800_p-20_seed-3015_perm-2,family-interaction_mixture-0.0_n-800_p-20,interaction,800,20,0.0,3015,2,lookahead,5,4,1.0,
family-interaction_mixture-0.0_n-800_p-20_seed-3015_perm-2,family-interaction_mixture-0.0_n-800_p-20,interaction,800,20,0.0,3015,2,relative_bootstrap,2,4,0.4962,
family-interaction_mixture-0.0_n-800_p-20_seed-3015_perm-2,family-interaction_mixture-0.0_n-800_p-20,interaction,800,20,0.0,3015,2,weighted_bootstrap,2,1,0.4929,
family-interaction_mixture-0.0_n-800_p-20_seed-3015_perm-2,family-interaction_mixture-0.0_n-800_p-20,interaction,800,20,0.0,3015,2,relative_random_bootstrap,2,4,0.4962,
family-interaction_mixture-0.0_n-800_p-20_seed-3015_perm-2,family-interaction_mixture-0.0_n-800_p-20,interaction,800,20,0.0,3015,2,weighted_bootstrap,5,31,0.5602,
family-interaction_mixture-0.0_n-800_p-20_seed-3015_perm-2,family-interaction_mixture-0.0_n-800_p-20,interaction,800,20,0.0,3015,2,relative_bootstrap,5,32,0.4859,
family-interaction_mixture-0.0_n-800_p-20_seed-3015_perm-2,family-interaction_mixture-0.0_n-800_p-20,interaction,800,20,0.0,3015,2,relative_random_bootstrap,5,32,0.4859,
family-interaction_mixture-0.0_n-800_p-20_seed-3016_perm-0,family-interaction_mixture-0.0_n-800_p-20,interaction,800,20,0.0,3016,0,cart_strong,2,1,0.4955,
family-interaction_mixture-0.0_n-800_p-20_seed-3016_perm-0,family-interaction_mixture-0.0_n-800_p-20,interaction,800,20,0.0,3016,0,cart_strong,5,16,0.6841,
family-interaction_mixture-0.0_n-800_p-20_seed-3016_perm-0,family-interaction_mixture-0.0_n-800_p-20,interaction,800,20,0.0,3016,0,cart_strong,10,172,0.7975,
family-interaction_mixture-0.0_n-800_p-20_seed-3016_perm-0,family-interaction_mixture-0.0_n-800_p-20,interaction,800,20,0.0,3016,0,aloof,2,4,0.4983,
family-interaction_mixture-0.0_n-800_p-20_seed-3016_perm-0,family-interaction_mixture-0.0_n-800_p-20,interaction,800,20,0.0,3016,0,aloof,5,23,0.5662,
family-interaction_mixture-0.0_n-800_p-20_seed-3016_perm-0,family-interaction_mixture-0.0_n-800_p-20,interaction,800,20,0.0,3016,0,lookahead,2,4,1.0,
family-interaction_mixture-0.0_n-800_p-20_seed-3016_perm-0,family-interaction_mixture-0.0_n-800_p-20,interaction,800,20,0.0,3016,0,lookahead,5,4,1.0,
family-interaction_mixture-0.0_n-800_p-20_seed-3016_perm-0,family-interaction_mixture-0.0_n-800_p-20,interaction,800,20,0.0,3016,0,relative_bootstrap,2,4,0.4983,
family-interaction_mixture-0.0_n-800_p-20_seed-3016_perm-0,family-interaction_mixture-0.0_n-800_p-20,interaction,800,20,0.0,3016,0,weighted_bootstrap,2,2,0.4895,
family-interaction_mixture-0.0_n-800_p-20_seed-3016_perm-0,family-interaction_mixture-0.0_n-800_p-20,interaction,800,20,0.0,3016,0,relative_random_bootstrap,2,4,0.4983,
family-interaction_mixture-0.0_n-800_p-20_seed-3016_perm-0,family-interaction_mixture-0.0_n-800_p-20,interaction,800,20,0.0,3016,0,relative_bootstrap,5,16,1.0,
family-interaction_mixture-0.0_n-800_p-20_seed-3016_perm-0,family-interaction_mixture-0.0_n-800_p-20,interaction,800,20,0.0,3016,0,weighted_bootstrap,5,4,1.0,
family-interaction_mixture-0.0_n-800_p-20_seed-3016_perm-0,family-interaction_mixture-0.0_n-800_p-20,interaction,800,20,0.0,3016,0,relative_random_bootstrap,5,8,1.0,
family-interaction_mixture-0.0_n-800_p-20_seed-3016_perm-1,family-interaction_mixture-0.0_n-800_p-20,interaction,800,20,0.0,3016,1,cart_strong,2,1,0.4955,
family-interaction_mixture-0.0_n-800_p-20_seed-3016_perm-1,family-interaction_mixture-0.0_n-800_p-20,interaction,800,20,0.0,3016,1,cart_strong,5,16,0.6841,
family-interaction_mixture-0.0_n-800_p-20_seed-3016_perm-1,family-interaction_mixture-0.0_n-800_p-20,interaction,800,20,0.0,3016,1,cart_strong,10,175,0.8038,
family-interaction_mixture-0.0_n-800_p-20_seed-3016_perm-1,family-interaction_mixture-0.0_n-800_p-20,interaction,800,20,0.0,3016,1,aloof,2,4,0.4983,
family-interaction_mixture-0.0_n-800_p-20_seed-3016_perm-1,family-interaction_mixture-0.0_n-800_p-20,interaction,800,20,0.0,3016,1,aloof,5,23,0.5662,
family-interaction_mixture-0.0_n-800_p-20_seed-3016_perm-1,family-interaction_mixture-0.0_n-800_p-20,interaction,800,20,0.0,3016,1,lookahead,2,4,1.0,
family-interaction_mixture-0.0_n-800_p-20_seed-3016_perm-1,family-interaction_mixture-0.0_n-800_p-20,interaction,800,20,0.0,3016,1,lookahead,5,4,1.0,
family-interaction_mixture-0.0_n-800_p-20_seed-3016_perm-1,family-interaction_mixture-0.0_n-800_p-20,interaction,800,20,0.0,3016,1,relative_bootstrap,2,4,0.4983,
family-interaction_mixture-0.0_n-800_p-20_seed-3016_perm-1,family-interaction_mixture-0.0_n-800_p-20,interaction,800,20,0.0,3016,1,weighted_bootstrap,2,2,0.4895,
family-interaction_mixture-0.0_n-800_p-20_seed-3016_perm-1,family-interaction_mixture-0.0_n-800_p-20,interaction,800,20,0.0,3016,1,relative_random_bootstrap,2,4,0.4983,
family-interaction_mixture-0.0_n-800_p-20_seed-3016_perm-1,family-interaction_mixture-0.0_n-800_p-20,interaction,800,20,0.0,3016,1,relative_bootstrap,5,8,1.0,
family-interaction_mixture-0.0_n-800_p-20_seed-3016_perm-1,family-interaction_mixture-0.0_n-800_p-20,interaction,800,20,0.0,3016,1,weighted_bootstrap,5,4,1.0,
family-interaction_mixture-0.0_n-800_p-20_seed-3016_perm-1,family-interaction_mixture-0.0_n-800_p-20,interaction,800,20,0.0,3016,1,relative_random_bootstrap,5,6,1.0,
family-interaction_mixture-0.0_n-800_p-20_seed-3016_perm-2,family-interaction_mixture-0.0_n-800_p-20,interaction,800,20,0.0,3016,2,cart_strong,2,1,0.4955,
family-interaction_mixture-0.0_n-800_p-20_seed-3016_perm-2,family-interaction_mixture-0.0_n-800_p-20,interaction,800,20,0.0,3016,2,cart_strong,5,16,0.6841,
family-interaction_mixture-0.0_n-800_p-20_seed-3016_perm-2,family-interaction_mixture-0.0_n-800_p-20,interaction,800,20,0.0,3016,2,cart_strong,10,148,0.7856,
family-interaction_mixture-0.0_n-800_p-20_seed-3016_perm-2,family-interaction_mixture-0.0_n-800_p-20,interaction,800,20,0.0,3016,2,aloof,2,4,0.4983,
family-interaction_mixture-0.0_n-800_p-20_seed-3016_perm-2,family-interaction_mixture-0.0_n-800_p-20,interaction,800,20,0.0,3016,2,aloof,5,23,0.5662,
family-interaction_mixture-0.0_n-800_p-20_seed-3016_perm-2,family-interaction_mixture-0.0_n-800_p-20,interaction,800,20,0.0,3016,2,lookahead,2,4,1.0,
family-interaction_mixture-0.0_n-800_p-20_seed-3016_perm-2,family-interaction_mixture-0.0_n-800_p-20,interaction,800,20,0.0,3016,2,lookahead,5,4,1.0,
family-interaction_mixture-0.0_n-800_p-20_seed-3016_perm-2,family-interaction_mixture-0.0_n-800_p-20,interaction,800,20,0.0,3016,2,relative_bootstrap,2,4,0.4983,
family-interaction_mixture-0.0_n-800_p-20_seed-3016_perm-2,family-interaction_mixture-0.0_n-800_p-20,interaction,800,20,0.0,3016,2,weighted_bootstrap,2,2,0.4895,
family-interaction_mixture-0.0_n-800_p-20_seed-3016_perm-2,family-interaction_mixture-0.0_n-800_p-20,interaction,800,20,0.0,3016,2,relative_random_bootstrap,2,4,0.4983,
family-interaction_mixture-0.0_n-800_p-20_seed-3016_perm-2,family-interaction_mixture-0.0_n-800_p-20,interaction,800,20,0.0,3016,2,relative_bootstrap,5,8,1.0,
family-interaction_mixture-0.0_n-800_p-20_seed-3016_perm-2,family-interaction_mixture-0.0_n-800_p-20,interaction,800,20,0.0,3016,2,weighted_bootstrap,5,8,1.0,
family-interaction_mixture-0.0_n-800_p-20_seed-3016_perm-2,family-interaction_mixture-0.0_n-800_p-20,interaction,800,20,0.0,3016,2,relative_random_bootstrap,5,12,1.0,
family-interaction_mixture-0.0_n-800_p-20_seed-3017_perm-0,family-interaction_mixture-0.0_n-800_p-20,interaction,800,20,0.0,3017,0,cart_strong,2,1,0.4994,
family-interaction_mixture-0.0_n-800_p-20_seed-3017_perm-0,family-interaction_mixture-0.0_n-800_p-20,interaction,800,20,0.0,3017,0,cart_strong,5,20,0.7513,
family-interaction_mixture-0.0_n-800_p-20_seed-3017_perm-0,family-interaction_mixture-0.0_n-800_p-20,interaction,800,20,0.0,3017,0,cart_strong,10,125,0.8292,
family-interaction_mixture-0.0_n-800_p-20_seed-3017_perm-0,family-interaction_mixture-0.0_n-800_p-20,interaction,800,20,0.0,3017,0,aloof,2,4,0.4929,
family-interaction_mixture-0.0_n-800_p-20_seed-3017_perm-0,family-interaction_mixture-0.0_n-800_p-20,interaction,800,20,0.0,3017,0,aloof,5,20,0.7513,
family-interaction_mixture-0.0_n-800_p-20_seed-3017_perm-0,family-interaction_mixture-0.0_n-800_p-20,interaction,800,20,0.0,3017,0,lookahead,2,4,1.0,
family-interaction_mixture-0.0_n-800_p-20_seed-3017_perm-0,family-interaction_mixture-0.0_n-800_p-20,interaction,800,20,0.0,3017,0,lookahead,5,4,1.0,
family-interaction_mixture-0.0_n-800_p-20_seed-3017_perm-0,family-interaction_mixture-0.0_n-800_p-20,interaction,800,20,0.0,3017,0,relative_bootstrap,2,4,0.4987,
family-interaction_mixture-0.0_n-800_p-20_seed-3017_perm-0,family-interaction_mixture-0.0_n-800_p-20,interaction,800,20,0.0,3017,0,weighted_bootstrap,2,4,0.4987,
family-interaction_mixture-0.0_n-800_p-20_seed-3017_perm-0,family-interaction_mixture-0.0_n-800_p-20,interaction,800,20,0.0,3017,0,relative_random_bootstrap,2,4,0.4987,
family-interaction_mixture-0.0_n-800_p-20_seed-3017_perm-0,family-interaction_mixture-0.0_n-800_p-20,interaction,800,20,0.0,3017,0,relative_bootstrap,5,8,1.0,
family-interaction_mixture-0.0_n-800_p-20_seed-3017_perm-0,family-interaction_mixture-0.0_n-800_p-20,interaction,800,20,0.0,3017,0,weighted_bootstrap,5,16,1.0,
family-interaction_mixture-0.0_n-800_p-20_seed-3017_perm-0,family-interaction_mixture-0.0_n-800_p-20,interaction,800,20,0.0,3017,0,relative_random_bootstrap,5,26,1.0,
family-interaction_mixture-0.0_n-800_p-20_seed-3017_perm-1,family-interaction_mixture-0.0_n-800_p-20,interaction,800,20,0.0,3017,1,cart_strong,2,1,0.4994,
family-interaction_mixture-0.0_n-800_p-20_seed-3017_perm-1,family-interaction_mixture-0.0_n-800_p-20,interaction,800,20,0.0,3017,1,cart_strong,5,20,0.7513,
family-interaction_mixture-0.0_n-800_p-20_seed-3017_perm-1,family-interaction_mixture-0.0_n-800_p-20,interaction,800,20,0.0,3017,1,cart_strong,10,117,0.843,
family-interaction_mixture-0.0_n-800_p-20_seed-3017_perm-1,family-interaction_mixture-0.0_n-800_p-20,interaction,800,20,0.0,3017,1,aloof,2,4,0.4929,
family-interaction_mixture-0.0_n-800_p-20_seed-3017_perm-1,family-interaction_mixture-0.0_n-800_p-20,interaction,800,20,0.0,3017,1,aloof,5,20,0.7513,
family-interaction_mixture-0.0_n-800_p-20_seed-3017_perm-1,family-interaction_mixture-0.0_n-800_p-20,interaction,800,20,0.0,3017,1,lookahead,2,4,1.0,
family-interaction_mixture-0.0_n-800_p-20_seed-3017_perm-1,family-interaction_mixture-0.0_n-800_p-20,interaction,800,20,0.0,3017,1,lookahead,5,4,1.0,
family-interaction_mixture-0.0_n-800_p-20_seed-3017_perm-1,family-interaction_mixture-0.0_n-800_p-20,interaction,800,20,0.0,3017,1,relative_bootstrap,2,4,0.4987,
family-interaction_mixture-0.0_n-800_p-20_seed-3017_perm-1,family-interaction_mixture-0.0_n-800_p-20,interaction,800,20,0.0,3017,1,weighted_bootstrap,2,4,0.4987,
family-interaction_mixture-0.0_n-800_p-20_seed-3017_perm-1,family-interaction_mixture-0.0_n-800_p-20,interaction,800,20,0.0,3017,1,relative_random_bootstrap,2,4,0.4987,
family-interaction_mixture-0.0_n-800_p-20_seed-3017_perm-1,family-interaction_mixture-0.0_n-800_p-20,interaction,800,20,0.0,3017,1,relative_bootstrap,5,4,1.0,
family-interaction_mixture-0.0_n-800_p-20_seed-3017_perm-1,family-interaction_mixture-0.0_n-800_p-20,interaction,800,20,0.0,3017,1,weighted_bootstrap,5,4,1.0,
family-interaction_mixture-0.0_n-800_p-20_seed-3017_perm-1,family-interaction_mixture-0.0_n-800_p-20,interaction,800,20,0.0,3017,1,relative_random_bootstrap,5,6,1.0,
family-interaction_mixture-0.0_n-800_p-20_seed-3017_perm-2,family-interaction_mixture-0.0_n-800_p-20,interaction,800,20,0.0,3017,2,cart_strong,2,1,0.4994,
family-interaction_mixture-0.0_n-800_p-20_seed-3017_perm-2,family-interaction_mixture-0.0_n-800_p-20,interaction,800,20,0.0,3017,2,cart_strong,5,20,0.7513,
family-interaction_mixture-0.0_n-800_p-20_seed-3017_perm-2,family-interaction_mixture-0.0_n-800_p-20,interaction,800,20,0.0,3017,2,cart_strong,10,109,0.8386,
family-interaction_mixture-0.0_n-800_p-20_seed-3017_perm-2,family-interaction_mixture-0.0_n-800_p-20,interaction,800,20,0.0,3017,2,aloof,2,4,0.4929,
family-interaction_mixture-0.0_n-800_p-20_seed-3017_perm-2,family-interaction_mixture-0.0_n-800_p-20,interaction,800,20,0.0,3017,2,aloof,5,20,0.7513,
family-interaction_mixture-0.0_n-800_p-20_seed-3017_perm-2,family-interaction_mixture-0.0_n-800_p-20,interaction,800,20,0.0,3017,2,lookahead,2,4,1.0,
family-interaction_mixture-0.0_n-800_p-20_seed-3017_perm-2,family-interaction_mixture-0.0_n-800_p-20,interaction,800,20,0.0,3017,2,lookahead,5,4,1.0,
family-interaction_mixture-0.0_n-800_p-20_seed-3017_perm-2,family-interaction_mixture-0.0_n-800_p-20,interaction,800,20,0.0,3017,2,relative_bootstrap,2,4,0.4987,
family-interaction_mixture-0.0_n-800_p-20_seed-3017_perm-2,family-interaction_mixture-0.0_n-800_p-20,interaction,800,20,0.0,3017,2,weighted_bootstrap,2,4,0.4987,
family-interaction_mixture-0.0_n-800_p-20_seed-3017_perm-2,family-interaction_mixture-0.0_n-800_p-20,interaction,800,20,0.0,3017,2,relative_random_bootstrap,2,4,0.4987,
family-interaction_mixture-0.0_n-800_p-20_seed-3017_perm-2,family-interaction_mixture-0.0_n-800_p-20,interaction,800,20,0.0,3017,2,relative_bootstrap,5,8,1.0,
family-interaction_mixture-0.0_n-800_p-20_seed-3017_perm-2,family-interaction_mixture-0.0_n-800_p-20,interaction,800,20,0.0,3017,2,weighted_bootstrap,5,8,1.0,
family-interaction_mixture-0.0_n-800_p-20_seed-3017_perm-2,family-interaction_mixture-0.0_n-800_p-20,interaction,800,20,0.0,3017,2,relative_random_bootstrap,5,10,1.0,
family-interaction_mixture-0.0_n-800_p-20_seed-3018_perm-0,family-interaction_mixture-0.0_n-800_p-20,interaction,800,20,0.0,3018,0,cart_strong,2,4,0.4928,
family-interaction_mixture-0.0_n-800_p-20_seed-3018_perm-0,family-interaction_mixture-0.0_n-800_p-20,interaction,800,20,0.0,3018,0,cart_strong,5,1,0.4961,
family-interaction_mixture-0.0_n-800_p-20_seed-3018_perm-0,family-interaction_mixture-0.0_n-800_p-20,interaction,800,20,0.0,3018,0,cart_strong,10,233,0.6636,
family-interaction_mixture-0.0_n-800_p-20_seed-3018_perm-0,family-interaction_mixture-0.0_n-800_p-20,interaction,800,20,0.0,3018,0,aloof,2,4,0.4928,
family-interaction_mixture-0.0_n-800_p-20_seed-3018_perm-0,family-interaction_mixture-0.0_n-800_p-20,interaction,800,20,0.0,3018,0,aloof,5,23,0.5012,
family-interaction_mixture-0.0_n-800_p-20_seed-3018_perm-0,family-interaction_mixture-0.0_n-800_p-20,interaction,800,20,0.0,3018,0,lookahead,2,4,1.0,
family-interaction_mixture-0.0_n-800_p-20_seed-3018_perm-0,family-interaction_mixture-0.0_n-800_p-20,interaction,800,20,0.0,3018,0,lookahead,5,4,1.0,
family-interaction_mixture-0.0_n-800_p-20_seed-3018_perm-0,family-interaction_mixture-0.0_n-800_p-20,interaction,800,20,0.0,3018,0,relative_bootstrap,2,4,0.4984,
family-interaction_mixture-0.0_n-800_p-20_seed-3018_perm-0,family-interaction_mixture-0.0_n-800_p-20,interaction,800,20,0.0,3018,0,weighted_bootstrap,2,4,0.4928,
family-interaction_mixture-0.0_n-800_p-20_seed-3018_perm-0,family-interaction_mixture-0.0_n-800_p-20,interaction,800,20,0.0,3018,0,relative_random_bootstrap,2,4,0.4928,
family-interaction_mixture-0.0_n-800_p-20_seed-3018_perm-0,family-interaction_mixture-0.0_n-800_p-20,interaction,800,20,0.0,3018,0,relative_bootstrap,5,8,1.0,
family-interaction_mixture-0.0_n-800_p-20_seed-3018_perm-0,family-interaction_mixture-0.0_n-800_p-20,interaction,800,20,0.0,3018,0,weighted_bootstrap,5,4,1.0,
family-interaction_mixture-0.0_n-800_p-20_seed-3018_perm-0,family-interaction_mixture-0.0_n-800_p-20,interaction,800,20,0.0,3018,0,relative_random_bootstrap,5,4,1.0,
family-interaction_mixture-0.0_n-800_p-20_seed-3018_perm-1,family-interaction_mixture-0.0_n-800_p-20,interaction,800,20,0.0,3018,1,cart_strong,2,4,0.4928,
family-interaction_mixture-0.0_n-800_p-20_seed-3018_perm-1,family-interaction_mixture-0.0_n-800_p-20,interaction,800,20,0.0,3018,1,cart_strong,5,1,0.4961,
family-interaction_mixture-0.0_n-800_p-20_seed-3018_perm-1,family-interaction_mixture-0.0_n-800_p-20,interaction,800,20,0.0,3018,1,cart_strong,10,230,0.6762,
family-interaction_mixture-0.0_n-800_p-20_seed-3018_perm-1,family-interaction_mixture-0.0_n-800_p-20,interaction,800,20,0.0,3018,1,aloof,2,4,0.4928,
family-interaction_mixture-0.0_n-800_p-20_seed-3018_perm-1,family-interaction_mixture-0.0_n-800_p-20,interaction,800,20,0.0,3018,1,aloof,5,24,0.6269,
family-interaction_mixture-0.0_n-800_p-20_seed-3018_perm-1,family-interaction_mixture-0.0_n-800_p-20,interaction,800,20,0.0,3018,1,lookahead,2,4,1.0,
family-interaction_mixture-0.0_n-800_p-20_seed-3018_perm-1,family-interaction_mixture-0.0_n-800_p-20,interaction,800,20,0.0,3018,1,lookahead,5,4,1.0,
family-interaction_mixture-0.0_n-800_p-20_seed-3018_perm-1,family-interaction_mixture-0.0_n-800_p-20,interaction,800,20,0.0,3018,1,relative_bootstrap,2,4,0.4928,
family-interaction_mixture-0.0_n-800_p-20_seed-3018_perm-1,family-interaction_mixture-0.0_n-800_p-20,interaction,800,20,0.0,3018,1,weighted_bootstrap,2,4,0.4928,
family-interaction_mixture-0.0_n-800_p-20_seed-3018_perm-1,family-interaction_mixture-0.0_n-800_p-20,interaction,800,20,0.0,3018,1,relative_random_bootstrap,2,4,0.4944,
family-interaction_mixture-0.0_n-800_p-20_seed-3018_perm-1,family-interaction_mixture-0.0_n-800_p-20,interaction,800,20,0.0,3018,1,relative_bootstrap,5,4,1.0,
family-interaction_mixture-0.0_n-800_p-20_seed-3018_perm-1,family-interaction_mixture-0.0_n-800_p-20,interaction,800,20,0.0,3018,1,weighted_bootstrap,5,4,1.0,
family-interaction_mixture-0.0_n-800_p-20_seed-3018_perm-1,family-interaction_mixture-0.0_n-800_p-20,interaction,800,20,0.0,3018,1,relative_random_bootstrap,5,4,1.0,
family-interaction_mixture-0.0_n-800_p-20_seed-3018_perm-2,family-interaction_mixture-0.0_n-800_p-20,interaction,800,20,0.0,3018,2,cart_strong,2,4,0.4928,
family-interaction_mixture-0.0_n-800_p-20_seed-3018_perm-2,family-interaction_mixture-0.0_n-800_p-20,interaction,800,20,0.0,3018,2,cart_strong,5,1,0.4961,
family-interaction_mixture-0.0_n-800_p-20_seed-3018_perm-2,family-interaction_mixture-0.0_n-800_p-20,interaction,800,20,0.0,3018,2,cart_strong,10,229,0.6956,
family-interaction_mixture-0.0_n-800_p-20_seed-3018_perm-2,family-interaction_mixture-0.0_n-800_p-20,interaction,800,20,0.0,3018,2,aloof,2,4,0.4928,
family-interaction_mixture-0.0_n-800_p-20_seed-3018_perm-2,family-interaction_mixture-0.0_n-800_p-20,interaction,800,20,0.0,3018,2,aloof,5,23,0.5012,
family-interaction_mixture-0.0_n-800_p-20_seed-3018_perm-2,family-interaction_mixture-0.0_n-800_p-20,interaction,800,20,0.0,3018,2,lookahead,2,4,1.0,
family-interaction_mixture-0.0_n-800_p-20_seed-3018_perm-2,family-interaction_mixture-0.0_n-800_p-20,interaction,800,20,0.0,3018,2,lookahead,5,4,1.0,
family-interaction_mixture-0.0_n-800_p-20_seed-3018_perm-2,family-interaction_mixture-0.0_n-800_p-20,interaction,800,20,0.0,3018,2,relative_bootstrap,2,4,0.4899,
family-interaction_mixture-0.0_n-800_p-20_seed-3018_perm-2,family-interaction_mixture-0.0_n-800_p-20,interaction,800,20,0.0,3018,2,weighted_bootstrap,2,4,0.4928,
family-interaction_mixture-0.0_n-800_p-20_seed-3018_perm-2,family-interaction_mixture-0.0_n-800_p-20,interaction,800,20,0.0,3018,2,relative_random_bootstrap,2,4,0.4928,
family-interaction_mixture-0.0_n-800_p-20_seed-3018_perm-2,family-interaction_mixture-0.0_n-800_p-20,interaction,800,20,0.0,3018,2,relative_bootstrap,5,4,1.0,
family-interaction_mixture-0.0_n-800_p-20_seed-3018_perm-2,family-interaction_mixture-0.0_n-800_p-20,interaction,800,20,0.0,3018,2,weighted_bootstrap,5,4,1.0,
family-interaction_mixture-0.0_n-800_p-20_seed-3018_perm-2,family-interaction_mixture-0.0_n-800_p-20,interaction,800,20,0.0,3018,2,relative_random_bootstrap,5,4,1.0,
family-interaction_mixture-0.0_n-800_p-20_seed-3019_perm-0,family-interaction_mixture-0.0_n-800_p-20,interaction,800,20,0.0,3019,0,cart_strong,2,1,0.5004,
family-interaction_mixture-0.0_n-800_p-20_seed-3019_perm-0,family-interaction_mixture-0.0_n-800_p-20,interaction,800,20,0.0,3019,0,cart_strong,5,24,0.7591,
family-interaction_mixture-0.0_n-800_p-20_seed-3019_perm-0,family-interaction_mixture-0.0_n-800_p-20,interaction,800,20,0.0,3019,0,cart_strong,10,133,0.8433,
family-interaction_mixture-0.0_n-800_p-20_seed-3019_perm-0,family-interaction_mixture-0.0_n-800_p-20,interaction,800,20,0.0,3019,0,aloof,2,4,0.5016,
family-interaction_mixture-0.0_n-800_p-20_seed-3019_perm-0,family-interaction_mixture-0.0_n-800_p-20,interaction,800,20,0.0,3019,0,aloof,5,19,0.6336,
family-interaction_mixture-0.0_n-800_p-20_seed-3019_perm-0,family-interaction_mixture-0.0_n-800_p-20,interaction,800,20,0.0,3019,0,lookahead,2,4,1.0,
family-interaction_mixture-0.0_n-800_p-20_seed-3019_perm-0,family-interaction_mixture-0.0_n-800_p-20,interaction,800,20,0.0,3019,0,lookahead,5,4,1.0,
family-interaction_mixture-0.0_n-800_p-20_seed-3019_perm-0,family-interaction_mixture-0.0_n-800_p-20,interaction,800,20,0.0,3019,0,relative_bootstrap,2,4,0.4996,
family-interaction_mixture-0.0_n-800_p-20_seed-3019_perm-0,family-interaction_mixture-0.0_n-800_p-20,interaction,800,20,0.0,3019,0,weighted_bootstrap,2,4,0.4996,
family-interaction_mixture-0.0_n-800_p-20_seed-3019_perm-0,family-interaction_mixture-0.0_n-800_p-20,interaction,800,20,0.0,3019,0,relative_random_bootstrap,2,4,0.4996,
family-interaction_mixture-0.0_n-800_p-20_seed-3019_perm-0,family-interaction_mixture-0.0_n-800_p-20,interaction,800,20,0.0,3019,0,relative_bootstrap,5,4,1.0,
family-interaction_mixture-0.0_n-800_p-20_seed-3019_perm-0,family-interaction_mixture-0.0_n-800_p-20,interaction,800,20,0.0,3019,0,weighted_bootstrap,5,4,1.0,
family-interaction_mixture-0.0_n-800_p-20_seed-3019_perm-0,family-interaction_mixture-0.0_n-800_p-20,interaction,800,20,0.0,3019,0,relative_random_bootstrap,5,4,1.0,
family-interaction_mixture-0.0_n-800_p-20_seed-3019_perm-1,family-interaction_mixture-0.0_n-800_p-20,interaction,800,20,0.0,3019,1,cart_strong,2,1,0.5004,
family-interaction_mixture-0.0_n-800_p-20_seed-3019_perm-1,family-interaction_mixture-0.0_n-800_p-20,interaction,800,20,0.0,3019,1,cart_strong,5,24,0.7591,
family-interaction_mixture-0.0_n-800_p-20_seed-3019_perm-1,family-interaction_mixture-0.0_n-800_p-20,interaction,800,20,0.0,3019,1,cart_strong,10,132,0.8368,
family-interaction_mixture-0.0_n-800_p-20_seed-3019_perm-1,family-interaction_mixture-0.0_n-800_p-20,interaction,800,20,0.0,3019,1,aloof,2,4,0.5016,
family-interaction_mixture-0.0_n-800_p-20_seed-3019_perm-1,family-interaction_mixture-0.0_n-800_p-20,interaction,800,20,0.0,3019,1,aloof,5,19,0.6336,
family-interaction_mixture-0.0_n-800_p-20_seed-3019_perm-1,family-interaction_mixture-0.0_n-800_p-20,interaction,800,20,0.0,3019,1,lookahead,2,4,1.0,
family-interaction_mixture-0.0_n-800_p-20_seed-3019_perm-1,family-interaction_mixture-0.0_n-800_p-20,interaction,800,20,0.0,3019,1,lookahead,5,4,1.0,
family-interaction_mixture-0.0_n-800_p-20_seed-3019_perm-1,family-interaction_mixture-0.0_n-800_p-20,interaction,800,20,0.0,3019,1,relative_bootstrap,2,4,0.4996,
family-interaction_mixture-0.0_n-800_p-20_seed-3019_perm-1,family-interaction_mixture-0.0_n-800_p-20,interaction,800,20,0.0,3019,1,weighted_bootstrap,2,4,0.4996,
family-interaction_mixture-0.0_n-800_p-20_seed-3019_perm-1,family-interaction_mixture-0.0_n-800_p-20,interaction,800,20,0.0,3019,1,relative_random_bootstrap,2,4,0.4996,
family-interaction_mixture-0.0_n-800_p-20_seed-3019_perm-1,family-interaction_mixture-0.0_n-800_p-20,interaction,800,20,0.0,3019,1,relative_bootstrap,5,4,1.0,
family-interaction_mixture-0.0_n-800_p-20_seed-3019_perm-1,family-interaction_mixture-0.0_n-800_p-20,interaction,800,20,0.0,3019,1,weighted_bootstrap,5,4,1.0,
family-interaction_mixture-0.0_n-800_p-20_seed-3019_perm-1,family-interaction_mixture-0.0_n-800_p-20,interaction,800,20,0.0,3019,1,relative_random_bootstrap,5,4,1.0,
family-interaction_mixture-0.0_n-800_p-20_seed-3019_perm-2,family-interaction_mixture-0.0_n-800_p-20,interaction,800,20,0.0,3019,2,cart_strong,2,1,0.5004,
family-interaction_mixture-0.0_n-800_p-20_seed-3019_perm-2,family-interaction_mixture-0.0_n-800_p-20,interaction,800,20,0.0,3019,2,cart_strong,5,24,0.7591,
family-interaction_mixture-0.0_n-800_p-20_seed-3019_perm-2,family-interaction_mixture-0.0_n-800_p-20,interaction,800,20,0.0,3019,2,cart_strong,10,135,0.8372,
family-interaction_mixture-0.0_n-800_p-20_seed-3019_perm-2,family-interaction_mixture-0.0_n-800_p-20,interaction,800,20,0.0,3019,2,aloof,2,4,0.5016,
family-interaction_mixture-0.0_n-800_p-20_seed-3019_perm-2,family-interaction_mixture-0.0_n-800_p-20,interaction,800,20,0.0,3019,2,aloof,5,19,0.6336,
family-interaction_mixture-0.0_n-800_p-20_seed-3019_perm-2,family-interaction_mixture-0.0_n-800_p-20,interaction,800,20,0.0,3019,2,lookahead,2,4,1.0,
family-interaction_mixture-0.0_n-800_p-20_seed-3019_perm-2,family-interaction_mixture-0.0_n-800_p-20,interaction,800,20,0.0,3019,2,lookahead,5,4,1.0,
family-interaction_mixture-0.0_n-800_p-20_seed-3019_perm-2,family-interaction_mixture-0.0_n-800_p-20,interaction,800,20,0.0,3019,2,relative_bootstrap,2,4,0.4996,
family-interaction_mixture-0.0_n-800_p-20_seed-3019_perm-2,family-interaction_mixture-0.0_n-800_p-20,interaction,800,20,0.0,3019,2,weighted_bootstrap,2,4,0.4996,
family-interaction_mixture-0.0_n-800_p-20_seed-3019_perm-2,family-interaction_mixture-0.0_n-800_p-20,interaction,800,20,0.0,3019,2,relative_random_bootstrap,2,4,0.4996,
family-interaction_mixture-0.0_n-800_p-20_seed-3019_perm-2,family-interaction_mixture-0.0_n-800_p-20,interaction,800,20,0.0,3019,2,relative_bootstrap,5,4,1.0,
family-interaction_mixture-0.0_n-800_p-20_seed-3019_perm-2,family-interaction_mixture-0.0_n-800_p-20,interaction,800,20,0.0,3019,2,weighted_bootstrap,5,4,1.0,
family-interaction_mixture-0.0_n-800_p-20_seed-3019_perm-2,family-interaction_mixture-0.0_n-800_p-20,interaction,800,20,0.0,3019,2,relative_random_bootstrap,5,4,1.0,
family-noise_n-200_noise-0.4_p-20_seed-3000_perm-0,family-noise_n-200_noise-0.4_p-20,noise,200,20,,3000,0,cart_strong,2,4,0.4977,0.4
family-noise_n-200_noise-0.4_p-20_seed-3000_perm-0,family-noise_n-200_noise-0.4_p-20,noise,200,20,,3000,0,cart_strong,5,7,0.5004,0.4
family-noise_n-200_noise-0.4_p-20_seed-3000_perm-0,family-noise_n-200_noise-0.4_p-20,noise,200,20,,3000,0,cart_strong,10,7,0.5004,0.4
family-noise_n-200_noise-0.4_p-20_seed-3000_perm-0,family-noise_n-200_noise-0.4_p-20,noise,200,20,,3000,0,aloof,2,4,0.5006,0.4
family-noise_n-200_noise-0.4_p-20_seed-3000_perm-0,family-noise_n-200_noise-0.4_p-20,noise,200,20,,3000,0,aloof,5,13,0.498,0.4
family-noise_n-200_noise-0.4_p-20_seed-3000_perm-0,family-noise_n-200_noise-0.4_p-20,noise,200,20,,3000,0,relative_bootstrap,2,4,0.4961,0.4
family-noise_n-200_noise-0.4_p-20_seed-3000_perm-0,family-noise_n-200_noise-0.4_p-20,noise,200,20,,3000,0,weighted_bootstrap,2,4,0.4962,0.4
family-noise_n-200_noise-0.4_p-20_seed-3000_perm-0,family-noise_n-200_noise-0.4_p-20,noise,200,20,,3000,0,relative_random_bootstrap,2,4,0.5057,0.4
family-noise_n-200_noise-0.4_p-20_seed-3000_perm-0,family-noise_n-200_noise-0.4_p-20,noise,200,20,,3000,0,relative_random_bootstrap,5,6,0.5287,0.4
family-noise_n-200_noise-0.4_p-20_seed-3000_perm-0,family-noise_n-200_noise-0.4_p-20,noise,200,20,,3000,0,relative_bootstrap,5,18,0.5033,0.4
family-noise_n-200_noise-0.4_p-20_seed-3000_perm-0,family-noise_n-200_noise-0.4_p-20,noise,200,20,,3000,0,weighted_bootstrap,5,17,0.4951,0.4
family-noise_n-200_noise-0.4_p-20_seed-3001_perm-0,family-noise_n-200_noise-0.4_p-20,noise,200,20,,3001,0,cart_strong,2,3,0.487,0.4
family-noise_n-200_noise-0.4_p-20_seed-3001_perm-0,family-noise_n-200_noise-0.4_p-20,noise,200,20,,3001,0,cart_strong,5,7,0.5018,0.4
family-noise_n-200_noise-0.4_p-20_seed-3001_perm-0,family-noise_n-200_noise-0.4_p-20,noise,200,20,,3001,0,cart_strong,10,7,0.5018,0.4
family-noise_n-200_noise-0.4_p-20_seed-3001_perm-0,family-noise_n-200_noise-0.4_p-20,noise,200,20,,3001,0,aloof,2,3,0.5704,0.4
family-noise_n-200_noise-0.4_p-20_seed-3001_perm-0,family-noise_n-200_noise-0.4_p-20,noise,200,20,,3001,0,aloof,5,7,0.5277,0.4
family-noise_n-200_noise-0.4_p-20_seed-3001_perm-0,family-noise_n-200_noise-0.4_p-20,noise,200,20,,3001,0,relative_bootstrap,2,4,0.5438,0.4
family-noise_n-200_noise-0.4_p-20_seed-3001_perm-0,family-noise_n-200_noise-0.4_p-20,noise,200,20,,3001,0,weighted_bootstrap,2,4,0.5438,0.4
family-noise_n-200_noise-0.4_p-20_seed-3001_perm-0,family-noise_n-200_noise-0.4_p-20,noise,200,20,,3001,0,relative_random_bootstrap,2,4,0.5438,0.4
family-noise_n-200_noise-0.4_p-20_seed-3001_perm-0,family-noise_n-200_noise-0.4_p-20,noise,200,20,,3001,0,weighted_bootstrap,5,8,0.5415,0.4
family-noise_n-200_noise-0.4_p-20_seed-3001_perm-0,family-noise_n-200_noise-0.4_p-20,noise,200,20,,3001,0,relative_bootstrap,5,2,0.5856,0.4
family-noise_n-200_noise-0.4_p-20_seed-3001_perm-0,family-noise_n-200_noise-0.4_p-20,noise,200,20,,3001,0,relative_random_bootstrap,5,2,0.5856,0.4
family-noise_n-200_noise-0.4_p-20_seed-3002_perm-0,family-noise_n-200_noise-0.4_p-20,noise,200,20,,3002,0,cart_strong,2,4,0.5206,0.4
family-noise_n-200_noise-0.4_p-20_seed-3002_perm-0,family-noise_n-200_noise-0.4_p-20,noise,200,20,,3002,0,cart_strong,5,6,0.5621,0.4
family-noise_n-200_noise-0.4_p-20_seed-3002_perm-0,family-noise_n-200_noise-0.4_p-20,noise,200,20,,3002,0,cart_strong,10,6,0.5621,0.4
family-noise_n-200_noise-0.4_p-20_seed-3002_perm-0,family-noise_n-200_noise-0.4_p-20,noise,200,20,,3002,0,aloof,2,4,0.5418,0.4
family-noise_n-200_noise-0.4_p-20_seed-3002_perm-0,family-noise_n-200_noise-0.4_p-20,noise,200,20,,3002,0,aloof,5,12,0.5644,0.4
family-noise_n-200_noise-0.4_p-20_seed-3002_perm-0,family-noise_n-200_noise-0.4_p-20,noise,200,20,,3002,0,weighted_bootstrap,2,4,0.5239,0.4
family-noise_n-200_noise-0.4_p-20_seed-3002_perm-0,family-noise_n-200_noise-0.4_p-20,noise,200,20,,3002,0,relative_bootstrap,2,4,0.5961,0.4
family-noise_n-200_noise-0.4_p-20_seed-3002_perm-0,family-noise_n-200_noise-0.4_p-20,noise,200,20,,3002,0,relative_random_bootstrap,2,4,0.5961,0.4
family-noise_n-200_noise-0.4_p-20_seed-3002_perm-0,family-noise_n-200_noise-0.4_p-20,noise,200,20,,3002,0,relative_bootstrap,5,2,0.6056,0.4
family-noise_n-200_noise-0.4_p-20_seed-3002_perm-0,family-noise_n-200_noise-0.4_p-20,noise,200,20,,3002,0,weighted_bootstrap,5,8,0.5343,0.4
family-noise_n-200_noise-0.4_p-20_seed-3002_perm-0,family-noise_n-200_noise-0.4_p-20,noise,200,20,,3002,0,relative_random_bootstrap,5,8,0.5623,0.4
family-noise_n-200_noise-0.4_p-20_seed-3003_perm-0,family-noise_n-200_noise-0.4_p-20,noise,200,20,,3003,0,cart_strong,2,2,0.6013,0.4
family-noise_n-200_noise-0.4_p-20_seed-3003_perm-0,family-noise_n-200_noise-0.4_p-20,noise,200,20,,3003,0,cart_strong,5,18,0.5219,0.4
family-noise_n-200_noise-0.4_p-20_seed-3003_perm-0,family-noise_n-200_noise-0.4_p-20,noise,200,20,,3003,0,cart_strong,10,24,0.5198,0.4
family-noise_n-200_noise-0.4_p-20_seed-3003_perm-0,family-noise_n-200_noise-0.4_p-20,noise,200,20,,3003,0,aloof,2,4,0.5654,0.4
family-noise_n-200_noise-0.4_p-20_seed-3003_perm-0,family-noise_n-200_noise-0.4_p-20,noise,200,20,,3003,0,aloof,5,7,0.4895,0.4
family-noise_n-200_noise-0.4_p-20_seed-3003_perm-0,family-noise_n-200_noise-0.4_p-20,noise,200,20,,3003,0,weighted_bootstrap,2,2,0.6013,0.4
family-noise_n-200_noise-0.4_p-20_seed-3003_perm-0,family-noise_n-200_noise-0.4_p-20,noise,200,20,,3003,0,relative_bootstrap,2,2,0.6013,0.4
family-noise_n-200_noise-0.4_p-20_seed-3003_perm-0,family-noise_n-200_noise-0.4_p-20,noise,200,20,,3003,0,relative_random_bootstrap,2,2,0.6013,0.4
family-noise_n-200_noise-0.4_p-20_seed-3003_perm-0,family-noise_n-200_noise-0.4_p-20,noise,200,20,,3003,0,relative_bootstrap,5,2,0.6013,0.4
family-noise_n-200_noise-0.4_p-20_seed-3003_perm-0,family-noise_n-200_noise-0.4_p-20,noise,200,20,,3003,0,weighted_bootstrap,5,2,0.6013,0.4
family-noise_n-200_noise-0.4_p-20_seed-3003_perm-0,family-noise_n-200_noise-0.4_p-20,noise,200,20,,3003,0,relative_random_bootstrap,5,2,0.6013,0.4
family-noise_n-200_noise-0.4_p-20_seed-3004_perm-0,family-noise_n-200_noise-0.4_p-20,noise,200,20,,3004,0,cart_strong,2,4,0.504,0.4
family-noise_n-200_noise-0.4_p-20_seed-3004_perm-0,family-noise_n-200_noise-0.4_p-20,noise,200,20,,3004,0,cart_strong,5,5,0.5042,0.4
family-noise_n-200_noise-0.4_p-20_seed-3004_perm-0,family-noise_n-200_noise-0.4_p-20,noise,200,20,,3004,0,cart_strong,10,5,0.5042,0.4
family-noise_n-200_noise-0.4_p-20_seed-3004_perm-0,family-noise_n-200_noise-0.4_p-20,noise,200,20,,3004,0,aloof,2,4,0.504,0.4
family-noise_n-200_noise-0.4_p-20_seed-3004_perm-0,family-noise_n-200_noise-0.4_p-20,noise,200,20,,3004,0,aloof,5,15,0.4982,0.4
family-noise_n-200_noise-0.4_p-20_seed-3004_perm-0,family-noise_n-200_noise-0.4_p-20,noise,200,20,,3004,0,weighted_bootstrap,2,3,0.5043,0.4
family-noise_n-200_noise-0.4_p-20_seed-3004_perm-0,family-noise_n-200_noise-0.4_p-20,noise,200,20,,3004,0,relative_bootstrap,2,4,0.5043,0.4
family-noise_n-200_noise-0.4_p-20_seed-3004_perm-0,family-noise_n-200_noise-0.4_p-20,noise,200,20,,3004,0,relative_random_bootstrap,2,4,0.5043,0.4
family-noise_n-200_noise-0.4_p-20_seed-3004_perm-0,family-noise_n-200_noise-0.4_p-20,noise,200,20,,3004,0,weighted_bootstrap,5,1,0.5054,0.4
family-noise_n-200_noise-0.4_p-20_seed-3004_perm-0,family-noise_n-200_noise-0.4_p-20,noise,200,20,,3004,0,relative_bootstrap,5,15,0.4934,0.4
family-noise_n-200_noise-0.4_p-20_seed-3004_perm-0,family-noise_n-200_noise-0.4_p-20,noise,200,20,,3004,0,relative_random_bootstrap,5,17,0.5156,0.4
family-noise_n-200_noise-0.4_p-20_seed-3005_perm-0,family-noise_n-200_noise-0.4_p-20,noise,200,20,,3005,0,cart_strong,2,4,0.5335,0.4
family-noise_n-200_noise-0.4_p-20_seed-3005_perm-0,family-noise_n-200_noise-0.4_p-20,noise,200,20,,3005,0,cart_strong,5,22,0.5332,0.4
family-noise_n-200_noise-0.4_p-20_seed-3005_perm-0,family-noise_n-200_noise-0.4_p-20,noise,200,20,,3005,0,cart_strong,10,22,0.5336,0.4
family-noise_n-200_noise-0.4_p-20_seed-3005_perm-0,family-noise_n-200_noise-0.4_p-20,noise,200,20,,3005,0,aloof,2,4,0.5228,0.4
family-noise_n-200_noise-0.4_p-20_seed-3005_perm-0,family-noise_n-200_noise-0.4_p-20,noise,200,20,,3005,0,aloof,5,8,0.503,0.4
family-noise_n-200_noise-0.4_p-20_seed-3005_perm-0,family-noise_n-200_noise-0.4_p-20,noise,200,20,,3005,0,relative_bootstrap,2,4,0.5971,0.4
family-noise_n-200_noise-0.4_p-20_seed-3005_perm-0,family-noise_n-200_noise-0.4_p-20,noise,200,20,,3005,0,weighted_bootstrap,2,4,0.5805,0.4
family-noise_n-200_noise-0.4_p-20_seed-3005_perm-0,family-noise_n-200_noise-0.4_p-20,noise,200,20,,3005,0,relative_random_bootstrap,2,4,0.5869,0.4
family-noise_n-200_noise-0.4_p-20_seed-3005_perm-0,family-noise_n-200_noise-0.4_p-20,noise,200,20,,3005,0,relative_bootstrap,5,2,0.6005,0.4
family-noise_n-200_noise-0.4_p-20_seed-3005_perm-0,family-noise_n-200_noise-0.4_p-20,noise,200,20,,3005,0,weighted_bootstrap,5,2,0.6005,0.4
family-noise_n-200_noise-0.4_p-20_seed-3005_perm-0,family-noise_n-200_noise-0.4_p-20,noise,200,20,,3005,0,relative_random_bootstrap,5,2,0.6005,0.4
family-noise_n-200_noise-0.4_p-20_seed-3006_perm-0,family-noise_n-200_noise-0.4_p-20,noise,200,20,,3006,0,cart_strong,2,4,0.503,0.4
family-noise_n-200_noise-0.4_p-20_seed-3006_perm-0,family-noise_n-200_noise-0.4_p-20,noise,200,20,,3006,0,cart_strong,5,8,0.5041,0.4
family-noise_n-200_noise-0.4_p-20_seed-3006_perm-0,family-noise_n-200_noise-0.4_p-20,noise,200,20,,3006,0,cart_strong,10,9,0.5019,0.4
family-noise_n-200_noise-0.4_p-20_seed-3006_perm-0,family-noise_n-200_noise-0.4_p-20,noise,200,20,,3006,0,aloof,2,4,0.5037,0.4
family-noise_n-200_noise-0.4_p-20_seed-3006_perm-0,family-noise_n-200_noise-0.4_p-20,noise,200,20,,3006,0,aloof,5,8,0.5344,0.4
family-noise_n-200_noise-0.4_p-20_seed-3006_perm-0,family-noise_n-200_noise-0.4_p-20,noise,200,20,,3006,0,weighted_bootstrap,2,1,0.4989,0.4
family-noise_n-200_noise-0.4_p-20_seed-3006_perm-0,family-noise_n-200_noise-0.4_p-20,noise,200,20,,3006,0,relative_random_bootstrap,2,4,0.5007,0.4
family-noise_n-200_noise-0.4_p-20_seed-3006_perm-0,family-noise_n-200_noise-0.4_p-20,noise,200,20,,3006,0,relative_bootstrap,2,4,0.4976,0.4
family-noise_n-200_noise-0.4_p-20_seed-3006_perm-0,family-noise_n-200_noise-0.4_p-20,noise,200,20,,3006,0,relative_bootstrap,5,12,0.5813,0.4
family-noise_n-200_noise-0.4_p-20_seed-3006_perm-0,family-noise_n-200_noise-0.4_p-20,noise,200,20,,3006,0,weighted_bootstrap,5,2,0.5993,0.4
family-noise_n-200_noise-0.4_p-20_seed-3006_perm-0,family-noise_n-200_noise-0.4_p-20,noise,200,20,,3006,0,relative_random_bootstrap,5,17,0.5198,0.4
family-noise_n-200_noise-0.4_p-20_seed-3007_perm-0,family-noise_n-200_noise-0.4_p-20,noise,200,20,,3007,0,cart_strong,2,4,0.5787,0.4
family-noise_n-200_noise-0.4_p-20_seed-3007_perm-0,family-noise_n-200_noise-0.4_p-20,noise,200,20,,3007,0,cart_strong,5,4,0.562,0.4
family-noise_n-200_noise-0.4_p-20_seed-3007_perm-0,family-noise_n-200_noise-0.4_p-20,noise,200,20,,3007,0,cart_strong,10,4,0.562,0.4
family-noise_n-200_noise-0.4_p-20_seed-3007_perm-0,family-noise_n-200_noise-0.4_p-20,noise,200,20,,3007,0,aloof,2,4,0.5787,0.4
family-noise_n-200_noise-0.4_p-20_seed-3007_perm-0,family-noise_n-200_noise-0.4_p-20,noise,200,20,,3007,0,aloof,5,8,0.562,0.4
family-noise_n-200_noise-0.4_p-20_seed-3007_perm-0,family-noise_n-200_noise-0.4_p-20,noise,200,20,,3007,0,relative_bootstrap,2,4,0.5991,0.4
family-noise_n-200_noise-0.4_p-20_seed-3007_perm-0,family-noise_n-200_noise-0.4_p-20,noise,200,20,,3007,0,weighted_bootstrap,2,4,0.5991,0.4
family-noise_n-200_noise-0.4_p-20_seed-3007_perm-0,family-noise_n-200_noise-0.4_p-20,noise,200,20,,3007,0,relative_random_bootstrap,2,4,0.5792,0.4
family-noise_n-200_noise-0.4_p-20_seed-3007_perm-0,family-noise_n-200_noise-0.4_p-20,noise,200,20,,3007,0,relative_bootstrap,5,2,0.5991,0.4
family-noise_n-200_noise-0.4_p-20_seed-3007_perm-0,family-noise_n-200_noise-0.4_p-20,noise,200,20,,3007,0,weighted_bootstrap,5,2,0.5991,0.4
family-noise_n-200_noise-0.4_p-20_seed-3007_perm-0,family-noise_n-200_noise-0.4_p-20,noise,200,20,,3007,0,relative_random_bootstrap,5,2,0.5991,0.4
family-noise_n-200_noise-0.4_p-20_seed-3008_perm-0,family-noise_n-200_noise-0.4_p-20,noise,200,20,,3008,0,cart_strong,2,4,0.5233,0.4
family-noise_n-200_noise-0.4_p-20_seed-3008_perm-0,family-noise_n-200_noise-0.4_p-20,noise,200,20,,3008,0,cart_strong,5,7,0.5437,0.4
family-noise_n-200_noise-0.4_p-20_seed-3008_perm-0,family-noise_n-200_noise-0.4_p-20,noise,200,20,,3008,0,cart_strong,10,7,0.5437,0.4
family-noise_n-200_noise-0.4_p-20_seed-3008_perm-0,family-noise_n-200_noise-0.4_p-20,noise,200,20,,3008,0,aloof,2,4,0.5233,0.4
family-noise_n-200_noise-0.4_p-20_seed-3008_perm-0,family-noise_n-200_noise-0.4_p-20,noise,200,20,,3008,0,aloof,5,7,0.5437,0.4
family-noise_n-200_noise-0.4_p-20_seed-3008_perm-0,family-noise_n-200_noise-0.4_p-20,noise,200,20,,3008,0,relative_bootstrap,2,4,0.5431,0.4
family-noise_n-200_noise-0.4_p-20_seed-3008_perm-0,family-noise_n-200_noise-0.4_p-20,noise,200,20,,3008,0,relative_random_bootstrap,2,4,0.5431,0.4
family-noise_n-200_noise-0.4_p-20_seed-3008_perm-0,family-noise_n-200_noise-0.4_p-20,noise,200,20,,3008,0,weighted_bootstrap,2,4,0.5431,0.4
family-noise_n-200_noise-0.4_p-20_seed-3008_perm-0,family-noise_n-200_noise-0.4_p-20,noise,200,20,,3008,0,relative_bootstrap,5,2,0.6088,0.4
family-noise_n-200_noise-0.4_p-20_seed-3008_perm-0,family-noise_n-200_noise-0.4_p-20,noise,200,20,,3008,0,weighted_bootstrap,5,1,0.5043,0.4
family-noise_n-200_noise-0.4_p-20_seed-3008_perm-0,family-noise_n-200_noise-0.4_p-20,noise,200,20,,3008,0,relative_random_bootstrap,5,7,0.5406,0.4
family-noise_n-200_noise-0.4_p-20_seed-3009_perm-0,family-noise_n-200_noise-0.4_p-20,noise,200,20,,3009,0,cart_strong,2,4,0.5027,0.4
family-noise_n-200_noise-0.4_p-20_seed-3009_perm-0,family-noise_n-200_noise-0.4_p-20,noise,200,20,,3009,0,cart_strong,5,8,0.5044,0.4
family-noise_n-200_noise-0.4_p-20_seed-3009_perm-0,family-noise_n-200_noise-0.4_p-20,noise,200,20,,3009,0,cart_strong,10,8,0.5044,0.4
family-noise_n-200_noise-0.4_p-20_seed-3009_perm-0,family-noise_n-200_noise-0.4_p-20,noise,200,20,,3009,0,aloof,2,3,0.504,0.4
family-noise_n-200_noise-0.4_p-20_seed-3009_perm-0,family-noise_n-200_noise-0.4_p-20,noise,200,20,,3009,0,aloof,5,8,0.5044,0.4
family-noise_n-200_noise-0.4_p-20_seed-3009_perm-0,family-noise_n-200_noise-0.4_p-20,noise,200,20,,3009,0,relative_bootstrap,2,3,0.504,0.4
family-noise_n-200_noise-0.4_p-20_seed-3009_perm-0,family-noise_n-200_noise-0.4_p-20,noise,200,20,,3009,0,weighted_bootstrap,2,3,0.504,0.4
family-noise_n-200_noise-0.4_p-20_seed-3009_perm-0,family-noise_n-200_noise-0.4_p-20,noise,200,20,,3009,0,relative_random_bootstrap,2,3,0.504,0.4
family-noise_n-200_noise-0.4_p-20_seed-3009_perm-0,family-noise_n-200_noise-0.4_p-20,noise,200,20,,3009,0,relative_bootstrap,5,7,0.496,0.4
family-noise_n-200_noise-0.4_p-20_seed-3009_perm-0,family-noise_n-200_noise-0.4_p-20,noise,200,20,,3009,0,weighted_bootstrap,5,1,0.4966,0.4
family-noise_n-200_noise-0.4_p-20_seed-3009_perm-0,family-noise_n-200_noise-0.4_p-20,noise,200,20,,3009,0,relative_random_bootstrap,5,7,0.497,0.4
family-noise_n-200_noise-0.4_p-20_seed-3010_perm-0,family-noise_n-200_noise-0.4_p-20,noise,200,20,,3010,0,cart_strong,2,4,0.5046,0.4
family-noise_n-200_noise-0.4_p-20_seed-3010_perm-0,family-noise_n-200_noise-0.4_p-20,noise,200,20,,3010,0,cart_strong,5,4,0.4992,0.4
family-noise_n-200_noise-0.4_p-20_seed-3010_perm-0,family-noise_n-200_noise-0.4_p-20,noise,200,20,,3010,0,cart_strong,10,27,0.4915,0.4
family-noise_n-200_noise-0.4_p-20_seed-3010_perm-0,family-noise_n-200_noise-0.4_p-20,noise,200,20,,3010,0,aloof,2,4,0.5683,0.4
family-noise_n-200_noise-0.4_p-20_seed-3010_perm-0,family-noise_n-200_noise-0.4_p-20,noise,200,20,,3010,0,aloof,5,16,0.5553,0.4
family-noise_n-200_noise-0.4_p-20_seed-3010_perm-0,family-noise_n-200_noise-0.4_p-20,noise,200,20,,3010,0,relative_bootstrap,2,4,0.5719,0.4
family-noise_n-200_noise-0.4_p-20_seed-3010_perm-0,family-noise_n-200_noise-0.4_p-20,noise,200,20,,3010,0,weighted_bootstrap,2,1,0.5001,0.4
family-noise_n-200_noise-0.4_p-20_seed-3010_perm-0,family-noise_n-200_noise-0.4_p-20,noise,200,20,,3010,0,relative_random_bootstrap,2,4,0.6012,0.4
family-noise_n-200_noise-0.4_p-20_seed-3010_perm-0,family-noise_n-200_noise-0.4_p-20,noise,200,20,,3010,0,relative_bootstrap,5,8,0.5727,0.4
family-noise_n-200_noise-0.4_p-20_seed-3010_perm-0,family-noise_n-200_noise-0.4_p-20,noise,200,20,,3010,0,weighted_bootstrap,5,2,0.6012,0.4
family-noise_n-200_noise-0.4_p-20_seed-3010_perm-0,family-noise_n-200_noise-0.4_p-20,noise,200,20,,3010,0,relative_random_bootstrap,5,20,0.5079,0.4
family-noise_n-200_noise-0.4_p-20_seed-3011_perm-0,family-noise_n-200_noise-0.4_p-20,noise,200,20,,3011,0,cart_strong,2,4,0.5753,0.4
family-noise_n-200_noise-0.4_p-20_seed-3011_perm-0,family-noise_n-200_noise-0.4_p-20,noise,200,20,,3011,0,cart_strong,5,5,0.5855,0.4
family-noise_n-200_noise-0.4_p-20_seed-3011_perm-0,family-noise_n-200_noise-0.4_p-20,noise,200,20,,3011,0,cart_strong,10,38,0.5311,0.4
family-noise_n-200_noise-0.4_p-20_seed-3011_perm-0,family-noise_n-200_noise-0.4_p-20,noise,200,20,,3011,0,aloof,2,4,0.5461,0.4
family-noise_n-200_noise-0.4_p-20_seed-3011_perm-0,family-noise_n-200_noise-0.4_p-20,noise,200,20,,3011,0,aloof,5,7,0.5276,0.4
family-noise_n-200_noise-0.4_p-20_seed-3011_perm-0,family-noise_n-200_noise-0.4_p-20,noise,200,20,,3011,0,relative_bootstrap,2,4,0.5616,0.4
family-noise_n-200_noise-0.4_p-20_seed-3011_perm-0,family-noise_n-200_noise-0.4_p-20,noise,200,20,,3011,0,weighted_bootstrap,2,4,0.5616,0.4
family-noise_n-200_noise-0.4_p-20_seed-3011_perm-0,family-noise_n-200_noise-0.4_p-20,noise,200,20,,3011,0,relative_random_bootstrap,2,4,0.5616,0.4
family-noise_n-200_noise-0.4_p-20_seed-3011_perm-0,family-noise_n-200_noise-0.4_p-20,noise,200,20,,3011,0,weighted_bootstrap,5,2,0.6005,0.4
family-noise_n-200_noise-0.4_p-20_seed-3011_perm-0,family-noise_n-200_noise-0.4_p-20,noise,200,20,,3011,0,relative_bootstrap,5,2,0.6005,0.4
family-noise_n-200_noise-0.4_p-20_seed-3011_perm-0,family-noise_n-200_noise-0.4_p-20,noise,200,20,,3011,0,relative_random_bootstrap,5,2,0.6005,0.4
family-noise_n-200_noise-0.4_p-20_seed-3012_perm-0,family-noise_n-200_noise-0.4_p-20,noise,200,20,,3012,0,cart_strong,2,2,0.509,0.4
family-noise_n-200_noise-0.4_p-20_seed-3012_perm-0,family-noise_n-200_noise-0.4_p-20,noise,200,20,,3012,0,cart_strong,5,13,0.5051,0.4
family-noise_n-200_noise-0.4_p-20_seed-3012_perm-0,family-noise_n-200_noise-0.4_p-20,noise,200,20,,3012,0,cart_strong,10,8,0.5075,0.4
family-noise_n-200_noise-0.4_p-20_seed-3012_perm-0,family-noise_n-200_noise-0.4_p-20,noise,200,20,,3012,0,aloof,2,4,0.5071,0.4
family-noise_n-200_noise-0.4_p-20_seed-3012_perm-0,family-noise_n-200_noise-0.4_p-20,noise,200,20,,3012,0,aloof,5,14,0.5082,0.4
family-noise_n-200_noise-0.4_p-20_seed-3012_perm-0,family-noise_n-200_noise-0.4_p-20,noise,200,20,,3012,0,relative_bootstrap,2,3,0.5088,0.4
family-noise_n-200_noise-0.4_p-20_seed-3012_perm-0,family-noise_n-200_noise-0.4_p-20,noise,200,20,,3012,0,weighted_bootstrap,2,1,0.5046,0.4
family-noise_n-200_noise-0.4_p-20_seed-3012_perm-0,family-noise_n-200_noise-0.4_p-20,noise,200,20,,3012,0,relative_random_bootstrap,2,3,0.586,0.4
family-noise_n-200_noise-0.4_p-20_seed-3012_perm-0,family-noise_n-200_noise-0.4_p-20,noise,200,20,,3012,0,relative_bootstrap,5,6,0.5564,0.4
family-noise_n-200_noise-0.4_p-20_seed-3012_perm-0,family-noise_n-200_noise-0.4_p-20,noise,200,20,,3012,0,weighted_bootstrap,5,2,0.5965,0.4
family-noise_n-200_noise-0.4_p-20_seed-3012_perm-0,family-noise_n-200_noise-0.4_p-20,noise,200,20,,3012,0,relative_random_bootstrap,5,20,0.5407,0.4
family-noise_n-200_noise-0.4_p-20_seed-3013_perm-0,family-noise_n-200_noise-0.4_p-20,noise,200,20,,3013,0,cart_strong,2,4,0.5717,0.4
family-noise_n-200_noise-0.4_p-20_seed-3013_perm-0,family-noise_n-200_noise-0.4_p-20,noise,200,20,,3013,0,cart_strong,5,4,0.5687,0.4
family-noise_n-200_noise-0.4_p-20_seed-3013_perm-0,family-noise_n-200_noise-0.4_p-20,noise,200,20,,3013,0,cart_strong,10,17,0.53,0.4
family-noise_n-200_noise-0.4_p-20_seed-3013_perm-0,family-noise_n-200_noise-0.4_p-20,noise,200,20,,3013,0,aloof,2,4,0.5717,0.4
family-noise_n-200_noise-0.4_p-20_seed-3013_perm-0,family-noise_n-200_noise-0.4_p-20,noise,200,20,,3013,0,aloof,5,7,0.5513,0.4
family-noise_n-200_noise-0.4_p-20_seed-3013_perm-0,family-noise_n-200_noise-0.4_p-20,noise,200,20,,3013,0,relative_bootstrap,2,4,0.5641,0.4
family-noise_n-200_noise-0.4_p-20_seed-3013_perm-0,family-noise_n-200_noise-0.4_p-20,noise,200,20,,3013,0,weighted_bootstrap,2,4,0.5641,0.4
family-noise_n-200_noise-0.4_p-20_seed-3013_perm-0,family-noise_n-200_noise-0.4_p-20,noise,200,20,,3013,0,relative_random_bootstrap,2,4,0.5641,0.4
family-noise_n-200_noise-0.4_p-20_seed-3013_perm-0,family-noise_n-200_noise-0.4_p-20,noise,200,20,,3013,0,relative_bootstrap,5,2,0.595,0.4
family-noise_n-200_noise-0.4_p-20_seed-3013_perm-0,family-noise_n-200_noise-0.4_p-20,noise,200,20,,3013,0,weighted_bootstrap,5,2,0.595,0.4
family-noise_n-200_noise-0.4_p-20_seed-3013_perm-0,family-noise_n-200_noise-0.4_p-20,noise,200,20,,3013,0,relative_random_bootstrap,5,2,0.595,0.4
family-noise_n-200_noise-0.4_p-20_seed-3014_perm-0,family-noise_n-200_noise-0.4_p-20,noise,200,20,,3014,0,cart_strong,2,4,0.5752,0.4
family-noise_n-200_noise-0.4_p-20_seed-3014_perm-0,family-noise_n-200_noise-0.4_p-20,noise,200,20,,3014,0,cart_strong,5,7,0.5329,0.4
family-noise_n-200_noise-0.4_p-20_seed-3014_perm-0,family-noise_n-200_noise-0.4_p-20,noise,200,20,,3014,0,cart_strong,10,37,0.5166,0.4
family-noise_n-200_noise-0.4_p-20_seed-3014_perm-0,family-noise_n-200_noise-0.4_p-20,noise,200,20,,3014,0,aloof,2,4,0.5653,0.4
family-noise_n-200_noise-0.4_p-20_seed-3014_perm-0,family-noise_n-200_noise-0.4_p-20,noise,200,20,,3014,0,aloof,5,7,0.5364,0.4
family-noise_n-200_noise-0.4_p-20_seed-3014_perm-0,family-noise_n-200_noise-0.4_p-20,noise,200,20,,3014,0,relative_bootstrap,2,4,0.5723,0.4
family-noise_n-200_noise-0.4_p-20_seed-3014_perm-0,family-noise_n-200_noise-0.4_p-20,noise,200,20,,3014,0,weighted_bootstrap,2,4,0.5723,0.4
family-noise_n-200_noise-0.4_p-20_seed-3014_perm-0,family-noise_n-200_noise-0.4_p-20,noise,200,20,,3014,0,relative_random_bootstrap,2,2,0.5941,0.4
family-noise_n-200_noise-0.4_p-20_seed-3014_perm-0,family-noise_n-200_noise-0.4_p-20,noise,200,20,,3014,0,relative_bootstrap,5,8,0.5759,0.4
family-noise_n-200_noise-0.4_p-20_seed-3014_perm-0,family-noise_n-200_noise-0.4_p-20,noise,200,20,,3014,0,weighted_bootstrap,5,2,0.5941,0.4
family-noise_n-200_noise-0.4_p-20_seed-3014_perm-0,family-noise_n-200_noise-0.4_p-20,noise,200,20,,3014,0,relative_random_bootstrap,5,7,0.5941,0.4
family-noise_n-200_noise-0.4_p-20_seed-3015_perm-0,family-noise_n-200_noise-0.4_p-20,noise,200,20,,3015,0,cart_strong,2,4,0.5104,0.4
family-noise_n-200_noise-0.4_p-20_seed-3015_perm-0,family-noise_n-200_noise-0.4_p-20,noise,200,20,,3015,0,cart_strong,5,16,0.4975,0.4
family-noise_n-200_noise-0.4_p-20_seed-3015_perm-0,family-noise_n-200_noise-0.4_p-20,noise,200,20,,3015,0,cart_strong,10,24,0.4954,0.4
family-noise_n-200_noise-0.4_p-20_seed-3015_perm-0,family-noise_n-200_noise-0.4_p-20,noise,200,20,,3015,0,aloof,2,4,0.516,0.4
family-noise_n-200_noise-0.4_p-20_seed-3015_perm-0,family-noise_n-200_noise-0.4_p-20,noise,200,20,,3015,0,aloof,5,7,0.5282,0.4
family-noise_n-200_noise-0.4_p-20_seed-3015_perm-0,family-noise_n-200_noise-0.4_p-20,noise,200,20,,3015,0,relative_bootstrap,2,4,0.6011,0.4
family-noise_n-200_noise-0.4_p-20_seed-3015_perm-0,family-noise_n-200_noise-0.4_p-20,noise,200,20,,3015,0,weighted_bootstrap,2,4,0.4997,0.4
family-noise_n-200_noise-0.4_p-20_seed-3015_perm-0,family-noise_n-200_noise-0.4_p-20,noise,200,20,,3015,0,relative_random_bootstrap,2,4,0.5989,0.4
family-noise_n-200_noise-0.4_p-20_seed-3015_perm-0,family-noise_n-200_noise-0.4_p-20,noise,200,20,,3015,0,relative_random_bootstrap,5,7,0.5074,0.4
family-noise_n-200_noise-0.4_p-20_seed-3015_perm-0,family-noise_n-200_noise-0.4_p-20,noise,200,20,,3015,0,relative_bootstrap,5,11,0.5118,0.4
family-noise_n-200_noise-0.4_p-20_seed-3015_perm-0,family-noise_n-200_noise-0.4_p-20,noise,200,20,,3015,0,weighted_bootstrap,5,22,0.5361,0.4
family-noise_n-200_noise-0.4_p-20_seed-3016_perm-0,family-noise_n-200_noise-0.4_p-20,noise,200,20,,3016,0,cart_strong,2,3,0.5875,0.4
family-noise_n-200_noise-0.4_p-20_seed-3016_perm-0,family-noise_n-200_noise-0.4_p-20,noise,200,20,,3016,0,cart_strong,5,18,0.5131,0.4
family-noise_n-200_noise-0.4_p-20_seed-3016_perm-0,family-noise_n-200_noise-0.4_p-20,noise,200,20,,3016,0,cart_strong,10,4,0.5266,0.4
family-noise_n-200_noise-0.4_p-20_seed-3016_perm-0,family-noise_n-200_noise-0.4_p-20,noise,200,20,,3016,0,aloof,2,4,0.5875,0.4
family-noise_n-200_noise-0.4_p-20_seed-3016_perm-0,family-noise_n-200_noise-0.4_p-20,noise,200,20,,3016,0,aloof,5,12,0.4969,0.4
family-noise_n-200_noise-0.4_p-20_seed-3016_perm-0,family-noise_n-200_noise-0.4_p-20,noise,200,20,,3016,0,relative_bootstrap,2,3,0.5875,0.4
family-noise_n-200_noise-0.4_p-20_seed-3016_perm-0,family-noise_n-200_noise-0.4_p-20,noise,200,20,,3016,0,weighted_bootstrap,2,3,0.5875,0.4
family-noise_n-200_noise-0.4_p-20_seed-3016_perm-0,family-noise_n-200_noise-0.4_p-20,noise,200,20,,3016,0,relative_random_bootstrap,2,4,0.6039,0.4
family-noise_n-200_noise-0.4_p-20_seed-3016_perm-0,family-noise_n-200_noise-0.4_p-20,noise,200,20,,3016,0,relative_bootstrap,5,2,0.6039,0.4
family-noise_n-200_noise-0.4_p-20_seed-3016_perm-0,family-noise_n-200_noise-0.4_p-20,noise,200,20,,3016,0,relative_random_bootstrap,5,2,0.6039,0.4
family-noise_n-200_noise-0.4_p-20_seed-3016_perm-0,family-noise_n-200_noise-0.4_p-20,noise,200,20,,3016,0,weighted_bootstrap,5,4,0.5875,0.4
family-noise_n-200_noise-0.4_p-20_seed-3017_perm-0,family-noise_n-200_noise-0.4_p-20,noise,200,20,,3017,0,cart_strong,2,4,0.5061,0.4
family-noise_n-200_noise-0.4_p-20_seed-3017_perm-0,family-noise_n-200_noise-0.4_p-20,noise,200,20,,3017,0,cart_strong,5,15,0.5007,0.4
family-noise_n-200_noise-0.4_p-20_seed-3017_perm-0,family-noise_n-200_noise-0.4_p-20,noise,200,20,,3017,0,cart_strong,10,25,0.5022,0.4
family-noise_n-200_noise-0.4_p-20_seed-3017_perm-0,family-noise_n-200_noise-0.4_p-20,noise,200,20,,3017,0,aloof,2,4,0.5069,0.4
family-noise_n-200_noise-0.4_p-20_seed-3017_perm-0,family-noise_n-200_noise-0.4_p-20,noise,200,20,,3017,0,aloof,5,15,0.5025,0.4
family-noise_n-200_noise-0.4_p-20_seed-3017_perm-0,family-noise_n-200_noise-0.4_p-20,noise,200,20,,3017,0,relative_bootstrap,2,4,0.5823,0.4
family-noise_n-200_noise-0.4_p-20_seed-3017_perm-0,family-noise_n-200_noise-0.4_p-20,noise,200,20,,3017,0,weighted_bootstrap,2,4,0.4992,0.4
family-noise_n-200_noise-0.4_p-20_seed-3017_perm-0,family-noise_n-200_noise-0.4_p-20,noise,200,20,,3017,0,relative_random_bootstrap,2,4,0.4992,0.4
family-noise_n-200_noise-0.4_p-20_seed-3017_perm-0,family-noise_n-200_noise-0.4_p-20,noise,200,20,,3017,0,weighted_bootstrap,5,1,0.5028,0.4
family-noise_n-200_noise-0.4_p-20_seed-3017_perm-0,family-noise_n-200_noise-0.4_p-20,noise,200,20,,3017,0,relative_random_bootstrap,5,8,0.5554,0.4
family-noise_n-200_noise-0.4_p-20_seed-3017_perm-0,family-noise_n-200_noise-0.4_p-20,noise,200,20,,3017,0,relative_bootstrap,5,16,0.5074,0.4
family-noise_n-200_noise-0.4_p-20_seed-3018_perm-0,family-noise_n-200_noise-0.4_p-20,noise,200,20,,3018,0,cart_strong,2,4,0.5662,0.4
family-noise_n-200_noise-0.4_p-20_seed-3018_perm-0,family-noise_n-200_noise-0.4_p-20,noise,200,20,,3018,0,cart_strong,5,5,0.5662,0.4
family-noise_n-200_noise-0.4_p-20_seed-3018_perm-0,family-noise_n-200_noise-0.4_p-20,noise,200,20,,3018,0,cart_strong,10,25,0.5164,0.4
family-noise_n-200_noise-0.4_p-20_seed-3018_perm-0,family-noise_n-200_noise-0.4_p-20,noise,200,20,,3018,0,aloof,2,4,0.5662,0.4
family-noise_n-200_noise-0.4_p-20_seed-3018_perm-0,family-noise_n-200_noise-0.4_p-20,noise,200,20,,3018,0,aloof,5,15,0.53,0.4
family-noise_n-200_noise-0.4_p-20_seed-3018_perm-0,family-noise_n-200_noise-0.4_p-20,noise,200,20,,3018,0,weighted_bootstrap,2,4,0.5804,0.4
family-noise_n-200_noise-0.4_p-20_seed-3018_perm-0,family-noise_n-200_noise-0.4_p-20,noise,200,20,,3018,0,relative_random_bootstrap,2,4,0.5995,0.4
family-noise_n-200_noise-0.4_p-20_seed-3018_perm-0,family-noise_n-200_noise-0.4_p-20,noise,200,20,,3018,0,relative_bootstrap,2,4,0.5858,0.4
family-noise_n-200_noise-0.4_p-20_seed-3018_perm-0,family-noise_n-200_noise-0.4_p-20,noise,200,20,,3018,0,relative_bootstrap,5,6,0.5795,0.4
family-noise_n-200_noise-0.4_p-20_seed-3018_perm-0,family-noise_n-200_noise-0.4_p-20,noise,200,20,,3018,0,weighted_bootstrap,5,2,0.5995,0.4
family-noise_n-200_noise-0.4_p-20_seed-3018_perm-0,family-noise_n-200_noise-0.4_p-20,noise,200,20,,3018,0,relative_random_bootstrap,5,2,0.5995,0.4
family-noise_n-200_noise-0.4_p-20_seed-3019_perm-0,family-noise_n-200_noise-0.4_p-20,noise,200,20,,3019,0,cart_strong,2,4,0.5132,0.4
family-noise_n-200_noise-0.4_p-20_seed-3019_perm-0,family-noise_n-200_noise-0.4_p-20,noise,200,20,,3019,0,cart_strong,5,15,0.521,0.4
family-noise_n-200_noise-0.4_p-20_seed-3019_perm-0,family-noise_n-200_noise-0.4_p-20,noise,200,20,,3019,0,cart_strong,10,25,0.5115,0.4
family-noise_n-200_noise-0.4_p-20_seed-3019_perm-0,family-noise_n-200_noise-0.4_p-20,noise,200,20,,3019,0,aloof,2,4,0.5936,0.4
family-noise_n-200_noise-0.4_p-20_seed-3019_perm-0,family-noise_n-200_noise-0.4_p-20,noise,200,20,,3019,0,aloof,5,18,0.5399,0.4
family-noise_n-200_noise-0.4_p-20_seed-3019_perm-0,family-noise_n-200_noise-0.4_p-20,noise,200,20,,3019,0,weighted_bootstrap,2,4,0.5938,0.4
family-noise_n-200_noise-0.4_p-20_seed-3019_perm-0,family-noise_n-200_noise-0.4_p-20,noise,200,20,,3019,0,relative_bootstrap,2,4,0.5938,0.4
family-noise_n-200_noise-0.4_p-20_seed-3019_perm-0,family-noise_n-200_noise-0.4_p-20,noise,200,20,,3019,0,relative_random_bootstrap,2,4,0.5938,0.4
family-noise_n-200_noise-0.4_p-20_seed-3019_perm-0,family-noise_n-200_noise-0.4_p-20,noise,200,20,,3019,0,relative_bootstrap,5,7,0.5733,0.4
family-noise_n-200_noise-0.4_p-20_seed-3019_perm-0,family-noise_n-200_noise-0.4_p-20,noise,200,20,,3019,0,weighted_bootstrap,5,8,0.5412,0.4
family-noise_n-200_noise-0.4_p-20_seed-3019_perm-0,family-noise_n-200_noise-0.4_p-20,noise,200,20,,3019,0,relative_random_bootstrap,5,8,0.5301,0.4
