scenario,seed,permutation,method,perturbation,parameters,settings,accuracy,leaves,difference
family-interaction_mixture-0.0_n-800_p-20,3002,0,weighted_bootstrap,shallower,"{'depth': 4, 'leaf': 20, 'tau': 0.0, 'scale': 0.6}","{'seeds': 20, 'seed_start': 2000, 'test_size': 10000, 'proposals': 100, 'pool_size': 20}",1.0,4,0.41290000000000004
family-interaction_mixture-0.0_n-800_p-20,3002,0,weighted_bootstrap,deeper,"{'depth': 6, 'leaf': 20, 'tau': 0.0, 'scale': 0.6}","{'seeds': 20, 'seed_start': 2000, 'test_size': 10000, 'proposals': 100, 'pool_size': 20}",1.0,4,0.41290000000000004
family-interaction_mixture-0.0_n-800_p-20,3002,0,weighted_bootstrap,smaller_leaves,"{'depth': 5, 'leaf': 16, 'tau': 0.0, 'scale': 0.6}","{'seeds': 20, 'seed_start': 2000, 'test_size': 10000, 'proposals': 100, 'pool_size': 20}",1.0,4,0.41290000000000004
family-interaction_mixture-0.0_n-800_p-20,3002,0,weighted_bootstrap,larger_leaves,"{'depth': 5, 'leaf': 24, 'tau': 0.0, 'scale': 0.6}","{'seeds': 20, 'seed_start': 2000, 'test_size': 10000, 'proposals': 100, 'pool_size': 20}",1.0,4,0.41290000000000004
family-interaction_mixture-0.0_n-800_p-20,3002,0,weighted_bootstrap,fewer_resamples,"{'depth': 5, 'leaf': 20, 'tau': 0.0, 'scale': 0.6}","{'seeds': 20, 'seed_start': 2000, 'test_size': 10000, 'proposals': 50, 'pool_size': 10}",1.0,4,0.41290000000000004
family-interaction_mixture-0.0_n-800_p-20,3002,0,weighted_bootstrap,more_resamples,"{'depth': 5, 'leaf': 20, 'tau': 0.0, 'scale': 0.6}","{'seeds': 20, 'seed_start': 2000, 'test_size': 10000, 'proposals': 200, 'pool_size': 40}",1.0,4,0.41290000000000004
family-noise_n-200_noise-0.4_p-20,3001,0,relative_bootstrap,shallower,"{'depth': 4, 'leaf': 5, 'tau': 0.35, 'scale': 0.0}","{'seeds': 20, 'seed_start': 2000, 'test_size': 10000, 'proposals': 100, 'pool_size': 20}",0.5856,2,0.09860000000000002
family-noise_n-200_noise-0.4_p-20,3001,0,relative_bootstrap,deeper,"{'depth': 6, 'leaf': 5, 'tau': 0.35, 'scale': 0.0}","{'seeds': 20, 'seed_start': 2000, 'test_size': 10000, 'proposals': 100, 'pool_size': 20}",0.5856,2,0.09860000000000002
family-noise_n-200_noise-0.4_p-20,3001,0,relative_bootstrap,smaller_leaves,"{'depth': 5, 'leaf': 4, 'tau': 0.35, 'scale': 0.0}","{'seeds': 20, 'seed_start': 2000, 'test_size': 10000, 'proposals': 100, 'pool_size': 20}",0.5789,4,0.09189999999999998
family-noise_n-200_noise-0.4_p-20,3001,0,relative_bootstrap,larger_leaves,"{'depth': 5, 'leaf': 6, 'tau': 0.35, 'scale': 0.0}","{'seeds': 20, 'seed_start': 2000, 'test_size': 10000, 'proposals': 100, 'pool_size': 20}",0.5856,2,0.09860000000000002
family-noise_n-200_noise-0.4_p-20,3001,0,relative_bootstrap,fewer_resamples,"{'depth': 5, 'leaf': 5, 'tau': 0.35, 'scale': 0.0}","{'seeds': 20, 'seed_start': 2000, 'test_size': 10000, 'proposals': 50, 'pool_size': 10}",0.5535,4,0.0665
family-noise_n-200_noise-0.4_p-20,3001,0,relative_bootstrap,more_resamples,"{'depth': 5, 'leaf': 5, 'tau': 0.35, 'scale': 0.0}","{'seeds': 20, 'seed_start': 2000, 'test_size': 10000, 'proposals': 200, 'pool_size': 40}",0.5856,2,0.09860000000000002
family-noise_n-200_noise-0.4_p-20,3001,0,relative_random_bootstrap,shallower,"{'depth': 4, 'leaf': 5, 'tau': 0.35, 'scale': 0.0}","{'seeds': 20, 'seed_start': 2000, 'test_size': 10000, 'proposals': 100, 'pool_size': 20}",0.5856,2,0.09860000000000002
family-noise_n-200_noise-0.4_p-20,3001,0,relative_random_bootstrap,deeper,"{'depth': 6, 'leaf': 5, 'tau': 0.35, 'scale': 0.0}","{'seeds': 20, 'seed_start': 2000, 'test_size': 10000, 'proposals': 100, 'pool_size': 20}",0.5856,2,0.09860000000000002
family-noise_n-200_noise-0.4_p-20,3001,0,relative_random_bootstrap,smaller_leaves,"{'depth': 5, 'leaf': 4, 'tau': 0.35, 'scale': 0.0}","{'seeds': 20, 'seed_start': 2000, 'test_size': 10000, 'proposals': 100, 'pool_size': 20}",0.5789,4,0.09189999999999998
family-noise_n-200_noise-0.4_p-20,3001,0,relative_random_bootstrap,larger_leaves,"{'depth': 5, 'leaf': 6, 'tau': 0.35, 'scale': 0.0}","{'seeds': 20, 'seed_start': 2000, 'test_size': 10000, 'proposals': 100, 'pool_size': 20}",0.5856,2,0.09860000000000002
family-noise_n-200_noise-0.4_p-20,3001,0,relative_random_bootstrap,fewer_resamples,"{'depth': 5, 'leaf': 5, 'tau': 0.35, 'scale': 0.0}","{'seeds': 20, 'seed_start': 2000, 'test_size': 10000, 'proposals': 50, 'pool_size': 10}",0.5535,4,0.0665
family-noise_n-200_noise-0.4_p-20,3001,0,relative_random_bootstrap,more_resamples,"{'depth': 5, 'leaf': 5, 'tau': 0.35, 'scale': 0.0}","{'seeds': 20, 'seed_start': 2000, 'test_size': 10000, 'proposals': 200, 'pool_size': 40}",0.5856,2,0.09860000000000002
family-interaction_mixture-0.0_n-800_p-20,3007,1,weighted_bootstrap,shallower,"{'depth': 4, 'leaf': 20, 'tau': 0.0, 'scale': 0.3}","{'seeds': 20, 'seed_start': 2000, 'test_size': 10000, 'proposals': 100, 'pool_size': 20}",0.502,16,-0.30369999999999997
family-interaction_mixture-0.0_n-800_p-20,3007,1,weighted_bootstrap,deeper,"{'depth': 6, 'leaf': 20, 'tau': 0.0, 'scale': 0.3}","{'seeds': 20, 'seed_start': 2000, 'test_size': 10000, 'proposals': 100, 'pool_size': 20}",1.0,4,0.19430000000000003
family-interaction_mixture-0.0_n-800_p-20,3007,1,weighted_bootstrap,smaller_leaves,"{'depth': 5, 'leaf': 16, 'tau': 0.0, 'scale': 0.3}","{'seeds': 20, 'seed_start': 2000, 'test_size': 10000, 'proposals': 100, 'pool_size': 20}",1.0,4,0.19430000000000003
family-interaction_mixture-0.0_n-800_p-20,3007,1,weighted_bootstrap,larger_leaves,"{'depth': 5, 'leaf': 24, 'tau': 0.0, 'scale': 0.3}","{'seeds': 20, 'seed_start': 2000, 'test_size': 10000, 'proposals': 100, 'pool_size': 20}",1.0,4,0.19430000000000003
family-interaction_mixture-0.0_n-800_p-20,3007,1,weighted_bootstrap,fewer_resamples,"{'depth': 5, 'leaf': 20, 'tau': 0.0, 'scale': 0.3}","{'seeds': 20, 'seed_start': 2000, 'test_size': 10000, 'proposals': 50, 'pool_size': 10}",1.0,4,0.19430000000000003
family-interaction_mixture-0.0_n-800_p-20,3007,1,weighted_bootstrap,more_resamples,"{'depth': 5, 'leaf': 20, 'tau': 0.0, 'scale': 0.3}","{'seeds': 20, 'seed_start': 2000, 'test_size': 10000, 'proposals': 200, 'pool_size': 40}",1.0,4,0.19430000000000003
family-interaction_mixture-0.0_n-800_p-20,3000,2,weighted_bootstrap,shallower,"{'depth': 4, 'leaf': 20, 'tau': 0.0, 'scale': 0.3}","{'seeds': 20, 'seed_start': 2000, 'test_size': 10000, 'proposals': 100, 'pool_size': 20}",1.0,4,0.0
family-interaction_mixture-0.0_n-800_p-20,3000,2,weighted_bootstrap,deeper,"{'depth': 6, 'leaf': 20, 'tau': 0.0, 'scale': 0.3}","{'seeds': 20, 'seed_start': 2000, 'test_size': 10000, 'proposals': 100, 'pool_size': 20}",1.0,4,0.0
family-interaction_mixture-0.0_n-800_p-20,3000,2,weighted_bootstrap,smaller_leaves,"{'depth': 5, 'leaf': 16, 'tau': 0.0, 'scale': 0.3}","{'seeds': 20, 'seed_start': 2000, 'test_size': 10000, 'proposals': 100, 'pool_size': 20}",1.0,4,0.0
family-interaction_mixture-0.0_n-800_p-20,3000,2,weighted_bootstrap,larger_leaves,"{'depth': 5, 'leaf': 24, 'tau': 0.0, 'scale': 0.3}","{'seeds': 20, 'seed_start': 2000, 'test_size': 10000, 'proposals': 100, 'pool_size': 20}",1.0,4,0.0
family-interaction_mixture-0.0_n-800_p-20,3000,2,weighted_bootstrap,fewer_resamples,"{'depth': 5, 'leaf': 20, 'tau': 0.0, 'scale': 0.3}","{'seeds': 20, 'seed_start': 2000, 'test_size': 10000, 'proposals': 50, 'pool_size': 10}",1.0,4,0.0
family-interaction_mixture-0.0_n-800_p-20,3000,2,weighted_bootstrap,more_resamples,"{'depth': 5, 'leaf': 20, 'tau': 0.0, 'scale': 0.3}","{'seeds': 20, 'seed_start': 2000, 'test_size': 10000, 'proposals': 200, 'pool_size': 40}",1.0,4,0.0
family-noise_n-200_noise-0.4_p-20,3008,0,relative_bootstrap,shallower,"{'depth': 1, 'leaf': 20, 'tau': 0.35, 'scale': 0.0}","{'seeds': 20, 'seed_start': 2000, 'test_size': 10000, 'proposals': 100, 'pool_size': 20}",0.6088,2,0.06510000000000005
family-noise_n-200_noise-0.4_p-20,3008,0,relative_bootstrap,deeper,"{'depth': 3, 'leaf': 20, 'tau': 0.35, 'scale': 0.0}","{'seeds': 20, 'seed_start': 2000, 'test_size': 10000, 'proposals': 100, 'pool_size': 20}",0.5431,4,-0.0005999999999999339
family-noise_n-200_noise-0.4_p-20,3008,0,relative_bootstrap,smaller_leaves,"{'depth': 2, 'leaf': 16, 'tau': 0.35, 'scale': 0.0}","{'seeds': 20, 'seed_start': 2000, 'test_size': 10000, 'proposals': 100, 'pool_size': 20}",0.5431,4,-0.0005999999999999339
family-noise_n-200_noise-0.4_p-20,3008,0,relative_bootstrap,larger_leaves,"{'depth': 2, 'leaf': 24, 'tau': 0.35, 'scale': 0.0}","{'seeds': 20, 'seed_start': 2000, 'test_size': 10000, 'proposals': 100, 'pool_size': 20}",0.5431,4,-0.0005999999999999339
family-noise_n-200_noise-0.4_p-20,3008,0,relative_bootstrap,fewer_resamples,"{'depth': 2, 'leaf': 20, 'tau': 0.35, 'scale': 0.0}","{'seeds': 20, 'seed_start': 2000, 'test_size': 10000, 'proposals': 50, 'pool_size': 10}",0.4996,4,-0.04409999999999997
family-noise_n-200_noise-0.4_p-20,3008,0,relative_bootstrap,more_resamples,"{'depth': 2, 'leaf': 20, 'tau': 0.35, 'scale': 0.0}","{'seeds': 20, 'seed_start': 2000, 'test_size': 10000, 'proposals': 200, 'pool_size': 40}",0.6088,2,0.06510000000000005
family-noise_n-200_noise-0.4_p-20,3008,0,relative_random_bootstrap,shallower,"{'depth': 4, 'leaf': 5, 'tau': 0.25, 'scale': 0.0}","{'seeds': 20, 'seed_start': 2000, 'test_size': 10000, 'proposals': 100, 'pool_size': 20}",0.5406,7,-0.0030999999999999917
family-noise_n-200_noise-0.4_p-20,3008,0,relative_random_bootstrap,deeper,"{'depth': 6, 'leaf': 5, 'tau': 0.25, 'scale': 0.0}","{'seeds': 20, 'seed_start': 2000, 'test_size': 10000, 'proposals': 100, 'pool_size': 20}",0.6088,2,0.06510000000000005
family-noise_n-200_noise-0.4_p-20,3008,0,relative_random_bootstrap,smaller_leaves,"{'depth': 5, 'leaf': 4, 'tau': 0.25, 'scale': 0.0}","{'seeds': 20, 'seed_start': 2000, 'test_size': 10000, 'proposals': 100, 'pool_size': 20}",0.532,11,-0.011699999999999933
family-noise_n-200_noise-0.4_p-20,3008,0,relative_random_bootstrap,larger_leaves,"{'depth': 5, 'leaf': 6, 'tau': 0.25, 'scale': 0.0}","{'seeds': 20, 'seed_start': 2000, 'test_size': 10000, 'proposals': 100, 'pool_size': 20}",0.5472,11,0.0035000000000000586
family-noise_n-200_noise-0.4_p-20,3008,0,relative_random_bootstrap,fewer_resamples,"{'depth': 5, 'leaf': 5, 'tau': 0.25, 'scale': 0.0}","{'seeds': 20, 'seed_start': 2000, 'test_size': 10000, 'proposals': 50, 'pool_size': 10}",0.5431,4,-0.0005999999999999339
family-noise_n-200_noise-0.4_p-20,3008,0,relative_random_bootstrap,more_resamples,"{'depth': 5, 'leaf': 5, 'tau': 0.25, 'scale': 0.0}","{'seeds': 20, 'seed_start': 2000, 'test_size': 10000, 'proposals': 200, 'pool_size': 40}",0.6088,2,0.06510000000000005
family-interaction_mixture-0.0_n-800_p-20,3012,1,weighted_bootstrap,shallower,"{'depth': 4, 'leaf': 5, 'tau': 0.0, 'scale': 0.6}","{'seeds': 20, 'seed_start': 2000, 'test_size': 10000, 'proposals': 100, 'pool_size': 20}",1.0,16,0.381
family-interaction_mixture-0.0_n-800_p-20,3012,1,weighted_bootstrap,deeper,"{'depth': 6, 'leaf': 5, 'tau': 0.0, 'scale': 0.6}","{'seeds': 20, 'seed_start': 2000, 'test_size': 10000, 'proposals': 100, 'pool_size': 20}",1.0,4,0.381
family-interaction_mixture-0.0_n-800_p-20,3012,1,weighted_bootstrap,smaller_leaves,"{'depth': 5, 'leaf': 4, 'tau': 0.0, 'scale': 0.6}","{'seeds': 20, 'seed_start': 2000, 'test_size': 10000, 'proposals': 100, 'pool_size': 20}",1.0,4,0.381
family-interaction_mixture-0.0_n-800_p-20,3012,1,weighted_bootstrap,larger_leaves,"{'depth': 5, 'leaf': 6, 'tau': 0.0, 'scale': 0.6}","{'seeds': 20, 'seed_start': 2000, 'test_size': 10000, 'proposals': 100, 'pool_size': 20}",1.0,4,0.381
family-interaction_mixture-0.0_n-800_p-20,3012,1,weighted_bootstrap,fewer_resamples,"{'depth': 5, 'leaf': 5, 'tau': 0.0, 'scale': 0.6}","{'seeds': 20, 'seed_start': 2000, 'test_size': 10000, 'proposals': 50, 'pool_size': 10}",1.0,4,0.381
family-interaction_mixture-0.0_n-800_p-20,3012,1,weighted_bootstrap,more_resamples,"{'depth': 5, 'leaf': 5, 'tau': 0.0, 'scale': 0.6}","{'seeds': 20, 'seed_start': 2000, 'test_size': 10000, 'proposals': 200, 'pool_size': 40}",1.0,4,0.381
family-interaction_mixture-0.0_n-800_p-20,3015,2,weighted_bootstrap,shallower,"{'depth': 4, 'leaf': 20, 'tau': 0.0, 'scale': 0.3}","{'seeds': 20, 'seed_start': 2000, 'test_size': 10000, 'proposals': 100, 'pool_size': 20}",0.4979,16,-0.21740000000000004
family-interaction_mixture-0.0_n-800_p-20,3015,2,weighted_bootstrap,deeper,"{'depth': 6, 'leaf': 20, 'tau': 0.0, 'scale': 0.3}","{'seeds': 20, 'seed_start': 2000, 'test_size': 10000, 'proposals': 100, 'pool_size': 20}",0.9016,23,0.1862999999999999
family-interaction_mixture-0.0_n-800_p-20,3015,2,weighted_bootstrap,smaller_leaves,"{'depth': 5, 'leaf': 16, 'tau': 0.0, 'scale': 0.3}","{'seeds': 20, 'seed_start': 2000, 'test_size': 10000, 'proposals': 100, 'pool_size': 20}",0.4925,32,-0.22280000000000005
family-interaction_mixture-0.0_n-800_p-20,3015,2,weighted_bootstrap,larger_leaves,"{'depth': 5, 'leaf': 24, 'tau': 0.0, 'scale': 0.3}","{'seeds': 20, 'seed_start': 2000, 'test_size': 10000, 'proposals': 100, 'pool_size': 20}",0.6532,29,-0.062100000000000044
family-interaction_mixture-0.0_n-800_p-20,3015,2,weighted_bootstrap,fewer_resamples,"{'depth': 5, 'leaf': 20, 'tau': 0.0, 'scale': 0.3}","{'seeds': 20, 'seed_start': 2000, 'test_size': 10000, 'proposals': 50, 'pool_size': 10}",1.0,4,0.28469999999999995
family-interaction_mixture-0.0_n-800_p-20,3015,2,weighted_bootstrap,more_resamples,"{'depth': 5, 'leaf': 20, 'tau': 0.0, 'scale': 0.3}","{'seeds': 20, 'seed_start': 2000, 'test_size': 10000, 'proposals': 200, 'pool_size': 40}",1.0,8,0.28469999999999995
family-interaction_mixture-0.0_n-800_p-20,3009,2,weighted_bootstrap,shallower,"{'depth': 4, 'leaf': 5, 'tau': 0.0, 'scale': 0.3}","{'seeds': 20, 'seed_start': 2000, 'test_size': 10000, 'proposals': 100, 'pool_size': 20}",1.0,8,0.35140000000000005
family-interaction_mixture-0.0_n-800_p-20,3009,2,weighted_bootstrap,deeper,"{'depth': 6, 'leaf': 5, 'tau': 0.0, 'scale': 0.3}","{'seeds': 20, 'seed_start': 2000, 'test_size': 10000, 'proposals': 100, 'pool_size': 20}",1.0,4,0.35140000000000005
family-interaction_mixture-0.0_n-800_p-20,3009,2,weighted_bootstrap,smaller_leaves,"{'depth': 5, 'leaf': 4, 'tau': 0.0, 'scale': 0.3}","{'seeds': 20, 'seed_start': 2000, 'test_size': 10000, 'proposals': 100, 'pool_size': 20}",1.0,4,0.35140000000000005
family-interaction_mixture-0.0_n-800_p-20,3009,2,weighted_bootstrap,larger_leaves,"{'depth': 5, 'leaf': 6, 'tau': 0.0, 'scale': 0.3}","{'seeds': 20, 'seed_start': 2000, 'test_size': 10000, 'proposals': 100, 'pool_size': 20}",1.0,4,0.35140000000000005
family-interaction_mixture-0.0_n-800_p-20,3009,2,weighted_bootstrap,fewer_resamples,"{'depth': 5, 'leaf': 5, 'tau': 0.0, 'scale': 0.3}","{'seeds': 20, 'seed_start': 2000, 'test_size': 10000, 'proposals': 50, 'pool_size': 10}",1.0,4,0.35140000000000005
family-interaction_mixture-0.0_n-800_p-20,3009,2,weighted_bootstrap,more_resamples,"{'depth': 5, 'leaf': 5, 'tau': 0.0, 'scale': 0.3}","{'seeds': 20, 'seed_start': 2000, 'test_size': 10000, 'proposals': 200, 'pool_size': 40}",1.0,4,0.35140000000000005
family-interaction_mixture-0.0_n-800_p-20,3017,0,weighted_bootstrap,shallower,"{'depth': 4, 'leaf': 5, 'tau': 0.0, 'scale': 0.3}","{'seeds': 20, 'seed_start': 2000, 'test_size': 10000, 'proposals': 100, 'pool_size': 20}",1.0,8,0.17079999999999995
family-interaction_mixture-0.0_n-800_p-20,3017,0,weighted_bootstrap,deeper,"{'depth': 6, 'leaf': 5, 'tau': 0.0, 'scale': 0.3}","{'seeds': 20, 'seed_start': 2000, 'test_size': 10000, 'proposals': 100, 'pool_size': 20}",1.0,8,0.17079999999999995
family-interaction_mixture-0.0_n-800_p-20,3017,0,weighted_bootstrap,smaller_leaves,"{'depth': 5, 'leaf': 4, 'tau': 0.0, 'scale': 0.3}","{'seeds': 20, 'seed_start': 2000, 'test_size': 10000, 'proposals': 100, 'pool_size': 20}",1.0,16,0.17079999999999995
family-interaction_mixture-0.0_n-800_p-20,3017,0,weighted_bootstrap,larger_leaves,"{'depth': 5, 'leaf': 6, 'tau': 0.0, 'scale': 0.3}","{'seeds': 20, 'seed_start': 2000, 'test_size': 10000, 'proposals': 100, 'pool_size': 20}",1.0,16,0.17079999999999995
family-interaction_mixture-0.0_n-800_p-20,3017,0,weighted_bootstrap,fewer_resamples,"{'depth': 5, 'leaf': 5, 'tau': 0.0, 'scale': 0.3}","{'seeds': 20, 'seed_start': 2000, 'test_size': 10000, 'proposals': 50, 'pool_size': 10}",1.0,32,0.17079999999999995
family-interaction_mixture-0.0_n-800_p-20,3017,0,weighted_bootstrap,more_resamples,"{'depth': 5, 'leaf': 5, 'tau': 0.0, 'scale': 0.3}","{'seeds': 20, 'seed_start': 2000, 'test_size': 10000, 'proposals': 200, 'pool_size': 40}",1.0,8,0.17079999999999995
family-noise_n-200_noise-0.4_p-20,3014,0,relative_bootstrap,shallower,"{'depth': 1, 'leaf': 20, 'tau': 0.0, 'scale': 0.0}","{'seeds': 20, 'seed_start': 2000, 'test_size': 10000, 'proposals': 100, 'pool_size': 20}",0.5941,2,0.07750000000000001
family-noise_n-200_noise-0.4_p-20,3014,0,relative_bootstrap,deeper,"{'depth': 3, 'leaf': 20, 'tau': 0.0, 'scale': 0.0}","{'seeds': 20, 'seed_start': 2000, 'test_size': 10000, 'proposals': 100, 'pool_size': 20}",0.5508,6,0.03420000000000001
family-noise_n-200_noise-0.4_p-20,3014,0,relative_bootstrap,smaller_leaves,"{'depth': 2, 'leaf': 16, 'tau': 0.0, 'scale': 0.0}","{'seeds': 20, 'seed_start': 2000, 'test_size': 10000, 'proposals': 100, 'pool_size': 20}",0.5771,4,0.0605
family-noise_n-200_noise-0.4_p-20,3014,0,relative_bootstrap,larger_leaves,"{'depth': 2, 'leaf': 24, 'tau': 0.0, 'scale': 0.0}","{'seeds': 20, 'seed_start': 2000, 'test_size': 10000, 'proposals': 100, 'pool_size': 20}",0.5647,4,0.04810000000000003
family-noise_n-200_noise-0.4_p-20,3014,0,relative_bootstrap,fewer_resamples,"{'depth': 2, 'leaf': 20, 'tau': 0.0, 'scale': 0.0}","{'seeds': 20, 'seed_start': 2000, 'test_size': 10000, 'proposals': 50, 'pool_size': 10}",0.5723,4,0.05570000000000008
family-noise_n-200_noise-0.4_p-20,3014,0,relative_bootstrap,more_resamples,"{'depth': 2, 'leaf': 20, 'tau': 0.0, 'scale': 0.0}","{'seeds': 20, 'seed_start': 2000, 'test_size': 10000, 'proposals': 200, 'pool_size': 40}",0.557,4,0.0404000000000001
family-noise_n-200_noise-0.4_p-20,3014,0,relative_random_bootstrap,shallower,"{'depth': 4, 'leaf': 20, 'tau': 0.0, 'scale': 0.0}","{'seeds': 20, 'seed_start': 2000, 'test_size': 10000, 'proposals': 100, 'pool_size': 20}",0.5941,7,0.07750000000000001
family-noise_n-200_noise-0.4_p-20,3014,0,relative_random_bootstrap,deeper,"{'depth': 6, 'leaf': 20, 'tau': 0.0, 'scale': 0.0}","{'seeds': 20, 'seed_start': 2000, 'test_size': 10000, 'proposals': 100, 'pool_size': 20}",0.5941,7,0.07750000000000001
family-noise_n-200_noise-0.4_p-20,3014,0,relative_random_bootstrap,smaller_leaves,"{'depth': 5, 'leaf': 16, 'tau': 0.0, 'scale': 0.0}","{'seeds': 20, 'seed_start': 2000, 'test_size': 10000, 'proposals': 100, 'pool_size': 20}",0.5464,10,0.02980000000000005
family-noise_n-200_noise-0.4_p-20,3014,0,relative_random_bootstrap,larger_leaves,"{'depth': 5, 'leaf': 24, 'tau': 0.0, 'scale': 0.0}","{'seeds': 20, 'seed_start': 2000, 'test_size': 10000, 'proposals': 100, 'pool_size': 20}",0.5941,7,0.07750000000000001
family-noise_n-200_noise-0.4_p-20,3014,0,relative_random_bootstrap,fewer_resamples,"{'depth': 5, 'leaf': 20, 'tau': 0.0, 'scale': 0.0}","{'seeds': 20, 'seed_start': 2000, 'test_size': 10000, 'proposals': 50, 'pool_size': 10}",0.5941,7,0.07750000000000001
family-noise_n-200_noise-0.4_p-20,3014,0,relative_random_bootstrap,more_resamples,"{'depth': 5, 'leaf': 20, 'tau': 0.0, 'scale': 0.0}","{'seeds': 20, 'seed_start': 2000, 'test_size': 10000, 'proposals': 200, 'pool_size': 40}",0.5687,7,0.052100000000000035
family-interaction_mixture-0.0_n-800_p-20,3010,2,weighted_bootstrap,shallower,"{'depth': 4, 'leaf': 5, 'tau': 0.0, 'scale': 0.6}","{'seeds': 20, 'seed_start': 2000, 'test_size': 10000, 'proposals': 100, 'pool_size': 20}",1.0,8,0.13470000000000004
family-interaction_mixture-0.0_n-800_p-20,3010,2,weighted_bootstrap,deeper,"{'depth': 6, 'leaf': 5, 'tau': 0.0, 'scale': 0.6}","{'seeds': 20, 'seed_start': 2000, 'test_size': 10000, 'proposals': 100, 'pool_size': 20}",1.0,4,0.13470000000000004
family-interaction_mixture-0.0_n-800_p-20,3010,2,weighted_bootstrap,smaller_leaves,"{'depth': 5, 'leaf': 4, 'tau': 0.0, 'scale': 0.6}","{'seeds': 20, 'seed_start': 2000, 'test_size': 10000, 'proposals': 100, 'pool_size': 20}",1.0,4,0.13470000000000004
family-interaction_mixture-0.0_n-800_p-20,3010,2,weighted_bootstrap,larger_leaves,"{'depth': 5, 'leaf': 6, 'tau': 0.0, 'scale': 0.6}","{'seeds': 20, 'seed_start': 2000, 'test_size': 10000, 'proposals': 100, 'pool_size': 20}",1.0,4,0.13470000000000004
family-interaction_mixture-0.0_n-800_p-20,3010,2,weighted_bootstrap,fewer_resamples,"{'depth': 5, 'leaf': 5, 'tau': 0.0, 'scale': 0.6}","{'seeds': 20, 'seed_start': 2000, 'test_size': 10000, 'proposals': 50, 'pool_size': 10}",1.0,16,0.13470000000000004
family-interaction_mixture-0.0_n-800_p-20,3010,2,weighted_bootstrap,more_resamples,"{'depth': 5, 'leaf': 5, 'tau': 0.0, 'scale': 0.6}","{'seeds': 20, 'seed_start': 2000, 'test_size': 10000, 'proposals': 200, 'pool_size': 40}",1.0,4,0.13470000000000004
family-interaction_mixture-0.0_n-800_p-20,3017,1,weighted_bootstrap,shallower,"{'depth': 4, 'leaf': 20, 'tau': 0.0, 'scale': 0.3}","{'seeds': 20, 'seed_start': 2000, 'test_size': 10000, 'proposals': 100, 'pool_size': 20}",1.0,8,0.15700000000000003
family-interaction_mixture-0.0_n-800_p-20,3017,1,weighted_bootstrap,deeper,"{'depth': 6, 'leaf': 20, 'tau': 0.0, 'scale': 0.3}","{'seeds': 20, 'seed_start': 2000, 'test_size': 10000, 'proposals': 100, 'pool_size': 20}",1.0,4,0.15700000000000003
family-interaction_mixture-0.0_n-800_p-20,3017,1,weighted_bootstrap,smaller_leaves,"{'depth': 5, 'leaf': 16, 'tau': 0.0, 'scale': 0.3}","{'seeds': 20, 'seed_start': 2000, 'test_size': 10000, 'proposals': 100, 'pool_size': 20}",1.0,8,0.15700000000000003
family-interaction_mixture-0.0_n-800_p-20,3017,1,weighted_bootstrap,larger_leaves,"{'depth': 5, 'leaf': 24, 'tau': 0.0, 'scale': 0.3}","{'seeds': 20, 'seed_start': 2000, 'test_size': 10000, 'proposals': 100, 'pool_size': 20}",1.0,16,0.15700000000000003
family-interaction_mixture-0.0_n-800_p-20,3017,1,weighted_bootstrap,fewer_resamples,"{'depth': 5, 'leaf': 20, 'tau': 0.0, 'scale': 0.3}","{'seeds': 20, 'seed_start': 2000, 'test_size': 10000, 'proposals': 50, 'pool_size': 10}",1.0,8,0.15700000000000003
family-interaction_mixture-0.0_n-800_p-20,3017,1,weighted_bootstrap,more_resamples,"{'depth': 5, 'leaf': 20, 'tau': 0.0, 'scale': 0.3}","{'seeds': 20, 'seed_start': 2000, 'test_size': 10000, 'proposals': 200, 'pool_size': 40}",1.0,4,0.15700000000000003
family-noise_n-200_noise-0.4_p-20,3011,0,relative_bootstrap,shallower,"{'depth': 4, 'leaf': 5, 'tau': 0.5, 'scale': 0.0}","{'seeds': 20, 'seed_start': 2000, 'test_size': 10000, 'proposals': 100, 'pool_size': 20}",0.6005,2,0.06940000000000002
family-noise_n-200_noise-0.4_p-20,3011,0,relative_bootstrap,deeper,"{'depth': 6, 'leaf': 5, 'tau': 0.5, 'scale': 0.0}","{'seeds': 20, 'seed_start': 2000, 'test_size': 10000, 'proposals': 100, 'pool_size': 20}",0.6005,2,0.06940000000000002
family-noise_n-200_noise-0.4_p-20,3011,0,relative_bootstrap,smaller_leaves,"{'depth': 5, 'leaf': 4, 'tau': 0.5, 'scale': 0.0}","{'seeds': 20, 'seed_start': 2000, 'test_size': 10000, 'proposals': 100, 'pool_size': 20}",0.6005,2,0.06940000000000002
family-noise_n-200_noise-0.4_p-20,3011,0,relative_bootstrap,larger_leaves,"{'depth': 5, 'leaf': 6, 'tau': 0.5, 'scale': 0.0}","{'seeds': 20, 'seed_start': 2000, 'test_size': 10000, 'proposals': 100, 'pool_size': 20}",0.6005,2,0.06940000000000002
family-noise_n-200_noise-0.4_p-20,3011,0,relative_bootstrap,fewer_resamples,"{'depth': 5, 'leaf': 5, 'tau': 0.5, 'scale': 0.0}","{'seeds': 20, 'seed_start': 2000, 'test_size': 10000, 'proposals': 50, 'pool_size': 10}",0.5896,24,0.058499999999999996
family-noise_n-200_noise-0.4_p-20,3011,0,relative_bootstrap,more_resamples,"{'depth': 5, 'leaf': 5, 'tau': 0.5, 'scale': 0.0}","{'seeds': 20, 'seed_start': 2000, 'test_size': 10000, 'proposals': 200, 'pool_size': 40}",0.6005,2,0.06940000000000002
family-noise_n-200_noise-0.4_p-20,3011,0,relative_random_bootstrap,shallower,"{'depth': 4, 'leaf': 5, 'tau': 0.5, 'scale': 0.0}","{'seeds': 20, 'seed_start': 2000, 'test_size': 10000, 'proposals': 100, 'pool_size': 20}",0.6005,2,0.06940000000000002
family-noise_n-200_noise-0.4_p-20,3011,0,relative_random_bootstrap,deeper,"{'depth': 6, 'leaf': 5, 'tau': 0.5, 'scale': 0.0}","{'seeds': 20, 'seed_start': 2000, 'test_size': 10000, 'proposals': 100, 'pool_size': 20}",0.6005,2,0.06940000000000002
family-noise_n-200_noise-0.4_p-20,3011,0,relative_random_bootstrap,smaller_leaves,"{'depth': 5, 'leaf': 4, 'tau': 0.5, 'scale': 0.0}","{'seeds': 20, 'seed_start': 2000, 'test_size': 10000, 'proposals': 100, 'pool_size': 20}",0.6005,2,0.06940000000000002
family-noise_n-200_noise-0.4_p-20,3011,0,relative_random_bootstrap,larger_leaves,"{'depth': 5, 'leaf': 6, 'tau': 0.5, 'scale': 0.0}","{'seeds': 20, 'seed_start': 2000, 'test_size': 10000, 'proposals': 100, 'pool_size': 20}",0.6005,2,0.06940000000000002
family-noise_n-200_noise-0.4_p-20,3011,0,relative_random_bootstrap,fewer_resamples,"{'depth': 5, 'leaf': 5, 'tau': 0.5, 'scale': 0.0}","{'seeds': 20, 'seed_start': 2000, 'test_size': 10000, 'proposals': 50, 'pool_size': 10}",0.5709,21,0.03979999999999995
family-noise_n-200_noise-0.4_p-20,3011,0,relative_random_bootstrap,more_resamples,"{'depth': 5, 'leaf': 5, 'tau': 0.5, 'scale': 0.0}","{'seeds': 20, 'seed_start': 2000, 'test_size': 10000, 'proposals': 200, 'pool_size': 40}",0.6005,2,0.06940000000000002
family-interaction_mixture-0.0_n-800_p-20,3012,0,weighted_bootstrap,shallower,"{'depth': 4, 'leaf': 5, 'tau': 0.0, 'scale': 0.6}","{'seeds': 20, 'seed_start': 2000, 'test_size': 10000, 'proposals': 100, 'pool_size': 20}",1.0,16,0.38870000000000005
family-interaction_mixture-0.0_n-800_p-20,3012,0,weighted_bootstrap,deeper,"{'depth': 6, 'leaf': 5, 'tau': 0.0, 'scale': 0.6}","{'seeds': 20, 'seed_start': 2000, 'test_size': 10000, 'proposals': 100, 'pool_size': 20}",1.0,4,0.38870000000000005
family-interaction_mixture-0.0_n-800_p-20,3012,0,weighted_bootstrap,smaller_leaves,"{'depth': 5, 'leaf': 4, 'tau': 0.0, 'scale': 0.6}","{'seeds': 20, 'seed_start': 2000, 'test_size': 10000, 'proposals': 100, 'pool_size': 20}",1.0,4,0.38870000000000005
family-interaction_mixture-0.0_n-800_p-20,3012,0,weighted_bootstrap,larger_leaves,"{'depth': 5, 'leaf': 6, 'tau': 0.0, 'scale': 0.6}","{'seeds': 20, 'seed_start': 2000, 'test_size': 10000, 'proposals': 100, 'pool_size': 20}",1.0,4,0.38870000000000005
family-interaction_mixture-0.0_n-800_p-20,3012,0,weighted_bootstrap,fewer_resamples,"{'depth': 5, 'leaf': 5, 'tau': 0.0, 'scale': 0.6}","{'seeds': 20, 'seed_start': 2000, 'test_size': 10000, 'proposals': 50, 'pool_size': 10}",1.0,4,0.38870000000000005
family-interaction_mixture-0.0_n-800_p-20,3012,0,weighted_bootstrap,more_resamples,"{'depth': 5, 'leaf': 5, 'tau': 0.0, 'scale': 0.6}","{'seeds': 20, 'seed_start': 2000, 'test_size': 10000, 'proposals': 200, 'pool_size': 40}",1.0,4,0.38870000000000005
family-interaction_mixture-0.0_n-800_p-20,3019,2,weighted_bootstrap,shallower,"{'depth': 4, 'leaf': 5, 'tau': 0.0, 'scale': 0.3}","{'seeds': 20, 'seed_start': 2000, 'test_size': 10000, 'proposals': 100, 'pool_size': 20}",0.5014,16,-0.3427
family-interaction_mixture-0.0_n-800_p-20,3019,2,weighted_bootstrap,deeper,"{'depth': 6, 'leaf': 5, 'tau': 0.0, 'scale': 0.3}","{'seeds': 20, 'seed_start': 2000, 'test_size': 10000, 'proposals': 100, 'pool_size': 20}",1.0,4,0.15590000000000004
family-interaction_mixture-0.0_n-800_p-20,3019,2,weighted_bootstrap,smaller_leaves,"{'depth': 5, 'leaf': 4, 'tau': 0.0, 'scale': 0.3}","{'seeds': 20, 'seed_start': 2000, 'test_size': 10000, 'proposals': 100, 'pool_size': 20}",1.0,4,0.15590000000000004
family-interaction_mixture-0.0_n-800_p-20,3019,2,weighted_bootstrap,larger_leaves,"{'depth': 5, 'leaf': 6, 'tau': 0.0, 'scale': 0.3}","{'seeds': 20, 'seed_start': 2000, 'test_size': 10000, 'proposals': 100, 'pool_size': 20}",1.0,4,0.15590000000000004
family-interaction_mixture-0.0_n-800_p-20,3019,2,weighted_bootstrap,fewer_resamples,"{'depth': 5, 'leaf': 5, 'tau': 0.0, 'scale': 0.3}","{'seeds': 20, 'seed_start': 2000, 'test_size': 10000, 'proposals': 50, 'pool_size': 10}",1.0,4,0.15590000000000004
family-interaction_mixture-0.0_n-800_p-20,3019,2,weighted_bootstrap,more_resamples,"{'depth': 5, 'leaf': 5, 'tau': 0.0, 'scale': 0.3}","{'seeds': 20, 'seed_start': 2000, 'test_size': 10000, 'proposals': 200, 'pool_size': 40}",1.0,4,0.15590000000000004
family-noise_n-200_noise-0.4_p-20,3004,0,relative_bootstrap,shallower,"{'depth': 1, 'leaf': 5, 'tau': 0.0, 'scale': 0.0}","{'seeds': 20, 'seed_start': 2000, 'test_size': 10000, 'proposals': 100, 'pool_size': 20}",0.5079,2,0.0039000000000000146
family-noise_n-200_noise-0.4_p-20,3004,0,relative_bootstrap,deeper,"{'depth': 3, 'leaf': 5, 'tau': 0.0, 'scale': 0.0}","{'seeds': 20, 'seed_start': 2000, 'test_size': 10000, 'proposals': 100, 'pool_size': 20}",0.502,7,-0.0020000000000000018
family-noise_n-200_noise-0.4_p-20,3004,0,relative_bootstrap,smaller_leaves,"{'depth': 2, 'leaf': 4, 'tau': 0.0, 'scale': 0.0}","{'seeds': 20, 'seed_start': 2000, 'test_size': 10000, 'proposals': 100, 'pool_size': 20}",0.5043,4,0.00029999999999996696
family-noise_n-200_noise-0.4_p-20,3004,0,relative_bootstrap,larger_leaves,"{'depth': 2, 'leaf': 6, 'tau': 0.0, 'scale': 0.0}","{'seeds': 20, 'seed_start': 2000, 'test_size': 10000, 'proposals': 100, 'pool_size': 20}",0.5043,4,0.00029999999999996696
family-noise_n-200_noise-0.4_p-20,3004,0,relative_bootstrap,fewer_resamples,"{'depth': 2, 'leaf': 5, 'tau': 0.0, 'scale': 0.0}","{'seeds': 20, 'seed_start': 2000, 'test_size': 10000, 'proposals': 50, 'pool_size': 10}",0.5052,4,0.0011999999999999789
family-noise_n-200_noise-0.4_p-20,3004,0,relative_bootstrap,more_resamples,"{'depth': 2, 'leaf': 5, 'tau': 0.0, 'scale': 0.0}","{'seeds': 20, 'seed_start': 2000, 'test_size': 10000, 'proposals': 200, 'pool_size': 40}",0.5043,4,0.00029999999999996696
family-noise_n-200_noise-0.4_p-20,3004,0,relative_random_bootstrap,shallower,"{'depth': 1, 'leaf': 5, 'tau': 0.0, 'scale': 0.0}","{'seeds': 20, 'seed_start': 2000, 'test_size': 10000, 'proposals': 100, 'pool_size': 20}",0.5079,2,0.0039000000000000146
family-noise_n-200_noise-0.4_p-20,3004,0,relative_random_bootstrap,deeper,"{'depth': 3, 'leaf': 5, 'tau': 0.0, 'scale': 0.0}","{'seeds': 20, 'seed_start': 2000, 'test_size': 10000, 'proposals': 100, 'pool_size': 20}",0.502,7,-0.0020000000000000018
family-noise_n-200_noise-0.4_p-20,3004,0,relative_random_bootstrap,smaller_leaves,"{'depth': 2, 'leaf': 4, 'tau': 0.0, 'scale': 0.0}","{'seeds': 20, 'seed_start': 2000, 'test_size': 10000, 'proposals': 100, 'pool_size': 20}",0.5043,4,0.00029999999999996696
family-noise_n-200_noise-0.4_p-20,3004,0,relative_random_bootstrap,larger_leaves,"{'depth': 2, 'leaf': 6, 'tau': 0.0, 'scale': 0.0}","{'seeds': 20, 'seed_start': 2000, 'test_size': 10000, 'proposals': 100, 'pool_size': 20}",0.5043,4,0.00029999999999996696
family-noise_n-200_noise-0.4_p-20,3004,0,relative_random_bootstrap,fewer_resamples,"{'depth': 2, 'leaf': 5, 'tau': 0.0, 'scale': 0.0}","{'seeds': 20, 'seed_start': 2000, 'test_size': 10000, 'proposals': 50, 'pool_size': 10}",0.5025,4,-0.0015000000000000568
family-noise_n-200_noise-0.4_p-20,3004,0,relative_random_bootstrap,more_resamples,"{'depth': 2, 'leaf': 5, 'tau': 0.0, 'scale': 0.0}","{'seeds': 20, 'seed_start': 2000, 'test_size': 10000, 'proposals': 200, 'pool_size': 40}",0.5043,4,0.00029999999999996696
family-interaction_mixture-0.0_n-800_p-20,3007,0,weighted_bootstrap,shallower,"{'depth': 4, 'leaf': 20, 'tau': 0.0, 'scale': 0.3}","{'seeds': 20, 'seed_start': 2000, 'test_size': 10000, 'proposals': 100, 'pool_size': 20}",0.502,16,-0.3062
family-interaction_mixture-0.0_n-800_p-20,3007,0,weighted_bootstrap,deeper,"{'depth': 6, 'leaf': 20, 'tau': 0.0, 'scale': 0.3}","{'seeds': 20, 'seed_start': 2000, 'test_size': 10000, 'proposals': 100, 'pool_size': 20}",1.0,4,0.19179999999999997
family-interaction_mixture-0.0_n-800_p-20,3007,0,weighted_bootstrap,smaller_leaves,"{'depth': 5, 'leaf': 16, 'tau': 0.0, 'scale': 0.3}","{'seeds': 20, 'seed_start': 2000, 'test_size': 10000, 'proposals': 100, 'pool_size': 20}",1.0,4,0.19179999999999997
family-interaction_mixture-0.0_n-800_p-20,3007,0,weighted_bootstrap,larger_leaves,"{'depth': 5, 'leaf': 24, 'tau': 0.0, 'scale': 0.3}","{'seeds': 20, 'seed_start': 2000, 'test_size': 10000, 'proposals': 100, 'pool_size': 20}",1.0,4,0.19179999999999997
family-interaction_mixture-0.0_n-800_p-20,3007,0,weighted_bootstrap,fewer_resamples,"{'depth': 5, 'leaf': 20, 'tau': 0.0, 'scale': 0.3}","{'seeds': 20, 'seed_start': 2000, 'test_size': 10000, 'proposals': 50, 'pool_size': 10}",1.0,4,0.19179999999999997
family-interaction_mixture-0.0_n-800_p-20,3007,0,weighted_bootstrap,more_resamples,"{'depth': 5, 'leaf': 20, 'tau': 0.0, 'scale': 0.3}","{'seeds': 20, 'seed_start': 2000, 'test_size': 10000, 'proposals': 200, 'pool_size': 40}",1.0,4,0.19179999999999997
family-noise_n-200_noise-0.4_p-20,3018,0,relative_bootstrap,shallower,"{'depth': 4, 'leaf': 20, 'tau': 0.25, 'scale': 0.0}","{'seeds': 20, 'seed_start': 2000, 'test_size': 10000, 'proposals': 100, 'pool_size': 20}",0.5268,6,0.010400000000000076
family-noise_n-200_noise-0.4_p-20,3018,0,relative_bootstrap,deeper,"{'depth': 6, 'leaf': 20, 'tau': 0.25, 'scale': 0.0}","{'seeds': 20, 'seed_start': 2000, 'test_size': 10000, 'proposals': 100, 'pool_size': 20}",0.5795,6,0.06310000000000004
family-noise_n-200_noise-0.4_p-20,3018,0,relative_bootstrap,smaller_leaves,"{'depth': 5, 'leaf': 16, 'tau': 0.25, 'scale': 0.0}","{'seeds': 20, 'seed_start': 2000, 'test_size': 10000, 'proposals': 100, 'pool_size': 20}",0.5268,6,0.010400000000000076
family-noise_n-200_noise-0.4_p-20,3018,0,relative_bootstrap,larger_leaves,"{'depth': 5, 'leaf': 24, 'tau': 0.25, 'scale': 0.0}","{'seeds': 20, 'seed_start': 2000, 'test_size': 10000, 'proposals': 100, 'pool_size': 20}",0.5995,4,0.08310000000000006
family-noise_n-200_noise-0.4_p-20,3018,0,relative_bootstrap,fewer_resamples,"{'depth': 5, 'leaf': 20, 'tau': 0.25, 'scale': 0.0}","{'seeds': 20, 'seed_start': 2000, 'test_size': 10000, 'proposals': 50, 'pool_size': 10}",0.5343,8,0.017900000000000027
family-noise_n-200_noise-0.4_p-20,3018,0,relative_bootstrap,more_resamples,"{'depth': 5, 'leaf': 20, 'tau': 0.25, 'scale': 0.0}","{'seeds': 20, 'seed_start': 2000, 'test_size': 10000, 'proposals': 200, 'pool_size': 40}",0.5591,4,0.04270000000000007
family-noise_n-200_noise-0.4_p-20,3018,0,relative_random_bootstrap,shallower,"{'depth': 4, 'leaf': 20, 'tau': 0.35, 'scale': 0.0}","{'seeds': 20, 'seed_start': 2000, 'test_size': 10000, 'proposals': 100, 'pool_size': 20}",0.5995,2,0.08310000000000006
family-noise_n-200_noise-0.4_p-20,3018,0,relative_random_bootstrap,deeper,"{'depth': 6, 'leaf': 20, 'tau': 0.35, 'scale': 0.0}","{'seeds': 20, 'seed_start': 2000, 'test_size': 10000, 'proposals': 100, 'pool_size': 20}",0.5995,2,0.08310000000000006
family-noise_n-200_noise-0.4_p-20,3018,0,relative_random_bootstrap,smaller_leaves,"{'depth': 5, 'leaf': 16, 'tau': 0.35, 'scale': 0.0}","{'seeds': 20, 'seed_start': 2000, 'test_size': 10000, 'proposals': 100, 'pool_size': 20}",0.5995,2,0.08310000000000006
family-noise_n-200_noise-0.4_p-20,3018,0,relative_random_bootstrap,larger_leaves,"{'depth': 5, 'leaf': 24, 'tau': 0.35, 'scale': 0.0}","{'seeds': 20, 'seed_start': 2000, 'test_size': 10000, 'proposals': 100, 'pool_size': 20}",0.5995,2,0.08310000000000006
family-noise_n-200_noise-0.4_p-20,3018,0,relative_random_bootstrap,fewer_resamples,"{'depth': 5, 'leaf': 20, 'tau': 0.35, 'scale': 0.0}","{'seeds': 20, 'seed_start': 2000, 'test_size': 10000, 'proposals': 50, 'pool_size': 10}",0.5995,2,0.08310000000000006
family-noise_n-200_noise-0.4_p-20,3018,0,relative_random_bootstrap,more_resamples,"{'depth': 5, 'leaf': 20, 'tau': 0.35, 'scale': 0.0}","{'seeds': 20, 'seed_start': 2000, 'test_size': 10000, 'proposals': 200, 'pool_size': 40}",0.5995,2,0.08310000000000006
family-interaction_mixture-0.0_n-800_p-20,3005,2,weighted_bootstrap,shallower,"{'depth': 4, 'leaf': 20, 'tau': 0.0, 'scale': 0.3}","{'seeds': 20, 'seed_start': 2000, 'test_size': 10000, 'proposals': 100, 'pool_size': 20}",1.0,4,0.0
family-interaction_mixture-0.0_n-800_p-20,3005,2,weighted_bootstrap,deeper,"{'depth': 6, 'leaf': 20, 'tau': 0.0, 'scale': 0.3}","{'seeds': 20, 'seed_start': 2000, 'test_size': 10000, 'proposals': 100, 'pool_size': 20}",1.0,4,0.0
family-interaction_mixture-0.0_n-800_p-20,3005,2,weighted_bootstrap,smaller_leaves,"{'depth': 5, 'leaf': 16, 'tau': 0.0, 'scale': 0.3}","{'seeds': 20, 'seed_start': 2000, 'test_size': 10000, 'proposals': 100, 'pool_size': 20}",1.0,4,0.0
family-interaction_mixture-0.0_n-800_p-20,3005,2,weighted_bootstrap,larger_leaves,"{'depth': 5, 'leaf': 24, 'tau': 0.0, 'scale': 0.3}","{'seeds': 20, 'seed_start': 2000, 'test_size': 10000, 'proposals': 100, 'pool_size': 20}",1.0,4,0.0
family-interaction_mixture-0.0_n-800_p-20,3005,2,weighted_bootstrap,fewer_resamples,"{'depth': 5, 'leaf': 20, 'tau': 0.0, 'scale': 0.3}","{'seeds': 20, 'seed_start': 2000, 'test_size': 10000, 'proposals': 50, 'pool_size': 10}",1.0,4,0.0
family-interaction_mixture-0.0_n-800_p-20,3005,2,weighted_bootstrap,more_resamples,"{'depth': 5, 'leaf': 20, 'tau': 0.0, 'scale': 0.3}","{'seeds': 20, 'seed_start': 2000, 'test_size': 10000, 'proposals': 200, 'pool_size': 40}",1.0,4,0.0
family-interaction_mixture-0.0_n-800_p-20,3002,1,weighted_bootstrap,shallower,"{'depth': 4, 'leaf': 20, 'tau': 0.0, 'scale': 0.3}","{'seeds': 20, 'seed_start': 2000, 'test_size': 10000, 'proposals': 100, 'pool_size': 20}",1.0,4,0.4155
family-interaction_mixture-0.0_n-800_p-20,3002,1,weighted_bootstrap,deeper,"{'depth': 6, 'leaf': 20, 'tau': 0.0, 'scale': 0.3}","{'seeds': 20, 'seed_start': 2000, 'test_size': 10000, 'proposals': 100, 'pool_size': 20}",1.0,4,0.4155
family-interaction_mixture-0.0_n-800_p-20,3002,1,weighted_bootstrap,smaller_leaves,"{'depth': 5, 'leaf': 16, 'tau': 0.0, 'scale': 0.3}","{'seeds': 20, 'seed_start': 2000, 'test_size': 10000, 'proposals': 100, 'pool_size': 20}",1.0,4,0.4155
family-interaction_mixture-0.0_n-800_p-20,3002,1,weighted_bootstrap,larger_leaves,"{'depth': 5, 'leaf': 24, 'tau': 0.0, 'scale': 0.3}","{'seeds': 20, 'seed_start': 2000, 'test_size': 10000, 'proposals': 100, 'pool_size': 20}",1.0,4,0.4155
family-interaction_mixture-0.0_n-800_p-20,3002,1,weighted_bootstrap,fewer_resamples,"{'depth': 5, 'leaf': 20, 'tau': 0.0, 'scale': 0.3}","{'seeds': 20, 'seed_start': 2000, 'test_size': 10000, 'proposals': 50, 'pool_size': 10}",1.0,4,0.4155
family-interaction_mixture-0.0_n-800_p-20,3002,1,weighted_bootstrap,more_resamples,"{'depth': 5, 'leaf': 20, 'tau': 0.0, 'scale': 0.3}","{'seeds': 20, 'seed_start': 2000, 'test_size': 10000, 'proposals': 200, 'pool_size': 40}",1.0,4,0.4155
family-interaction_mixture-0.0_n-800_p-20,3001,1,weighted_bootstrap,shallower,"{'depth': 4, 'leaf': 5, 'tau': 0.0, 'scale': 1.0}","{'seeds': 20, 'seed_start': 2000, 'test_size': 10000, 'proposals': 100, 'pool_size': 20}",1.0,4,0.3125
family-interaction_mixture-0.0_n-800_p-20,3001,1,weighted_bootstrap,deeper,"{'depth': 6, 'leaf': 5, 'tau': 0.0, 'scale': 1.0}","{'seeds': 20, 'seed_start': 2000, 'test_size': 10000, 'proposals': 100, 'pool_size': 20}",1.0,4,0.3125
family-interaction_mixture-0.0_n-800_p-20,3001,1,weighted_bootstrap,smaller_leaves,"{'depth': 5, 'leaf': 4, 'tau': 0.0, 'scale': 1.0}","{'seeds': 20, 'seed_start': 2000, 'test_size': 10000, 'proposals': 100, 'pool_size': 20}",1.0,4,0.3125
family-interaction_mixture-0.0_n-800_p-20,3001,1,weighted_bootstrap,larger_leaves,"{'depth': 5, 'leaf': 6, 'tau': 0.0, 'scale': 1.0}","{'seeds': 20, 'seed_start': 2000, 'test_size': 10000, 'proposals': 100, 'pool_size': 20}",1.0,4,0.3125
family-interaction_mixture-0.0_n-800_p-20,3001,1,weighted_bootstrap,fewer_resamples,"{'depth': 5, 'leaf': 5, 'tau': 0.0, 'scale': 1.0}","{'seeds': 20, 'seed_start': 2000, 'test_size': 10000, 'proposals': 50, 'pool_size': 10}",0.8096,20,0.12209999999999999
family-interaction_mixture-0.0_n-800_p-20,3001,1,weighted_bootstrap,more_resamples,"{'depth': 5, 'leaf': 5, 'tau': 0.0, 'scale': 1.0}","{'seeds': 20, 'seed_start': 2000, 'test_size': 10000, 'proposals': 200, 'pool_size': 40}",1.0,4,0.3125
family-interaction_mixture-0.0_n-800_p-20,3006,2,weighted_bootstrap,shallower,"{'depth': 4, 'leaf': 20, 'tau': 0.0, 'scale': 0.3}","{'seeds': 20, 'seed_start': 2000, 'test_size': 10000, 'proposals': 100, 'pool_size': 20}",1.0,8,0.23350000000000004
family-interaction_mixture-0.0_n-800_p-20,3006,2,weighted_bootstrap,deeper,"{'depth': 6, 'leaf': 20, 'tau': 0.0, 'scale': 0.3}","{'seeds': 20, 'seed_start': 2000, 'test_size': 10000, 'proposals': 100, 'pool_size': 20}",1.0,4,0.23350000000000004
family-interaction_mixture-0.0_n-800_p-20,3006,2,weighted_bootstrap,smaller_leaves,"{'depth': 5, 'leaf': 16, 'tau': 0.0, 'scale': 0.3}","{'seeds': 20, 'seed_start': 2000, 'test_size': 10000, 'proposals': 100, 'pool_size': 20}",1.0,4,0.23350000000000004
family-interaction_mixture-0.0_n-800_p-20,3006,2,weighted_bootstrap,larger_leaves,"{'depth': 5, 'leaf': 24, 'tau': 0.0, 'scale': 0.3}","{'seeds': 20, 'seed_start': 2000, 'test_size': 10000, 'proposals': 100, 'pool_size': 20}",1.0,4,0.23350000000000004
family-interaction_mixture-0.0_n-800_p-20,3006,2,weighted_bootstrap,fewer_resamples,"{'depth': 5, 'leaf': 20, 'tau': 0.0, 'scale': 0.3}","{'seeds': 20, 'seed_start': 2000, 'test_size': 10000, 'proposals': 50, 'pool_size': 10}",1.0,4,0.23350000000000004
family-interaction_mixture-0.0_n-800_p-20,3006,2,weighted_bootstrap,more_resamples,"{'depth': 5, 'leaf': 20, 'tau': 0.0, 'scale': 0.3}","{'seeds': 20, 'seed_start': 2000, 'test_size': 10000, 'proposals': 200, 'pool_size': 40}",1.0,4,0.23350000000000004
family-interaction_mixture-0.0_n-800_p-20,3018,0,weighted_bootstrap,shallower,"{'depth': 4, 'leaf': 5, 'tau': 0.0, 'scale': 0.3}","{'seeds': 20, 'seed_start': 2000, 'test_size': 10000, 'proposals': 100, 'pool_size': 20}",1.0,16,0.33640000000000003
family-interaction_mixture-0.0_n-800_p-20,3018,0,weighted_bootstrap,deeper,"{'depth': 6, 'leaf': 5, 'tau': 0.0, 'scale': 0.3}","{'seeds': 20, 'seed_start': 2000, 'test_size': 10000, 'proposals': 100, 'pool_size': 20}",1.0,4,0.33640000000000003
family-interaction_mixture-0.0_n-800_p-20,3018,0,weighted_bootstrap,smaller_leaves,"{'depth': 5, 'leaf': 4, 'tau': 0.0, 'scale': 0.3}","{'seeds': 20, 'seed_start': 2000, 'test_size': 10000, 'proposals': 100, 'pool_size': 20}",1.0,4,0.33640000000000003
family-interaction_mixture-0.0_n-800_p-20,3018,0,weighted_bootstrap,larger_leaves,"{'depth': 5, 'leaf': 6, 'tau': 0.0, 'scale': 0.3}","{'seeds': 20, 'seed_start': 2000, 'test_size': 10000, 'proposals': 100, 'pool_size': 20}",1.0,4,0.33640000000000003
family-interaction_mixture-0.0_n-800_p-20,3018,0,weighted_bootstrap,fewer_resamples,"{'depth': 5, 'leaf': 5, 'tau': 0.0, 'scale': 0.3}","{'seeds': 20, 'seed_start': 2000, 'test_size': 10000, 'proposals': 50, 'pool_size': 10}",0.4995,32,-0.16409999999999997
family-interaction_mixture-0.0_n-800_p-20,3018,0,weighted_bootstrap,more_resamples,"{'depth': 5, 'leaf': 5, 'tau': 0.0, 'scale': 0.3}","{'seeds': 20, 'seed_start': 2000, 'test_size': 10000, 'proposals': 200, 'pool_size': 40}",1.0,16,0.33640000000000003
family-interaction_mixture-0.0_n-800_p-20,3004,0,weighted_bootstrap,shallower,"{'depth': 4, 'leaf': 20, 'tau': 0.0, 'scale': 1.0}","{'seeds': 20, 'seed_start': 2000, 'test_size': 10000, 'proposals': 100, 'pool_size': 20}",0.4966,16,-0.23700000000000004
family-interaction_mixture-0.0_n-800_p-20,3004,0,weighted_bootstrap,deeper,"{'depth': 6, 'leaf': 20, 'tau': 0.0, 'scale': 1.0}","{'seeds': 20, 'seed_start': 2000, 'test_size': 10000, 'proposals': 100, 'pool_size': 20}",0.9689,20,0.23529999999999995
family-interaction_mixture-0.0_n-800_p-20,3004,0,weighted_bootstrap,smaller_leaves,"{'depth': 5, 'leaf': 16, 'tau': 0.0, 'scale': 1.0}","{'seeds': 20, 'seed_start': 2000, 'test_size': 10000, 'proposals': 100, 'pool_size': 20}",1.0,12,0.26639999999999997
family-interaction_mixture-0.0_n-800_p-20,3004,0,weighted_bootstrap,larger_leaves,"{'depth': 5, 'leaf': 24, 'tau': 0.0, 'scale': 1.0}","{'seeds': 20, 'seed_start': 2000, 'test_size': 10000, 'proposals': 100, 'pool_size': 20}",1.0,8,0.26639999999999997
family-interaction_mixture-0.0_n-800_p-20,3004,0,weighted_bootstrap,fewer_resamples,"{'depth': 5, 'leaf': 20, 'tau': 0.0, 'scale': 1.0}","{'seeds': 20, 'seed_start': 2000, 'test_size': 10000, 'proposals': 50, 'pool_size': 10}",0.6204,25,-0.11320000000000008
family-interaction_mixture-0.0_n-800_p-20,3004,0,weighted_bootstrap,more_resamples,"{'depth': 5, 'leaf': 20, 'tau': 0.0, 'scale': 1.0}","{'seeds': 20, 'seed_start': 2000, 'test_size': 10000, 'proposals': 200, 'pool_size': 40}",1.0,4,0.26639999999999997
family-noise_n-200_noise-0.4_p-20,3007,0,relative_bootstrap,shallower,"{'depth': 1, 'leaf': 20, 'tau': 0.0, 'scale': 0.0}","{'seeds': 20, 'seed_start': 2000, 'test_size': 10000, 'proposals': 100, 'pool_size': 20}",0.5991,2,0.020399999999999974
family-noise_n-200_noise-0.4_p-20,3007,0,relative_bootstrap,deeper,"{'depth': 3, 'leaf': 20, 'tau': 0.0, 'scale': 0.0}","{'seeds': 20, 'seed_start': 2000, 'test_size': 10000, 'proposals': 100, 'pool_size': 20}",0.5991,6,0.020399999999999974
family-noise_n-200_noise-0.4_p-20,3007,0,relative_bootstrap,smaller_leaves,"{'depth': 2, 'leaf': 16, 'tau': 0.0, 'scale': 0.0}","{'seeds': 20, 'seed_start': 2000, 'test_size': 10000, 'proposals': 100, 'pool_size': 20}",0.5792,4,0.000500000000000056
family-noise_n-200_noise-0.4_p-20,3007,0,relative_bootstrap,larger_leaves,"{'depth': 2, 'leaf': 24, 'tau': 0.0, 'scale': 0.0}","{'seeds': 20, 'seed_start': 2000, 'test_size': 10000, 'proposals': 100, 'pool_size': 20}",0.5991,4,0.020399999999999974
family-noise_n-200_noise-0.4_p-20,3007,0,relative_bootstrap,fewer_resamples,"{'depth': 2, 'leaf': 20, 'tau': 0.0, 'scale': 0.0}","{'seeds': 20, 'seed_start': 2000, 'test_size': 10000, 'proposals': 50, 'pool_size': 10}",0.5991,4,0.020399999999999974
family-noise_n-200_noise-0.4_p-20,3007,0,relative_bootstrap,more_resamples,"{'depth': 2, 'leaf': 20, 'tau': 0.0, 'scale': 0.0}","{'seeds': 20, 'seed_start': 2000, 'test_size': 10000, 'proposals': 200, 'pool_size': 40}",0.5991,4,0.020399999999999974
family-noise_n-200_noise-0.4_p-20,3007,0,relative_random_bootstrap,shallower,"{'depth': 4, 'leaf': 5, 'tau': 0.5, 'scale': 0.0}","{'seeds': 20, 'seed_start': 2000, 'test_size': 10000, 'proposals': 100, 'pool_size': 20}",0.5991,2,0.020399999999999974
family-noise_n-200_noise-0.4_p-20,3007,0,relative_random_bootstrap,deeper,"{'depth': 6, 'leaf': 5, 'tau': 0.5, 'scale': 0.0}","{'seeds': 20, 'seed_start': 2000, 'test_size': 10000, 'proposals': 100, 'pool_size': 20}",0.5991,2,0.020399999999999974
family-noise_n-200_noise-0.4_p-20,3007,0,relative_random_bootstrap,smaller_leaves,"{'depth': 5, 'leaf': 4, 'tau': 0.5, 'scale': 0.0}","{'seeds': 20, 'seed_start': 2000, 'test_size': 10000, 'proposals': 100, 'pool_size': 20}",0.5991,2,0.020399999999999974
family-noise_n-200_noise-0.4_p-20,3007,0,relative_random_bootstrap,larger_leaves,"{'depth': 5, 'leaf': 6, 'tau': 0.5, 'scale': 0.0}","{'seeds': 20, 'seed_start': 2000, 'test_size': 10000, 'proposals': 100, 'pool_size': 20}",0.5991,2,0.020399999999999974
family-noise_n-200_noise-0.4_p-20,3007,0,relative_random_bootstrap,fewer_resamples,"{'depth': 5, 'leaf': 5, 'tau': 0.5, 'scale': 0.0}","{'seeds': 20, 'seed_start': 2000, 'test_size': 10000, 'proposals': 50, 'pool_size': 10}",0.5991,2,0.020399999999999974
family-noise_n-200_noise-0.4_p-20,3007,0,relative_random_bootstrap,more_resamples,"{'depth': 5, 'leaf': 5, 'tau': 0.5, 'scale': 0.0}","{'seeds': 20, 'seed_start': 2000, 'test_size': 10000, 'proposals': 200, 'pool_size': 40}",0.5991,2,0.020399999999999974
family-interaction_mixture-0.0_n-800_p-20,3008,1,weighted_bootstrap,shallower,"{'depth': 4, 'leaf': 20, 'tau': 0.0, 'scale': 0.3}","{'seeds': 20, 'seed_start': 2000, 'test_size': 10000, 'proposals': 100, 'pool_size': 20}",0.503,16,-0.3942
family-interaction_mixture-0.0_n-800_p-20,3008,1,weighted_bootstrap,deeper,"{'depth': 6, 'leaf': 20, 'tau': 0.0, 'scale': 0.3}","{'seeds': 20, 'seed_start': 2000, 'test_size': 10000, 'proposals': 100, 'pool_size': 20}",1.0,4,0.1028
family-interaction_mixture-0.0_n-800_p-20,3008,1,weighted_bootstrap,smaller_leaves,"{'depth': 5, 'leaf': 16, 'tau': 0.0, 'scale': 0.3}","{'seeds': 20, 'seed_start': 2000, 'test_size': 10000, 'proposals': 100, 'pool_size': 20}",1.0,4,0.1028
family-interaction_mixture-0.0_n-800_p-20,3008,1,weighted_bootstrap,larger_leaves,"{'depth': 5, 'leaf': 24, 'tau': 0.0, 'scale': 0.3}","{'seeds': 20, 'seed_start': 2000, 'test_size': 10000, 'proposals': 100, 'pool_size': 20}",1.0,4,0.1028
family-interaction_mixture-0.0_n-800_p-20,3008,1,weighted_bootstrap,fewer_resamples,"{'depth': 5, 'leaf': 20, 'tau': 0.0, 'scale': 0.3}","{'seeds': 20, 'seed_start': 2000, 'test_size': 10000, 'proposals': 50, 'pool_size': 10}",0.5283,31,-0.3689
family-interaction_mixture-0.0_n-800_p-20,3008,1,weighted_bootstrap,more_resamples,"{'depth': 5, 'leaf': 20, 'tau': 0.0, 'scale': 0.3}","{'seeds': 20, 'seed_start': 2000, 'test_size': 10000, 'proposals': 200, 'pool_size': 40}",1.0,4,0.1028
family-interaction_mixture-0.0_n-800_p-20,3011,0,weighted_bootstrap,shallower,"{'depth': 1, 'leaf': 20, 'tau': 0.0, 'scale': 1.0}","{'seeds': 20, 'seed_start': 2000, 'test_size': 10000, 'proposals': 100, 'pool_size': 20}",0.4984,2,-0.4551
family-interaction_mixture-0.0_n-800_p-20,3011,0,weighted_bootstrap,deeper,"{'depth': 3, 'leaf': 20, 'tau': 0.0, 'scale': 1.0}","{'seeds': 20, 'seed_start': 2000, 'test_size': 10000, 'proposals': 100, 'pool_size': 20}",1.0,4,0.046499999999999986
family-interaction_mixture-0.0_n-800_p-20,3011,0,weighted_bootstrap,smaller_leaves,"{'depth': 2, 'leaf': 16, 'tau': 0.0, 'scale': 1.0}","{'seeds': 20, 'seed_start': 2000, 'test_size': 10000, 'proposals': 100, 'pool_size': 20}",1.0,4,0.046499999999999986
family-interaction_mixture-0.0_n-800_p-20,3011,0,weighted_bootstrap,larger_leaves,"{'depth': 2, 'leaf': 24, 'tau': 0.0, 'scale': 1.0}","{'seeds': 20, 'seed_start': 2000, 'test_size': 10000, 'proposals': 100, 'pool_size': 20}",1.0,4,0.046499999999999986
family-interaction_mixture-0.0_n-800_p-20,3011,0,weighted_bootstrap,fewer_resamples,"{'depth': 2, 'leaf': 20, 'tau': 0.0, 'scale': 1.0}","{'seeds': 20, 'seed_start': 2000, 'test_size': 10000, 'proposals': 50, 'pool_size': 10}",1.0,4,0.046499999999999986
family-interaction_mixture-0.0_n-800_p-20,3011,0,weighted_bootstrap,more_resamples,"{'depth': 2, 'leaf': 20, 'tau': 0.0, 'scale': 1.0}","{'seeds': 20, 'seed_start': 2000, 'test_size': 10000, 'proposals': 200, 'pool_size': 40}",1.0,4,0.046499999999999986
family-noise_n-200_noise-0.4_p-20,3012,0,relative_bootstrap,shallower,"{'depth': 4, 'leaf': 20, 'tau': 0.35, 'scale': 0.0}","{'seeds': 20, 'seed_start': 2000, 'test_size': 10000, 'proposals': 100, 'pool_size': 20}",0.5564,6,0.05130000000000001
family-noise_n-200_noise-0.4_p-20,3012,0,relative_bootstrap,deeper,"{'depth': 6, 'leaf': 20, 'tau': 0.35, 'scale': 0.0}","{'seeds': 20, 'seed_start': 2000, 'test_size': 10000, 'proposals': 100, 'pool_size': 20}",0.5564,6,0.05130000000000001
family-noise_n-200_noise-0.4_p-20,3012,0,relative_bootstrap,smaller_leaves,"{'depth': 5, 'leaf': 16, 'tau': 0.35, 'scale': 0.0}","{'seeds': 20, 'seed_start': 2000, 'test_size': 10000, 'proposals': 100, 'pool_size': 20}",0.5301,8,0.025000000000000022
family-noise_n-200_noise-0.4_p-20,3012,0,relative_bootstrap,larger_leaves,"{'depth': 5, 'leaf': 24, 'tau': 0.35, 'scale': 0.0}","{'seeds': 20, 'seed_start': 2000, 'test_size': 10000, 'proposals': 100, 'pool_size': 20}",0.5965,4,0.09140000000000004
family-noise_n-200_noise-0.4_p-20,3012,0,relative_bootstrap,fewer_resamples,"{'depth': 5, 'leaf': 20, 'tau': 0.35, 'scale': 0.0}","{'seeds': 20, 'seed_start': 2000, 'test_size': 10000, 'proposals': 50, 'pool_size': 10}",0.5061,7,0.0010000000000000009
family-noise_n-200_noise-0.4_p-20,3012,0,relative_bootstrap,more_resamples,"{'depth': 5, 'leaf': 20, 'tau': 0.35, 'scale': 0.0}","{'seeds': 20, 'seed_start': 2000, 'test_size': 10000, 'proposals': 200, 'pool_size': 40}",0.5722,5,0.06710000000000005
family-noise_n-200_noise-0.4_p-20,3012,0,relative_random_bootstrap,shallower,"{'depth': 4, 'leaf': 5, 'tau': 0.0, 'scale': 0.0}","{'seeds': 20, 'seed_start': 2000, 'test_size': 10000, 'proposals': 100, 'pool_size': 20}",0.5444,13,0.0393
family-noise_n-200_noise-0.4_p-20,3012,0,relative_random_bootstrap,deeper,"{'depth': 6, 'leaf': 5, 'tau': 0.0, 'scale': 0.0}","{'seeds': 20, 'seed_start': 2000, 'test_size': 10000, 'proposals': 100, 'pool_size': 20}",0.5423,22,0.03720000000000001
family-noise_n-200_noise-0.4_p-20,3012,0,relative_random_bootstrap,smaller_leaves,"{'depth': 5, 'leaf': 4, 'tau': 0.0, 'scale': 0.0}","{'seeds': 20, 'seed_start': 2000, 'test_size': 10000, 'proposals': 100, 'pool_size': 20}",0.5471,22,0.04200000000000004
family-noise_n-200_noise-0.4_p-20,3012,0,relative_random_bootstrap,larger_leaves,"{'depth': 5, 'leaf': 6, 'tau': 0.0, 'scale': 0.0}","{'seeds': 20, 'seed_start': 2000, 'test_size': 10000, 'proposals': 100, 'pool_size': 20}",0.5391,19,0.03400000000000003
family-noise_n-200_noise-0.4_p-20,3012,0,relative_random_bootstrap,fewer_resamples,"{'depth': 5, 'leaf': 5, 'tau': 0.0, 'scale': 0.0}","{'seeds': 20, 'seed_start': 2000, 'test_size': 10000, 'proposals': 50, 'pool_size': 10}",0.5677,20,0.06259999999999999
family-noise_n-200_noise-0.4_p-20,3012,0,relative_random_bootstrap,more_resamples,"{'depth': 5, 'leaf': 5, 'tau': 0.0, 'scale': 0.0}","{'seeds': 20, 'seed_start': 2000, 'test_size': 10000, 'proposals': 200, 'pool_size': 40}",0.5505,21,0.045399999999999996
family-interaction_mixture-0.0_n-800_p-20,3014,1,weighted_bootstrap,shallower,"{'depth': 4, 'leaf': 5, 'tau': 0.0, 'scale': 1.0}","{'seeds': 20, 'seed_start': 2000, 'test_size': 10000, 'proposals': 100, 'pool_size': 20}",1.0,4,0.24270000000000003
family-interaction_mixture-0.0_n-800_p-20,3014,1,weighted_bootstrap,deeper,"{'depth': 6, 'leaf': 5, 'tau': 0.0, 'scale': 1.0}","{'seeds': 20, 'seed_start': 2000, 'test_size': 10000, 'proposals': 100, 'pool_size': 20}",1.0,4,0.24270000000000003
family-interaction_mixture-0.0_n-800_p-20,3014,1,weighted_bootstrap,smaller_leaves,"{'depth': 5, 'leaf': 4, 'tau': 0.0, 'scale': 1.0}","{'seeds': 20, 'seed_start': 2000, 'test_size': 10000, 'proposals': 100, 'pool_size': 20}",1.0,4,0.24270000000000003
family-interaction_mixture-0.0_n-800_p-20,3014,1,weighted_bootstrap,larger_leaves,"{'depth': 5, 'leaf': 6, 'tau': 0.0, 'scale': 1.0}","{'seeds': 20, 'seed_start': 2000, 'test_size': 10000, 'proposals': 100, 'pool_size': 20}",1.0,4,0.24270000000000003
family-interaction_mixture-0.0_n-800_p-20,3014,1,weighted_bootstrap,fewer_resamples,"{'depth': 5, 'leaf': 5, 'tau': 0.0, 'scale': 1.0}","{'seeds': 20, 'seed_start': 2000, 'test_size': 10000, 'proposals': 50, 'pool_size': 10}",1.0,4,0.24270000000000003
family-interaction_mixture-0.0_n-800_p-20,3014,1,weighted_bootstrap,more_resamples,"{'depth': 5, 'leaf': 5, 'tau': 0.0, 'scale': 1.0}","{'seeds': 20, 'seed_start': 2000, 'test_size': 10000, 'proposals': 200, 'pool_size': 40}",1.0,4,0.24270000000000003
family-interaction_mixture-0.0_n-800_p-20,3013,2,weighted_bootstrap,shallower,"{'depth': 4, 'leaf': 20, 'tau': 0.0, 'scale': 0.3}","{'seeds': 20, 'seed_start': 2000, 'test_size': 10000, 'proposals': 100, 'pool_size': 20}",1.0,4,0.1735
family-interaction_mixture-0.0_n-800_p-20,3013,2,weighted_bootstrap,deeper,"{'depth': 6, 'leaf': 20, 'tau': 0.0, 'scale': 0.3}","{'seeds': 20, 'seed_start': 2000, 'test_size': 10000, 'proposals': 100, 'pool_size': 20}",1.0,4,0.1735
family-interaction_mixture-0.0_n-800_p-20,3013,2,weighted_bootstrap,smaller_leaves,"{'depth': 5, 'leaf': 16, 'tau': 0.0, 'scale': 0.3}","{'seeds': 20, 'seed_start': 2000, 'test_size': 10000, 'proposals': 100, 'pool_size': 20}",1.0,4,0.1735
family-interaction_mixture-0.0_n-800_p-20,3013,2,weighted_bootstrap,larger_leaves,"{'depth': 5, 'leaf': 24, 'tau': 0.0, 'scale': 0.3}","{'seeds': 20, 'seed_start': 2000, 'test_size': 10000, 'proposals': 100, 'pool_size': 20}",1.0,4,0.1735
family-interaction_mixture-0.0_n-800_p-20,3013,2,weighted_bootstrap,fewer_resamples,"{'depth': 5, 'leaf': 20, 'tau': 0.0, 'scale': 0.3}","{'seeds': 20, 'seed_start': 2000, 'test_size': 10000, 'proposals': 50, 'pool_size': 10}",1.0,4,0.1735
family-interaction_mixture-0.0_n-800_p-20,3013,2,weighted_bootstrap,more_resamples,"{'depth': 5, 'leaf': 20, 'tau': 0.0, 'scale': 0.3}","{'seeds': 20, 'seed_start': 2000, 'test_size': 10000, 'proposals': 200, 'pool_size': 40}",1.0,4,0.1735
family-noise_n-200_noise-0.4_p-20,3017,0,relative_random_bootstrap,shallower,"{'depth': 4, 'leaf': 20, 'tau': 0.25, 'scale': 0.0}","{'seeds': 20, 'seed_start': 2000, 'test_size': 10000, 'proposals': 100, 'pool_size': 20}",0.5554,8,0.053200000000000025
family-noise_n-200_noise-0.4_p-20,3017,0,relative_random_bootstrap,deeper,"{'depth': 6, 'leaf': 20, 'tau': 0.25, 'scale': 0.0}","{'seeds': 20, 'seed_start': 2000, 'test_size': 10000, 'proposals': 100, 'pool_size': 20}",0.5554,8,0.053200000000000025
family-noise_n-200_noise-0.4_p-20,3017,0,relative_random_bootstrap,smaller_leaves,"{'depth': 5, 'leaf': 16, 'tau': 0.25, 'scale': 0.0}","{'seeds': 20, 'seed_start': 2000, 'test_size': 10000, 'proposals': 100, 'pool_size': 20}",0.5383,10,0.03610000000000002
family-noise_n-200_noise-0.4_p-20,3017,0,relative_random_bootstrap,larger_leaves,"{'depth': 5, 'leaf': 24, 'tau': 0.25, 'scale': 0.0}","{'seeds': 20, 'seed_start': 2000, 'test_size': 10000, 'proposals': 100, 'pool_size': 20}",0.5612,7,0.05900000000000005
family-noise_n-200_noise-0.4_p-20,3017,0,relative_random_bootstrap,fewer_resamples,"{'depth': 5, 'leaf': 20, 'tau': 0.25, 'scale': 0.0}","{'seeds': 20, 'seed_start': 2000, 'test_size': 10000, 'proposals': 50, 'pool_size': 10}",0.499,6,-0.0031999999999999806
family-noise_n-200_noise-0.4_p-20,3017,0,relative_random_bootstrap,more_resamples,"{'depth': 5, 'leaf': 20, 'tau': 0.25, 'scale': 0.0}","{'seeds': 20, 'seed_start': 2000, 'test_size': 10000, 'proposals': 200, 'pool_size': 40}",0.5516,8,0.0494
family-noise_n-200_noise-0.4_p-20,3017,0,relative_bootstrap,shallower,"{'depth': 4, 'leaf': 5, 'tau': 0.35, 'scale': 0.0}","{'seeds': 20, 'seed_start': 2000, 'test_size': 10000, 'proposals': 100, 'pool_size': 20}",0.5657,11,0.0635
family-noise_n-200_noise-0.4_p-20,3017,0,relative_bootstrap,deeper,"{'depth': 6, 'leaf': 5, 'tau': 0.35, 'scale': 0.0}","{'seeds': 20, 'seed_start': 2000, 'test_size': 10000, 'proposals': 100, 'pool_size': 20}",0.5281,18,0.025900000000000034
family-noise_n-200_noise-0.4_p-20,3017,0,relative_bootstrap,smaller_leaves,"{'depth': 5, 'leaf': 4, 'tau': 0.35, 'scale': 0.0}","{'seeds': 20, 'seed_start': 2000, 'test_size': 10000, 'proposals': 100, 'pool_size': 20}",0.5026,17,0.00040000000000006697
family-noise_n-200_noise-0.4_p-20,3017,0,relative_bootstrap,larger_leaves,"{'depth': 5, 'leaf': 6, 'tau': 0.35, 'scale': 0.0}","{'seeds': 20, 'seed_start': 2000, 'test_size': 10000, 'proposals': 100, 'pool_size': 20}",0.5488,12,0.046599999999999975
family-noise_n-200_noise-0.4_p-20,3017,0,relative_bootstrap,fewer_resamples,"{'depth': 5, 'leaf': 5, 'tau': 0.35, 'scale': 0.0}","{'seeds': 20, 'seed_start': 2000, 'test_size': 10000, 'proposals': 50, 'pool_size': 10}",0.5324,20,0.030200000000000005
family-noise_n-200_noise-0.4_p-20,3017,0,relative_bootstrap,more_resamples,"{'depth': 5, 'leaf': 5, 'tau': 0.35, 'scale': 0.0}","{'seeds': 20, 'seed_start': 2000, 'test_size': 10000, 'proposals': 200, 'pool_size': 40}",0.5474,14,0.04520000000000002
family-interaction_mixture-0.0_n-800_p-20,3014,0,weighted_bootstrap,shallower,"{'depth': 4, 'leaf': 5, 'tau': 0.0, 'scale': 0.6}","{'seeds': 20, 'seed_start': 2000, 'test_size': 10000, 'proposals': 100, 'pool_size': 20}",1.0,4,0.25070000000000003
family-interaction_mixture-0.0_n-800_p-20,3014,0,weighted_bootstrap,deeper,"{'depth': 6, 'leaf': 5, 'tau': 0.0, 'scale': 0.6}","{'seeds': 20, 'seed_start': 2000, 'test_size': 10000, 'proposals': 100, 'pool_size': 20}",1.0,4,0.25070000000000003
family-interaction_mixture-0.0_n-800_p-20,3014,0,weighted_bootstrap,smaller_leaves,"{'depth': 5, 'leaf': 4, 'tau': 0.0, 'scale': 0.6}","{'seeds': 20, 'seed_start': 2000, 'test_size': 10000, 'proposals': 100, 'pool_size': 20}",1.0,4,0.25070000000000003
family-interaction_mixture-0.0_n-800_p-20,3014,0,weighted_bootstrap,larger_leaves,"{'depth': 5, 'leaf': 6, 'tau': 0.0, 'scale': 0.6}","{'seeds': 20, 'seed_start': 2000, 'test_size': 10000, 'proposals': 100, 'pool_size': 20}",1.0,4,0.25070000000000003
family-interaction_mixture-0.0_n-800_p-20,3014,0,weighted_bootstrap,fewer_resamples,"{'depth': 5, 'leaf': 5, 'tau': 0.0, 'scale': 0.6}","{'seeds': 20, 'seed_start': 2000, 'test_size': 10000, 'proposals': 50, 'pool_size': 10}",1.0,4,0.25070000000000003
family-interaction_mixture-0.0_n-800_p-20,3014,0,weighted_bootstrap,more_resamples,"{'depth': 5, 'leaf': 5, 'tau': 0.0, 'scale': 0.6}","{'seeds': 20, 'seed_start': 2000, 'test_size': 10000, 'proposals': 200, 'pool_size': 40}",1.0,4,0.25070000000000003
family-interaction_mixture-0.0_n-800_p-20,3016,2,weighted_bootstrap,shallower,"{'depth': 4, 'leaf': 20, 'tau': 0.0, 'scale': 0.3}","{'seeds': 20, 'seed_start': 2000, 'test_size': 10000, 'proposals': 100, 'pool_size': 20}",1.0,16,0.21440000000000003
family-interaction_mixture-0.0_n-800_p-20,3016,2,weighted_bootstrap,deeper,"{'depth': 6, 'leaf': 20, 'tau': 0.0, 'scale': 0.3}","{'seeds': 20, 'seed_start': 2000, 'test_size': 10000, 'proposals': 100, 'pool_size': 20}",1.0,8,0.21440000000000003
family-interaction_mixture-0.0_n-800_p-20,3016,2,weighted_bootstrap,smaller_leaves,"{'depth': 5, 'leaf': 16, 'tau': 0.0, 'scale': 0.3}","{'seeds': 20, 'seed_start': 2000, 'test_size': 10000, 'proposals': 100, 'pool_size': 20}",1.0,8,0.21440000000000003
family-interaction_mixture-0.0_n-800_p-20,3016,2,weighted_bootstrap,larger_leaves,"{'depth': 5, 'leaf': 24, 'tau': 0.0, 'scale': 0.3}","{'seeds': 20, 'seed_start': 2000, 'test_size': 10000, 'proposals': 100, 'pool_size': 20}",1.0,8,0.21440000000000003
family-interaction_mixture-0.0_n-800_p-20,3016,2,weighted_bootstrap,fewer_resamples,"{'depth': 5, 'leaf': 20, 'tau': 0.0, 'scale': 0.3}","{'seeds': 20, 'seed_start': 2000, 'test_size': 10000, 'proposals': 50, 'pool_size': 10}",0.7186,28,-0.06699999999999995
family-interaction_mixture-0.0_n-800_p-20,3016,2,weighted_bootstrap,more_resamples,"{'depth': 5, 'leaf': 20, 'tau': 0.0, 'scale': 0.3}","{'seeds': 20, 'seed_start': 2000, 'test_size': 10000, 'proposals': 200, 'pool_size': 40}",1.0,4,0.21440000000000003
family-interaction_mixture-0.0_n-800_p-20,3011,1,weighted_bootstrap,shallower,"{'depth': 1, 'leaf': 20, 'tau': 0.0, 'scale': 1.0}","{'seeds': 20, 'seed_start': 2000, 'test_size': 10000, 'proposals': 100, 'pool_size': 20}",0.4984,2,-0.45690000000000003
family-interaction_mixture-0.0_n-800_p-20,3011,1,weighted_bootstrap,deeper,"{'depth': 3, 'leaf': 20, 'tau': 0.0, 'scale': 1.0}","{'seeds': 20, 'seed_start': 2000, 'test_size': 10000, 'proposals': 100, 'pool_size': 20}",1.0,4,0.04469999999999996
family-interaction_mixture-0.0_n-800_p-20,3011,1,weighted_bootstrap,smaller_leaves,"{'depth': 2, 'leaf': 16, 'tau': 0.0, 'scale': 1.0}","{'seeds': 20, 'seed_start': 2000, 'test_size': 10000, 'proposals': 100, 'pool_size': 20}",1.0,4,0.04469999999999996
family-interaction_mixture-0.0_n-800_p-20,3011,1,weighted_bootstrap,larger_leaves,"{'depth': 2, 'leaf': 24, 'tau': 0.0, 'scale': 1.0}","{'seeds': 20, 'seed_start': 2000, 'test_size': 10000, 'proposals': 100, 'pool_size': 20}",1.0,4,0.04469999999999996
family-interaction_mixture-0.0_n-800_p-20,3011,1,weighted_bootstrap,fewer_resamples,"{'depth': 2, 'leaf': 20, 'tau': 0.0, 'scale': 1.0}","{'seeds': 20, 'seed_start': 2000, 'test_size': 10000, 'proposals': 50, 'pool_size': 10}",1.0,4,0.04469999999999996
family-interaction_mixture-0.0_n-800_p-20,3011,1,weighted_bootstrap,more_resamples,"{'depth': 2, 'leaf': 20, 'tau': 0.0, 'scale': 1.0}","{'seeds': 20, 'seed_start': 2000, 'test_size': 10000, 'proposals': 200, 'pool_size': 40}",1.0,4,0.04469999999999996
family-interaction_mixture-0.0_n-800_p-20,3008,0,weighted_bootstrap,shallower,"{'depth': 4, 'leaf': 20, 'tau': 0.0, 'scale': 0.3}","{'seeds': 20, 'seed_start': 2000, 'test_size': 10000, 'proposals': 100, 'pool_size': 20}",0.503,16,-0.39849999999999997
family-interaction_mixture-0.0_n-800_p-20,3008,0,weighted_bootstrap,deeper,"{'depth': 6, 'leaf': 20, 'tau': 0.0, 'scale': 0.3}","{'seeds': 20, 'seed_start': 2000, 'test_size': 10000, 'proposals': 100, 'pool_size': 20}",1.0,4,0.09850000000000003
family-interaction_mixture-0.0_n-800_p-20,3008,0,weighted_bootstrap,smaller_leaves,"{'depth': 5, 'leaf': 16, 'tau': 0.0, 'scale': 0.3}","{'seeds': 20, 'seed_start': 2000, 'test_size': 10000, 'proposals': 100, 'pool_size': 20}",1.0,4,0.09850000000000003
family-interaction_mixture-0.0_n-800_p-20,3008,0,weighted_bootstrap,larger_leaves,"{'depth': 5, 'leaf': 24, 'tau': 0.0, 'scale': 0.3}","{'seeds': 20, 'seed_start': 2000, 'test_size': 10000, 'proposals': 100, 'pool_size': 20}",1.0,8,0.09850000000000003
family-interaction_mixture-0.0_n-800_p-20,3008,0,weighted_bootstrap,fewer_resamples,"{'depth': 5, 'leaf': 20, 'tau': 0.0, 'scale': 0.3}","{'seeds': 20, 'seed_start': 2000, 'test_size': 10000, 'proposals': 50, 'pool_size': 10}",0.5283,31,-0.3732
family-interaction_mixture-0.0_n-800_p-20,3008,0,weighted_bootstrap,more_resamples,"{'depth': 5, 'leaf': 20, 'tau': 0.0, 'scale': 0.3}","{'seeds': 20, 'seed_start': 2000, 'test_size': 10000, 'proposals': 200, 'pool_size': 40}",1.0,4,0.09850000000000003
family-interaction_mixture-0.0_n-800_p-20,3003,2,weighted_bootstrap,shallower,"{'depth': 4, 'leaf': 5, 'tau': 0.0, 'scale': 0.3}","{'seeds': 20, 'seed_start': 2000, 'test_size': 10000, 'proposals': 100, 'pool_size': 20}",1.0,8,0.09960000000000002
family-interaction_mixture-0.0_n-800_p-20,3003,2,weighted_bootstrap,deeper,"{'depth': 6, 'leaf': 5, 'tau': 0.0, 'scale': 0.3}","{'seeds': 20, 'seed_start': 2000, 'test_size': 10000, 'proposals': 100, 'pool_size': 20}",1.0,4,0.09960000000000002
family-interaction_mixture-0.0_n-800_p-20,3003,2,weighted_bootstrap,smaller_leaves,"{'depth': 5, 'leaf': 4, 'tau': 0.0, 'scale': 0.3}","{'seeds': 20, 'seed_start': 2000, 'test_size': 10000, 'proposals': 100, 'pool_size': 20}",1.0,4,0.09960000000000002
family-interaction_mixture-0.0_n-800_p-20,3003,2,weighted_bootstrap,larger_leaves,"{'depth': 5, 'leaf': 6, 'tau': 0.0, 'scale': 0.3}","{'seeds': 20, 'seed_start': 2000, 'test_size': 10000, 'proposals': 100, 'pool_size': 20}",1.0,4,0.09960000000000002
family-interaction_mixture-0.0_n-800_p-20,3003,2,weighted_bootstrap,fewer_resamples,"{'depth': 5, 'leaf': 5, 'tau': 0.0, 'scale': 0.3}","{'seeds': 20, 'seed_start': 2000, 'test_size': 10000, 'proposals': 50, 'pool_size': 10}",1.0,4,0.09960000000000002
family-interaction_mixture-0.0_n-800_p-20,3003,2,weighted_bootstrap,more_resamples,"{'depth': 5, 'leaf': 5, 'tau': 0.0, 'scale': 0.3}","{'seeds': 20, 'seed_start': 2000, 'test_size': 10000, 'proposals': 200, 'pool_size': 40}",1.0,4,0.09960000000000002
family-interaction_mixture-0.0_n-800_p-20,3004,1,weighted_bootstrap,shallower,"{'depth': 4, 'leaf': 20, 'tau': 0.0, 'scale': 1.0}","{'seeds': 20, 'seed_start': 2000, 'test_size': 10000, 'proposals': 100, 'pool_size': 20}",0.4966,16,-0.25820000000000004
family-interaction_mixture-0.0_n-800_p-20,3004,1,weighted_bootstrap,deeper,"{'depth': 6, 'leaf': 20, 'tau': 0.0, 'scale': 1.0}","{'seeds': 20, 'seed_start': 2000, 'test_size': 10000, 'proposals': 100, 'pool_size': 20}",0.9689,20,0.21409999999999996
family-interaction_mixture-0.0_n-800_p-20,3004,1,weighted_bootstrap,smaller_leaves,"{'depth': 5, 'leaf': 16, 'tau': 0.0, 'scale': 1.0}","{'seeds': 20, 'seed_start': 2000, 'test_size': 10000, 'proposals': 100, 'pool_size': 20}",1.0,8,0.24519999999999997
family-interaction_mixture-0.0_n-800_p-20,3004,1,weighted_bootstrap,larger_leaves,"{'depth': 5, 'leaf': 24, 'tau': 0.0, 'scale': 1.0}","{'seeds': 20, 'seed_start': 2000, 'test_size': 10000, 'proposals': 100, 'pool_size': 20}",0.8149,24,0.06009999999999993
family-interaction_mixture-0.0_n-800_p-20,3004,1,weighted_bootstrap,fewer_resamples,"{'depth': 5, 'leaf': 20, 'tau': 0.0, 'scale': 1.0}","{'seeds': 20, 'seed_start': 2000, 'test_size': 10000, 'proposals': 50, 'pool_size': 10}",0.6204,25,-0.13440000000000007
family-interaction_mixture-0.0_n-800_p-20,3004,1,weighted_bootstrap,more_resamples,"{'depth': 5, 'leaf': 20, 'tau': 0.0, 'scale': 1.0}","{'seeds': 20, 'seed_start': 2000, 'test_size': 10000, 'proposals': 200, 'pool_size': 40}",1.0,8,0.24519999999999997
family-interaction_mixture-0.0_n-800_p-20,3018,1,weighted_bootstrap,shallower,"{'depth': 4, 'leaf': 5, 'tau': 0.0, 'scale': 0.3}","{'seeds': 20, 'seed_start': 2000, 'test_size': 10000, 'proposals': 100, 'pool_size': 20}",1.0,16,0.34309999999999996
family-interaction_mixture-0.0_n-800_p-20,3018,1,weighted_bootstrap,deeper,"{'depth': 6, 'leaf': 5, 'tau': 0.0, 'scale': 0.3}","{'seeds': 20, 'seed_start': 2000, 'test_size': 10000, 'proposals': 100, 'pool_size': 20}",1.0,4,0.34309999999999996
family-interaction_mixture-0.0_n-800_p-20,3018,1,weighted_bootstrap,smaller_leaves,"{'depth': 5, 'leaf': 4, 'tau': 0.0, 'scale': 0.3}","{'seeds': 20, 'seed_start': 2000, 'test_size': 10000, 'proposals': 100, 'pool_size': 20}",1.0,4,0.34309999999999996
family-interaction_mixture-0.0_n-800_p-20,3018,1,weighted_bootstrap,larger_leaves,"{'depth': 5, 'leaf': 6, 'tau': 0.0, 'scale': 0.3}","{'seeds': 20, 'seed_start': 2000, 'test_size': 10000, 'proposals': 100, 'pool_size': 20}",1.0,4,0.34309999999999996
family-interaction_mixture-0.0_n-800_p-20,3018,1,weighted_bootstrap,fewer_resamples,"{'depth': 5, 'leaf': 5, 'tau': 0.0, 'scale': 0.3}","{'seeds': 20, 'seed_start': 2000, 'test_size': 10000, 'proposals': 50, 'pool_size': 10}",0.4995,32,-0.15740000000000004
family-interaction_mixture-0.0_n-800_p-20,3018,1,weighted_bootstrap,more_resamples,"{'depth': 5, 'leaf': 5, 'tau': 0.0, 'scale': 0.3}","{'seeds': 20, 'seed_start': 2000, 'test_size': 10000, 'proposals': 200, 'pool_size': 40}",1.0,16,0.34309999999999996
family-noise_n-200_noise-0.4_p-20,3002,0,relative_bootstrap,shallower,"{'depth': 4, 'leaf': 20, 'tau': 0.35, 'scale': 0.0}","{'seeds': 20, 'seed_start': 2000, 'test_size': 10000, 'proposals': 100, 'pool_size': 20}",0.6056,2,0.08500000000000008
family-noise_n-200_noise-0.4_p-20,3002,0,relative_bootstrap,deeper,"{'depth': 6, 'leaf': 20, 'tau': 0.35, 'scale': 0.0}","{'seeds': 20, 'seed_start': 2000, 'test_size': 10000, 'proposals': 100, 'pool_size': 20}",0.6056,2,0.08500000000000008
family-noise_n-200_noise-0.4_p-20,3002,0,relative_bootstrap,smaller_leaves,"{'depth': 5, 'leaf': 16, 'tau': 0.35, 'scale': 0.0}","{'seeds': 20, 'seed_start': 2000, 'test_size': 10000, 'proposals': 100, 'pool_size': 20}",0.6056,2,0.08500000000000008
family-noise_n-200_noise-0.4_p-20,3002,0,relative_bootstrap,larger_leaves,"{'depth': 5, 'leaf': 24, 'tau': 0.35, 'scale': 0.0}","{'seeds': 20, 'seed_start': 2000, 'test_size': 10000, 'proposals': 100, 'pool_size': 20}",0.6056,2,0.08500000000000008
family-noise_n-200_noise-0.4_p-20,3002,0,relative_bootstrap,fewer_resamples,"{'depth': 5, 'leaf': 20, 'tau': 0.35, 'scale': 0.0}","{'seeds': 20, 'seed_start': 2000, 'test_size': 10000, 'proposals': 50, 'pool_size': 10}",0.6056,2,0.08500000000000008
family-noise_n-200_noise-0.4_p-20,3002,0,relative_bootstrap,more_resamples,"{'depth': 5, 'leaf': 20, 'tau': 0.35, 'scale': 0.0}","{'seeds': 20, 'seed_start': 2000, 'test_size': 10000, 'proposals': 200, 'pool_size': 40}",0.6056,2,0.08500000000000008
family-noise_n-200_noise-0.4_p-20,3002,0,relative_random_bootstrap,shallower,"{'depth': 4, 'leaf': 20, 'tau': 0.0, 'scale': 0.0}","{'seeds': 20, 'seed_start': 2000, 'test_size': 10000, 'proposals': 100, 'pool_size': 20}",0.5623,8,0.04170000000000007
family-noise_n-200_noise-0.4_p-20,3002,0,relative_random_bootstrap,deeper,"{'depth': 6, 'leaf': 20, 'tau': 0.0, 'scale': 0.0}","{'seeds': 20, 'seed_start': 2000, 'test_size': 10000, 'proposals': 100, 'pool_size': 20}",0.5623,8,0.04170000000000007
family-noise_n-200_noise-0.4_p-20,3002,0,relative_random_bootstrap,smaller_leaves,"{'depth': 5, 'leaf': 16, 'tau': 0.0, 'scale': 0.0}","{'seeds': 20, 'seed_start': 2000, 'test_size': 10000, 'proposals': 100, 'pool_size': 20}",0.5785,9,0.05790000000000006
family-noise_n-200_noise-0.4_p-20,3002,0,relative_random_bootstrap,larger_leaves,"{'depth': 5, 'leaf': 24, 'tau': 0.0, 'scale': 0.0}","{'seeds': 20, 'seed_start': 2000, 'test_size': 10000, 'proposals': 100, 'pool_size': 20}",0.5623,7,0.04170000000000007
family-noise_n-200_noise-0.4_p-20,3002,0,relative_random_bootstrap,fewer_resamples,"{'depth': 5, 'leaf': 20, 'tau': 0.0, 'scale': 0.0}","{'seeds': 20, 'seed_start': 2000, 'test_size': 10000, 'proposals': 50, 'pool_size': 10}",0.5536,8,0.03300000000000003
family-noise_n-200_noise-0.4_p-20,3002,0,relative_random_bootstrap,more_resamples,"{'depth': 5, 'leaf': 20, 'tau': 0.0, 'scale': 0.0}","{'seeds': 20, 'seed_start': 2000, 'test_size': 10000, 'proposals': 200, 'pool_size': 40}",0.5609,7,0.0403
family-interaction_mixture-0.0_n-800_p-20,3001,0,weighted_bootstrap,shallower,"{'depth': 4, 'leaf': 5, 'tau': 0.0, 'scale': 0.3}","{'seeds': 20, 'seed_start': 2000, 'test_size': 10000, 'proposals': 100, 'pool_size': 20}",1.0,4,0.3042
family-interaction_mixture-0.0_n-800_p-20,3001,0,weighted_bootstrap,deeper,"{'depth': 6, 'leaf': 5, 'tau': 0.0, 'scale': 0.3}","{'seeds': 20, 'seed_start': 2000, 'test_size': 10000, 'proposals': 100, 'pool_size': 20}",1.0,4,0.3042
family-interaction_mixture-0.0_n-800_p-20,3001,0,weighted_bootstrap,smaller_leaves,"{'depth': 5, 'leaf': 4, 'tau': 0.0, 'scale': 0.3}","{'seeds': 20, 'seed_start': 2000, 'test_size': 10000, 'proposals': 100, 'pool_size': 20}",1.0,4,0.3042
family-interaction_mixture-0.0_n-800_p-20,3001,0,weighted_bootstrap,larger_leaves,"{'depth': 5, 'leaf': 6, 'tau': 0.0, 'scale': 0.3}","{'seeds': 20, 'seed_start': 2000, 'test_size': 10000, 'proposals': 100, 'pool_size': 20}",1.0,4,0.3042
family-interaction_mixture-0.0_n-800_p-20,3001,0,weighted_bootstrap,fewer_resamples,"{'depth': 5, 'leaf': 5, 'tau': 0.0, 'scale': 0.3}","{'seeds': 20, 'seed_start': 2000, 'test_size': 10000, 'proposals': 50, 'pool_size': 10}",0.8096,20,0.11380000000000001
family-interaction_mixture-0.0_n-800_p-20,3001,0,weighted_bootstrap,more_resamples,"{'depth': 5, 'leaf': 5, 'tau': 0.0, 'scale': 0.3}","{'seeds': 20, 'seed_start': 2000, 'test_size': 10000, 'proposals': 200, 'pool_size': 40}",1.0,4,0.3042
family-noise_n-200_noise-0.4_p-20,3019,0,relative_random_bootstrap,shallower,"{'depth': 1, 'leaf': 5, 'tau': 0.0, 'scale': 0.0}","{'seeds': 20, 'seed_start': 2000, 'test_size': 10000, 'proposals': 100, 'pool_size': 20}",0.511,2,-0.010000000000000009
family-noise_n-200_noise-0.4_p-20,3019,0,relative_random_bootstrap,deeper,"{'depth': 3, 'leaf': 5, 'tau': 0.0, 'scale': 0.0}","{'seeds': 20, 'seed_start': 2000, 'test_size': 10000, 'proposals': 100, 'pool_size': 20}",0.5938,8,0.07279999999999998
family-noise_n-200_noise-0.4_p-20,3019,0,relative_random_bootstrap,smaller_leaves,"{'depth': 2, 'leaf': 4, 'tau': 0.0, 'scale': 0.0}","{'seeds': 20, 'seed_start': 2000, 'test_size': 10000, 'proposals': 100, 'pool_size': 20}",0.5938,4,0.07279999999999998
family-noise_n-200_noise-0.4_p-20,3019,0,relative_random_bootstrap,larger_leaves,"{'depth': 2, 'leaf': 6, 'tau': 0.0, 'scale': 0.0}","{'seeds': 20, 'seed_start': 2000, 'test_size': 10000, 'proposals': 100, 'pool_size': 20}",0.5938,4,0.07279999999999998
family-noise_n-200_noise-0.4_p-20,3019,0,relative_random_bootstrap,fewer_resamples,"{'depth': 2, 'leaf': 5, 'tau': 0.0, 'scale': 0.0}","{'seeds': 20, 'seed_start': 2000, 'test_size': 10000, 'proposals': 50, 'pool_size': 10}",0.594,4,0.07299999999999995
family-noise_n-200_noise-0.4_p-20,3019,0,relative_random_bootstrap,more_resamples,"{'depth': 2, 'leaf': 5, 'tau': 0.0, 'scale': 0.0}","{'seeds': 20, 'seed_start': 2000, 'test_size': 10000, 'proposals': 200, 'pool_size': 40}",0.594,4,0.07299999999999995
family-noise_n-200_noise-0.4_p-20,3019,0,relative_bootstrap,shallower,"{'depth': 4, 'leaf': 20, 'tau': 0.25, 'scale': 0.0}","{'seeds': 20, 'seed_start': 2000, 'test_size': 10000, 'proposals': 100, 'pool_size': 20}",0.5733,7,0.05230000000000001
family-noise_n-200_noise-0.4_p-20,3019,0,relative_bootstrap,deeper,"{'depth': 6, 'leaf': 20, 'tau': 0.25, 'scale': 0.0}","{'seeds': 20, 'seed_start': 2000, 'test_size': 10000, 'proposals': 100, 'pool_size': 20}",0.5733,7,0.05230000000000001
family-noise_n-200_noise-0.4_p-20,3019,0,relative_bootstrap,smaller_leaves,"{'depth': 5, 'leaf': 16, 'tau': 0.25, 'scale': 0.0}","{'seeds': 20, 'seed_start': 2000, 'test_size': 10000, 'proposals': 100, 'pool_size': 20}",0.5733,8,0.05230000000000001
family-noise_n-200_noise-0.4_p-20,3019,0,relative_bootstrap,larger_leaves,"{'depth': 5, 'leaf': 24, 'tau': 0.25, 'scale': 0.0}","{'seeds': 20, 'seed_start': 2000, 'test_size': 10000, 'proposals': 100, 'pool_size': 20}",0.5777,4,0.05669999999999997
family-noise_n-200_noise-0.4_p-20,3019,0,relative_bootstrap,fewer_resamples,"{'depth': 5, 'leaf': 20, 'tau': 0.25, 'scale': 0.0}","{'seeds': 20, 'seed_start': 2000, 'test_size': 10000, 'proposals': 50, 'pool_size': 10}",0.5733,9,0.05230000000000001
family-noise_n-200_noise-0.4_p-20,3019,0,relative_bootstrap,more_resamples,"{'depth': 5, 'leaf': 20, 'tau': 0.25, 'scale': 0.0}","{'seeds': 20, 'seed_start': 2000, 'test_size': 10000, 'proposals': 200, 'pool_size': 40}",0.5434,4,0.022399999999999975
family-interaction_mixture-0.0_n-800_p-20,3003,1,weighted_bootstrap,shallower,"{'depth': 4, 'leaf': 5, 'tau': 0.0, 'scale': 0.3}","{'seeds': 20, 'seed_start': 2000, 'test_size': 10000, 'proposals': 100, 'pool_size': 20}",1.0,8,0.09650000000000003
family-interaction_mixture-0.0_n-800_p-20,3003,1,weighted_bootstrap,deeper,"{'depth': 6, 'leaf': 5, 'tau': 0.0, 'scale': 0.3}","{'seeds': 20, 'seed_start': 2000, 'test_size': 10000, 'proposals': 100, 'pool_size': 20}",1.0,4,0.09650000000000003
family-interaction_mixture-0.0_n-800_p-20,3003,1,weighted_bootstrap,smaller_leaves,"{'depth': 5, 'leaf': 4, 'tau': 0.0, 'scale': 0.3}","{'seeds': 20, 'seed_start': 2000, 'test_size': 10000, 'proposals': 100, 'pool_size': 20}",1.0,4,0.09650000000000003
family-interaction_mixture-0.0_n-800_p-20,3003,1,weighted_bootstrap,larger_leaves,"{'depth': 5, 'leaf': 6, 'tau': 0.0, 'scale': 0.3}","{'seeds': 20, 'seed_start': 2000, 'test_size': 10000, 'proposals': 100, 'pool_size': 20}",1.0,4,0.09650000000000003
family-interaction_mixture-0.0_n-800_p-20,3003,1,weighted_bootstrap,fewer_resamples,"{'depth': 5, 'leaf': 5, 'tau': 0.0, 'scale': 0.3}","{'seeds': 20, 'seed_start': 2000, 'test_size': 10000, 'proposals': 50, 'pool_size': 10}",1.0,4,0.09650000000000003
family-interaction_mixture-0.0_n-800_p-20,3003,1,weighted_bootstrap,more_resamples,"{'depth': 5, 'leaf': 5, 'tau': 0.0, 'scale': 0.3}","{'seeds': 20, 'seed_start': 2000, 'test_size': 10000, 'proposals': 200, 'pool_size': 40}",1.0,4,0.09650000000000003
family-interaction_mixture-0.0_n-800_p-20,3004,2,weighted_bootstrap,shallower,"{'depth': 4, 'leaf': 20, 'tau': 0.0, 'scale': 0.3}","{'seeds': 20, 'seed_start': 2000, 'test_size': 10000, 'proposals': 100, 'pool_size': 20}",0.4966,16,-0.24300000000000005
family-interaction_mixture-0.0_n-800_p-20,3004,2,weighted_bootstrap,deeper,"{'depth': 6, 'leaf': 20, 'tau': 0.0, 'scale': 0.3}","{'seeds': 20, 'seed_start': 2000, 'test_size': 10000, 'proposals': 100, 'pool_size': 20}",0.9689,20,0.22929999999999995
family-interaction_mixture-0.0_n-800_p-20,3004,2,weighted_bootstrap,smaller_leaves,"{'depth': 5, 'leaf': 16, 'tau': 0.0, 'scale': 0.3}","{'seeds': 20, 'seed_start': 2000, 'test_size': 10000, 'proposals': 100, 'pool_size': 20}",0.494,32,-0.24560000000000004
family-interaction_mixture-0.0_n-800_p-20,3004,2,weighted_bootstrap,larger_leaves,"{'depth': 5, 'leaf': 24, 'tau': 0.0, 'scale': 0.3}","{'seeds': 20, 'seed_start': 2000, 'test_size': 10000, 'proposals': 100, 'pool_size': 20}",0.8149,24,0.07529999999999992
family-interaction_mixture-0.0_n-800_p-20,3004,2,weighted_bootstrap,fewer_resamples,"{'depth': 5, 'leaf': 20, 'tau': 0.0, 'scale': 0.3}","{'seeds': 20, 'seed_start': 2000, 'test_size': 10000, 'proposals': 50, 'pool_size': 10}",0.4924,29,-0.24720000000000003
family-interaction_mixture-0.0_n-800_p-20,3004,2,weighted_bootstrap,more_resamples,"{'depth': 5, 'leaf': 20, 'tau': 0.0, 'scale': 0.3}","{'seeds': 20, 'seed_start': 2000, 'test_size': 10000, 'proposals': 200, 'pool_size': 40}",1.0,4,0.26039999999999996
family-interaction_mixture-0.0_n-800_p-20,3018,2,weighted_bootstrap,shallower,"{'depth': 4, 'leaf': 5, 'tau': 0.0, 'scale': 0.3}","{'seeds': 20, 'seed_start': 2000, 'test_size': 10000, 'proposals': 100, 'pool_size': 20}",1.0,16,0.3044
family-interaction_mixture-0.0_n-800_p-20,3018,2,weighted_bootstrap,deeper,"{'depth': 6, 'leaf': 5, 'tau': 0.0, 'scale': 0.3}","{'seeds': 20, 'seed_start': 2000, 'test_size': 10000, 'proposals': 100, 'pool_size': 20}",1.0,4,0.3044
family-interaction_mixture-0.0_n-800_p-20,3018,2,weighted_bootstrap,smaller_leaves,"{'depth': 5, 'leaf': 4, 'tau': 0.0, 'scale': 0.3}","{'seeds': 20, 'seed_start': 2000, 'test_size': 10000, 'proposals': 100, 'pool_size': 20}",1.0,4,0.3044
family-interaction_mixture-0.0_n-800_p-20,3018,2,weighted_bootstrap,larger_leaves,"{'depth': 5, 'leaf': 6, 'tau': 0.0, 'scale': 0.3}","{'seeds': 20, 'seed_start': 2000, 'test_size': 10000, 'proposals': 100, 'pool_size': 20}",1.0,4,0.3044
family-interaction_mixture-0.0_n-800_p-20,3018,2,weighted_bootstrap,fewer_resamples,"{'depth': 5, 'leaf': 5, 'tau': 0.0, 'scale': 0.3}","{'seeds': 20, 'seed_start': 2000, 'test_size': 10000, 'proposals': 50, 'pool_size': 10}",0.5028,32,-0.19279999999999997
family-interaction_mixture-0.0_n-800_p-20,3018,2,weighted_bootstrap,more_resamples,"{'depth': 5, 'leaf': 5, 'tau': 0.0, 'scale': 0.3}","{'seeds': 20, 'seed_start': 2000, 'test_size': 10000, 'proposals': 200, 'pool_size': 40}",1.0,16,0.3044
family-interaction_mixture-0.0_n-800_p-20,3006,0,weighted_bootstrap,shallower,"{'depth': 4, 'leaf': 20, 'tau': 0.0, 'scale': 0.3}","{'seeds': 20, 'seed_start': 2000, 'test_size': 10000, 'proposals': 100, 'pool_size': 20}",1.0,4,0.22219999999999995
family-interaction_mixture-0.0_n-800_p-20,3006,0,weighted_bootstrap,deeper,"{'depth': 6, 'leaf': 20, 'tau': 0.0, 'scale': 0.3}","{'seeds': 20, 'seed_start': 2000, 'test_size': 10000, 'proposals': 100, 'pool_size': 20}",1.0,4,0.22219999999999995
family-interaction_mixture-0.0_n-800_p-20,3006,0,weighted_bootstrap,smaller_leaves,"{'depth': 5, 'leaf': 16, 'tau': 0.0, 'scale': 0.3}","{'seeds': 20, 'seed_start': 2000, 'test_size': 10000, 'proposals': 100, 'pool_size': 20}",1.0,4,0.22219999999999995
family-interaction_mixture-0.0_n-800_p-20,3006,0,weighted_bootstrap,larger_leaves,"{'depth': 5, 'leaf': 24, 'tau': 0.0, 'scale': 0.3}","{'seeds': 20, 'seed_start': 2000, 'test_size': 10000, 'proposals': 100, 'pool_size': 20}",1.0,4,0.22219999999999995
family-interaction_mixture-0.0_n-800_p-20,3006,0,weighted_bootstrap,fewer_resamples,"{'depth': 5, 'leaf': 20, 'tau': 0.0, 'scale': 0.3}","{'seeds': 20, 'seed_start': 2000, 'test_size': 10000, 'proposals': 50, 'pool_size': 10}",1.0,4,0.22219999999999995
family-interaction_mixture-0.0_n-800_p-20,3006,0,weighted_bootstrap,more_resamples,"{'depth': 5, 'leaf': 20, 'tau': 0.0, 'scale': 0.3}","{'seeds': 20, 'seed_start': 2000, 'test_size': 10000, 'proposals': 200, 'pool_size': 40}",1.0,4,0.22219999999999995
family-noise_n-200_noise-0.4_p-20,3005,0,relative_bootstrap,shallower,"{'depth': 1, 'leaf': 5, 'tau': 0.0, 'scale': 0.0}","{'seeds': 20, 'seed_start': 2000, 'test_size': 10000, 'proposals': 100, 'pool_size': 20}",0.6005,2,0.06700000000000006
family-noise_n-200_noise-0.4_p-20,3005,0,relative_bootstrap,deeper,"{'depth': 3, 'leaf': 5, 'tau': 0.0, 'scale': 0.0}","{'seeds': 20, 'seed_start': 2000, 'test_size': 10000, 'proposals': 100, 'pool_size': 20}",0.5905,8,0.05700000000000005
family-noise_n-200_noise-0.4_p-20,3005,0,relative_bootstrap,smaller_leaves,"{'depth': 2, 'leaf': 4, 'tau': 0.0, 'scale': 0.0}","{'seeds': 20, 'seed_start': 2000, 'test_size': 10000, 'proposals': 100, 'pool_size': 20}",0.5971,4,0.06359999999999999
family-noise_n-200_noise-0.4_p-20,3005,0,relative_bootstrap,larger_leaves,"{'depth': 2, 'leaf': 6, 'tau': 0.0, 'scale': 0.0}","{'seeds': 20, 'seed_start': 2000, 'test_size': 10000, 'proposals': 100, 'pool_size': 20}",0.6005,4,0.06700000000000006
family-noise_n-200_noise-0.4_p-20,3005,0,relative_bootstrap,fewer_resamples,"{'depth': 2, 'leaf': 5, 'tau': 0.0, 'scale': 0.0}","{'seeds': 20, 'seed_start': 2000, 'test_size': 10000, 'proposals': 50, 'pool_size': 10}",0.5971,4,0.06359999999999999
family-noise_n-200_noise-0.4_p-20,3005,0,relative_bootstrap,more_resamples,"{'depth': 2, 'leaf': 5, 'tau': 0.0, 'scale': 0.0}","{'seeds': 20, 'seed_start': 2000, 'test_size': 10000, 'proposals': 200, 'pool_size': 40}",0.5869,4,0.0534
family-noise_n-200_noise-0.4_p-20,3005,0,relative_random_bootstrap,shallower,"{'depth': 1, 'leaf': 5, 'tau': 0.0, 'scale': 0.0}","{'seeds': 20, 'seed_start': 2000, 'test_size': 10000, 'proposals': 100, 'pool_size': 20}",0.6005,2,0.06700000000000006
family-noise_n-200_noise-0.4_p-20,3005,0,relative_random_bootstrap,deeper,"{'depth': 3, 'leaf': 5, 'tau': 0.0, 'scale': 0.0}","{'seeds': 20, 'seed_start': 2000, 'test_size': 10000, 'proposals': 100, 'pool_size': 20}",0.5765,8,0.04300000000000004
family-noise_n-200_noise-0.4_p-20,3005,0,relative_random_bootstrap,smaller_leaves,"{'depth': 2, 'leaf': 4, 'tau': 0.0, 'scale': 0.0}","{'seeds': 20, 'seed_start': 2000, 'test_size': 10000, 'proposals': 100, 'pool_size': 20}",0.5872,4,0.05370000000000008
family-noise_n-200_noise-0.4_p-20,3005,0,relative_random_bootstrap,larger_leaves,"{'depth': 2, 'leaf': 6, 'tau': 0.0, 'scale': 0.0}","{'seeds': 20, 'seed_start': 2000, 'test_size': 10000, 'proposals': 100, 'pool_size': 20}",0.5869,4,0.0534
family-noise_n-200_noise-0.4_p-20,3005,0,relative_random_bootstrap,fewer_resamples,"{'depth': 2, 'leaf': 5, 'tau': 0.0, 'scale': 0.0}","{'seeds': 20, 'seed_start': 2000, 'test_size': 10000, 'proposals': 50, 'pool_size': 10}",0.571,4,0.03749999999999998
family-noise_n-200_noise-0.4_p-20,3005,0,relative_random_bootstrap,more_resamples,"{'depth': 2, 'leaf': 5, 'tau': 0.0, 'scale': 0.0}","{'seeds': 20, 'seed_start': 2000, 'test_size': 10000, 'proposals': 200, 'pool_size': 40}",0.5869,4,0.0534
family-interaction_mixture-0.0_n-800_p-20,3013,0,weighted_bootstrap,shallower,"{'depth': 4, 'leaf': 20, 'tau': 0.0, 'scale': 0.3}","{'seeds': 20, 'seed_start': 2000, 'test_size': 10000, 'proposals': 100, 'pool_size': 20}",1.0,4,0.17859999999999998
family-interaction_mixture-0.0_n-800_p-20,3013,0,weighted_bootstrap,deeper,"{'depth': 6, 'leaf': 20, 'tau': 0.0, 'scale': 0.3}","{'seeds': 20, 'seed_start': 2000, 'test_size': 10000, 'proposals': 100, 'pool_size': 20}",1.0,4,0.17859999999999998
family-interaction_mixture-0.0_n-800_p-20,3013,0,weighted_bootstrap,smaller_leaves,"{'depth': 5, 'leaf': 16, 'tau': 0.0, 'scale': 0.3}","{'seeds': 20, 'seed_start': 2000, 'test_size': 10000, 'proposals': 100, 'pool_size': 20}",1.0,4,0.17859999999999998
family-interaction_mixture-0.0_n-800_p-20,3013,0,weighted_bootstrap,larger_leaves,"{'depth': 5, 'leaf': 24, 'tau': 0.0, 'scale': 0.3}","{'seeds': 20, 'seed_start': 2000, 'test_size': 10000, 'proposals': 100, 'pool_size': 20}",1.0,4,0.17859999999999998
family-interaction_mixture-0.0_n-800_p-20,3013,0,weighted_bootstrap,fewer_resamples,"{'depth': 5, 'leaf': 20, 'tau': 0.0, 'scale': 0.3}","{'seeds': 20, 'seed_start': 2000, 'test_size': 10000, 'proposals': 50, 'pool_size': 10}",1.0,4,0.17859999999999998
family-interaction_mixture-0.0_n-800_p-20,3013,0,weighted_bootstrap,more_resamples,"{'depth': 5, 'leaf': 20, 'tau': 0.0, 'scale': 0.3}","{'seeds': 20, 'seed_start': 2000, 'test_size': 10000, 'proposals': 200, 'pool_size': 40}",1.0,4,0.17859999999999998
family-noise_n-200_noise-0.4_p-20,3010,0,relative_bootstrap,shallower,"{'depth': 1, 'leaf': 20, 'tau': 0.0, 'scale': 0.0}","{'seeds': 20, 'seed_start': 2000, 'test_size': 10000, 'proposals': 100, 'pool_size': 20}",0.6012,2,0.09659999999999991
family-noise_n-200_noise-0.4_p-20,3010,0,relative_bootstrap,deeper,"{'depth': 3, 'leaf': 20, 'tau': 0.0, 'scale': 0.0}","{'seeds': 20, 'seed_start': 2000, 'test_size': 10000, 'proposals': 100, 'pool_size': 20}",0.5719,6,0.06729999999999992
family-noise_n-200_noise-0.4_p-20,3010,0,relative_bootstrap,smaller_leaves,"{'depth': 2, 'leaf': 16, 'tau': 0.0, 'scale': 0.0}","{'seeds': 20, 'seed_start': 2000, 'test_size': 10000, 'proposals': 100, 'pool_size': 20}",0.5719,4,0.06729999999999992
family-noise_n-200_noise-0.4_p-20,3010,0,relative_bootstrap,larger_leaves,"{'depth': 2, 'leaf': 24, 'tau': 0.0, 'scale': 0.0}","{'seeds': 20, 'seed_start': 2000, 'test_size': 10000, 'proposals': 100, 'pool_size': 20}",0.5719,4,0.06729999999999992
family-noise_n-200_noise-0.4_p-20,3010,0,relative_bootstrap,fewer_resamples,"{'depth': 2, 'leaf': 20, 'tau': 0.0, 'scale': 0.0}","{'seeds': 20, 'seed_start': 2000, 'test_size': 10000, 'proposals': 50, 'pool_size': 10}",0.6012,4,0.09659999999999991
family-noise_n-200_noise-0.4_p-20,3010,0,relative_bootstrap,more_resamples,"{'depth': 2, 'leaf': 20, 'tau': 0.0, 'scale': 0.0}","{'seeds': 20, 'seed_start': 2000, 'test_size': 10000, 'proposals': 200, 'pool_size': 40}",0.559,4,0.054400000000000004
family-noise_n-200_noise-0.4_p-20,3010,0,relative_random_bootstrap,shallower,"{'depth': 4, 'leaf': 5, 'tau': 0.0, 'scale': 0.0}","{'seeds': 20, 'seed_start': 2000, 'test_size': 10000, 'proposals': 100, 'pool_size': 20}",0.5232,13,0.01859999999999995
family-noise_n-200_noise-0.4_p-20,3010,0,relative_random_bootstrap,deeper,"{'depth': 6, 'leaf': 5, 'tau': 0.0, 'scale': 0.0}","{'seeds': 20, 'seed_start': 2000, 'test_size': 10000, 'proposals': 100, 'pool_size': 20}",0.5038,22,-0.0008000000000000229
family-noise_n-200_noise-0.4_p-20,3010,0,relative_random_bootstrap,smaller_leaves,"{'depth': 5, 'leaf': 4, 'tau': 0.0, 'scale': 0.0}","{'seeds': 20, 'seed_start': 2000, 'test_size': 10000, 'proposals': 100, 'pool_size': 20}",0.5113,22,0.006699999999999928
family-noise_n-200_noise-0.4_p-20,3010,0,relative_random_bootstrap,larger_leaves,"{'depth': 5, 'leaf': 6, 'tau': 0.0, 'scale': 0.0}","{'seeds': 20, 'seed_start': 2000, 'test_size': 10000, 'proposals': 100, 'pool_size': 20}",0.5075,19,0.0028999999999999027
family-noise_n-200_noise-0.4_p-20,3010,0,relative_random_bootstrap,fewer_resamples,"{'depth': 5, 'leaf': 5, 'tau': 0.0, 'scale': 0.0}","{'seeds': 20, 'seed_start': 2000, 'test_size': 10000, 'proposals': 50, 'pool_size': 10}",0.5526,20,0.04799999999999993
family-noise_n-200_noise-0.4_p-20,3010,0,relative_random_bootstrap,more_resamples,"{'depth': 5, 'leaf': 5, 'tau': 0.0, 'scale': 0.0}","{'seeds': 20, 'seed_start': 2000, 'test_size': 10000, 'proposals': 200, 'pool_size': 40}",0.5312,22,0.026599999999999957
family-interaction_mixture-0.0_n-800_p-20,3016,1,weighted_bootstrap,shallower,"{'depth': 4, 'leaf': 20, 'tau': 0.0, 'scale': 0.3}","{'seeds': 20, 'seed_start': 2000, 'test_size': 10000, 'proposals': 100, 'pool_size': 20}",1.0,8,0.19620000000000004
family-interaction_mixture-0.0_n-800_p-20,3016,1,weighted_bootstrap,deeper,"{'depth': 6, 'leaf': 20, 'tau': 0.0, 'scale': 0.3}","{'seeds': 20, 'seed_start': 2000, 'test_size': 10000, 'proposals': 100, 'pool_size': 20}",1.0,4,0.19620000000000004
family-interaction_mixture-0.0_n-800_p-20,3016,1,weighted_bootstrap,smaller_leaves,"{'depth': 5, 'leaf': 16, 'tau': 0.0, 'scale': 0.3}","{'seeds': 20, 'seed_start': 2000, 'test_size': 10000, 'proposals': 100, 'pool_size': 20}",1.0,4,0.19620000000000004
family-interaction_mixture-0.0_n-800_p-20,3016,1,weighted_bootstrap,larger_leaves,"{'depth': 5, 'leaf': 24, 'tau': 0.0, 'scale': 0.3}","{'seeds': 20, 'seed_start': 2000, 'test_size': 10000, 'proposals': 100, 'pool_size': 20}",1.0,8,0.19620000000000004
family-interaction_mixture-0.0_n-800_p-20,3016,1,weighted_bootstrap,fewer_resamples,"{'depth': 5, 'leaf': 20, 'tau': 0.0, 'scale': 0.3}","{'seeds': 20, 'seed_start': 2000, 'test_size': 10000, 'proposals': 50, 'pool_size': 10}",0.7834,28,-0.020399999999999974
family-interaction_mixture-0.0_n-800_p-20,3016,1,weighted_bootstrap,more_resamples,"{'depth': 5, 'leaf': 20, 'tau': 0.0, 'scale': 0.3}","{'seeds': 20, 'seed_start': 2000, 'test_size': 10000, 'proposals': 200, 'pool_size': 40}",1.0,4,0.19620000000000004
family-interaction_mixture-0.0_n-800_p-20,3011,2,weighted_bootstrap,shallower,"{'depth': 1, 'leaf': 20, 'tau': 0.0, 'scale': 1.0}","{'seeds': 20, 'seed_start': 2000, 'test_size': 10000, 'proposals': 100, 'pool_size': 20}",0.4984,2,-0.4549
family-interaction_mixture-0.0_n-800_p-20,3011,2,weighted_bootstrap,deeper,"{'depth': 3, 'leaf': 20, 'tau': 0.0, 'scale': 1.0}","{'seeds': 20, 'seed_start': 2000, 'test_size': 10000, 'proposals': 100, 'pool_size': 20}",1.0,4,0.046699999999999964
family-interaction_mixture-0.0_n-800_p-20,3011,2,weighted_bootstrap,smaller_leaves,"{'depth': 2, 'leaf': 16, 'tau': 0.0, 'scale': 1.0}","{'seeds': 20, 'seed_start': 2000, 'test_size': 10000, 'proposals': 100, 'pool_size': 20}",1.0,4,0.046699999999999964
family-interaction_mixture-0.0_n-800_p-20,3011,2,weighted_bootstrap,larger_leaves,"{'depth': 2, 'leaf': 24, 'tau': 0.0, 'scale': 1.0}","{'seeds': 20, 'seed_start': 2000, 'test_size': 10000, 'proposals': 100, 'pool_size': 20}",1.0,4,0.046699999999999964
family-interaction_mixture-0.0_n-800_p-20,3011,2,weighted_bootstrap,fewer_resamples,"{'depth': 2, 'leaf': 20, 'tau': 0.0, 'scale': 1.0}","{'seeds': 20, 'seed_start': 2000, 'test_size': 10000, 'proposals': 50, 'pool_size': 10}",1.0,4,0.046699999999999964
family-interaction_mixture-0.0_n-800_p-20,3011,2,weighted_bootstrap,more_resamples,"{'depth': 2, 'leaf': 20, 'tau': 0.0, 'scale': 1.0}","{'seeds': 20, 'seed_start': 2000, 'test_size': 10000, 'proposals': 200, 'pool_size': 40}",1.0,4,0.046699999999999964
family-interaction_mixture-0.0_n-800_p-20,3008,2,weighted_bootstrap,shallower,"{'depth': 4, 'leaf': 20, 'tau': 0.0, 'scale': 0.3}","{'seeds': 20, 'seed_start': 2000, 'test_size': 10000, 'proposals': 100, 'pool_size': 20}",0.503,16,-0.4001
family-interaction_mixture-0.0_n-800_p-20,3008,2,weighted_bootstrap,deeper,"{'depth': 6, 'leaf': 20, 'tau': 0.0, 'scale': 0.3}","{'seeds': 20, 'seed_start': 2000, 'test_size': 10000, 'proposals': 100, 'pool_size': 20}",1.0,4,0.09689999999999999
family-interaction_mixture-0.0_n-800_p-20,3008,2,weighted_bootstrap,smaller_leaves,"{'depth': 5, 'leaf': 16, 'tau': 0.0, 'scale': 0.3}","{'seeds': 20, 'seed_start': 2000, 'test_size': 10000, 'proposals': 100, 'pool_size': 20}",1.0,4,0.09689999999999999
family-interaction_mixture-0.0_n-800_p-20,3008,2,weighted_bootstrap,larger_leaves,"{'depth': 5, 'leaf': 24, 'tau': 0.0, 'scale': 0.3}","{'seeds': 20, 'seed_start': 2000, 'test_size': 10000, 'proposals': 100, 'pool_size': 20}",1.0,4,0.09689999999999999
family-interaction_mixture-0.0_n-800_p-20,3008,2,weighted_bootstrap,fewer_resamples,"{'depth': 5, 'leaf': 20, 'tau': 0.0, 'scale': 0.3}","{'seeds': 20, 'seed_start': 2000, 'test_size': 10000, 'proposals': 50, 'pool_size': 10}",0.529,31,-0.3741
family-interaction_mixture-0.0_n-800_p-20,3008,2,weighted_bootstrap,more_resamples,"{'depth': 5, 'leaf': 20, 'tau': 0.0, 'scale': 0.3}","{'seeds': 20, 'seed_start': 2000, 'test_size': 10000, 'proposals': 200, 'pool_size': 40}",1.0,4,0.09689999999999999
family-noise_n-200_noise-0.4_p-20,3015,0,relative_random_bootstrap,shallower,"{'depth': 1, 'leaf': 5, 'tau': 0.0, 'scale': 0.0}","{'seeds': 20, 'seed_start': 2000, 'test_size': 10000, 'proposals': 100, 'pool_size': 20}",0.5049,2,0.009500000000000008
family-noise_n-200_noise-0.4_p-20,3015,0,relative_random_bootstrap,deeper,"{'depth': 3, 'leaf': 5, 'tau': 0.0, 'scale': 0.0}","{'seeds': 20, 'seed_start': 2000, 'test_size': 10000, 'proposals': 100, 'pool_size': 20}",0.5607,6,0.06529999999999997
family-noise_n-200_noise-0.4_p-20,3015,0,relative_random_bootstrap,smaller_leaves,"{'depth': 2, 'leaf': 4, 'tau': 0.0, 'scale': 0.0}","{'seeds': 20, 'seed_start': 2000, 'test_size': 10000, 'proposals': 100, 'pool_size': 20}",0.5989,4,0.10349999999999998
family-noise_n-200_noise-0.4_p-20,3015,0,relative_random_bootstrap,larger_leaves,"{'depth': 2, 'leaf': 6, 'tau': 0.0, 'scale': 0.0}","{'seeds': 20, 'seed_start': 2000, 'test_size': 10000, 'proposals': 100, 'pool_size': 20}",0.5989,4,0.10349999999999998
family-noise_n-200_noise-0.4_p-20,3015,0,relative_random_bootstrap,fewer_resamples,"{'depth': 2, 'leaf': 5, 'tau': 0.0, 'scale': 0.0}","{'seeds': 20, 'seed_start': 2000, 'test_size': 10000, 'proposals': 50, 'pool_size': 10}",0.5903,4,0.09490000000000004
family-noise_n-200_noise-0.4_p-20,3015,0,relative_random_bootstrap,more_resamples,"{'depth': 2, 'leaf': 5, 'tau': 0.0, 'scale': 0.0}","{'seeds': 20, 'seed_start': 2000, 'test_size': 10000, 'proposals': 200, 'pool_size': 40}",0.4981,4,0.00269999999999998
family-noise_n-200_noise-0.4_p-20,3015,0,relative_bootstrap,shallower,"{'depth': 4, 'leaf': 5, 'tau': 0.35, 'scale': 0.0}","{'seeds': 20, 'seed_start': 2000, 'test_size': 10000, 'proposals': 100, 'pool_size': 20}",0.5118,10,0.016400000000000026
family-noise_n-200_noise-0.4_p-20,3015,0,relative_bootstrap,deeper,"{'depth': 6, 'leaf': 5, 'tau': 0.35, 'scale': 0.0}","{'seeds': 20, 'seed_start': 2000, 'test_size': 10000, 'proposals': 100, 'pool_size': 20}",0.5118,11,0.016400000000000026
family-noise_n-200_noise-0.4_p-20,3015,0,relative_bootstrap,smaller_leaves,"{'depth': 5, 'leaf': 4, 'tau': 0.35, 'scale': 0.0}","{'seeds': 20, 'seed_start': 2000, 'test_size': 10000, 'proposals': 100, 'pool_size': 20}",0.5445,13,0.04909999999999998
family-noise_n-200_noise-0.4_p-20,3015,0,relative_bootstrap,larger_leaves,"{'depth': 5, 'leaf': 6, 'tau': 0.35, 'scale': 0.0}","{'seeds': 20, 'seed_start': 2000, 'test_size': 10000, 'proposals': 100, 'pool_size': 20}",0.5312,18,0.0358
family-noise_n-200_noise-0.4_p-20,3015,0,relative_bootstrap,fewer_resamples,"{'depth': 5, 'leaf': 5, 'tau': 0.35, 'scale': 0.0}","{'seeds': 20, 'seed_start': 2000, 'test_size': 10000, 'proposals': 50, 'pool_size': 10}",0.5591,4,0.06370000000000003
family-noise_n-200_noise-0.4_p-20,3015,0,relative_bootstrap,more_resamples,"{'depth': 5, 'leaf': 5, 'tau': 0.35, 'scale': 0.0}","{'seeds': 20, 'seed_start': 2000, 'test_size': 10000, 'proposals': 200, 'pool_size': 40}",0.5481,7,0.052700000000000025
family-interaction_mixture-0.0_n-800_p-20,3016,0,weighted_bootstrap,shallower,"{'depth': 4, 'leaf': 20, 'tau': 0.0, 'scale': 0.3}","{'seeds': 20, 'seed_start': 2000, 'test_size': 10000, 'proposals': 100, 'pool_size': 20}",1.0,8,0.2025
family-interaction_mixture-0.0_n-800_p-20,3016,0,weighted_bootstrap,deeper,"{'depth': 6, 'leaf': 20, 'tau': 0.0, 'scale': 0.3}","{'seeds': 20, 'seed_start': 2000, 'test_size': 10000, 'proposals': 100, 'pool_size': 20}",1.0,4,0.2025
family-interaction_mixture-0.0_n-800_p-20,3016,0,weighted_bootstrap,smaller_leaves,"{'depth': 5, 'leaf': 16, 'tau': 0.0, 'scale': 0.3}","{'seeds': 20, 'seed_start': 2000, 'test_size': 10000, 'proposals': 100, 'pool_size': 20}",1.0,4,0.2025
family-interaction_mixture-0.0_n-800_p-20,3016,0,weighted_bootstrap,larger_leaves,"{'depth': 5, 'leaf': 24, 'tau': 0.0, 'scale': 0.3}","{'seeds': 20, 'seed_start': 2000, 'test_size': 10000, 'proposals': 100, 'pool_size': 20}",1.0,8,0.2025
family-interaction_mixture-0.0_n-800_p-20,3016,0,weighted_bootstrap,fewer_resamples,"{'depth': 5, 'leaf': 20, 'tau': 0.0, 'scale': 0.3}","{'seeds': 20, 'seed_start': 2000, 'test_size': 10000, 'proposals': 50, 'pool_size': 10}",0.908,31,0.11050000000000004
family-interaction_mixture-0.0_n-800_p-20,3016,0,weighted_bootstrap,more_resamples,"{'depth': 5, 'leaf': 20, 'tau': 0.0, 'scale': 0.3}","{'seeds': 20, 'seed_start': 2000, 'test_size': 10000, 'proposals': 200, 'pool_size': 40}",1.0,4,0.2025
family-noise_n-200_noise-0.4_p-20,3009,0,relative_bootstrap,shallower,"{'depth': 4, 'leaf': 20, 'tau': 0.0, 'scale': 0.0}","{'seeds': 20, 'seed_start': 2000, 'test_size': 10000, 'proposals': 100, 'pool_size': 20}",0.496,7,-0.008399999999999963
family-noise_n-200_noise-0.4_p-20,3009,0,relative_bootstrap,deeper,"{'depth': 6, 'leaf': 20, 'tau': 0.0, 'scale': 0.0}","{'seeds': 20, 'seed_start': 2000, 'test_size': 10000, 'proposals': 100, 'pool_size': 20}",0.496,7,-0.008399999999999963
family-noise_n-200_noise-0.4_p-20,3009,0,relative_bootstrap,smaller_leaves,"{'depth': 5, 'leaf': 16, 'tau': 0.0, 'scale': 0.0}","{'seeds': 20, 'seed_start': 2000, 'test_size': 10000, 'proposals': 100, 'pool_size': 20}",0.5076,7,0.0032000000000000917
family-noise_n-200_noise-0.4_p-20,3009,0,relative_bootstrap,larger_leaves,"{'depth': 5, 'leaf': 24, 'tau': 0.0, 'scale': 0.0}","{'seeds': 20, 'seed_start': 2000, 'test_size': 10000, 'proposals': 100, 'pool_size': 20}",0.5035,6,-0.0009000000000000119
family-noise_n-200_noise-0.4_p-20,3009,0,relative_bootstrap,fewer_resamples,"{'depth': 5, 'leaf': 20, 'tau': 0.0, 'scale': 0.0}","{'seeds': 20, 'seed_start': 2000, 'test_size': 10000, 'proposals': 50, 'pool_size': 10}",0.5056,8,0.0012000000000000899
family-noise_n-200_noise-0.4_p-20,3009,0,relative_bootstrap,more_resamples,"{'depth': 5, 'leaf': 20, 'tau': 0.0, 'scale': 0.0}","{'seeds': 20, 'seed_start': 2000, 'test_size': 10000, 'proposals': 200, 'pool_size': 40}",0.5139,8,0.009500000000000064
family-noise_n-200_noise-0.4_p-20,3009,0,relative_random_bootstrap,shallower,"{'depth': 4, 'leaf': 20, 'tau': 0.0, 'scale': 0.0}","{'seeds': 20, 'seed_start': 2000, 'test_size': 10000, 'proposals': 100, 'pool_size': 20}",0.497,7,-0.007399999999999962
family-noise_n-200_noise-0.4_p-20,3009,0,relative_random_bootstrap,deeper,"{'depth': 6, 'leaf': 20, 'tau': 0.0, 'scale': 0.0}","{'seeds': 20, 'seed_start': 2000, 'test_size': 10000, 'proposals': 100, 'pool_size': 20}",0.4976,7,-0.006799999999999973
family-noise_n-200_noise-0.4_p-20,3009,0,relative_random_bootstrap,smaller_leaves,"{'depth': 5, 'leaf': 16, 'tau': 0.0, 'scale': 0.0}","{'seeds': 20, 'seed_start': 2000, 'test_size': 10000, 'proposals': 100, 'pool_size': 20}",0.5006,8,-0.0037999999999999146
family-noise_n-200_noise-0.4_p-20,3009,0,relative_random_bootstrap,larger_leaves,"{'depth': 5, 'leaf': 24, 'tau': 0.0, 'scale': 0.0}","{'seeds': 20, 'seed_start': 2000, 'test_size': 10000, 'proposals': 100, 'pool_size': 20}",0.5044,6,0.0
family-noise_n-200_noise-0.4_p-20,3009,0,relative_random_bootstrap,fewer_resamples,"{'depth': 5, 'leaf': 20, 'tau': 0.0, 'scale': 0.0}","{'seeds': 20, 'seed_start': 2000, 'test_size': 10000, 'proposals': 50, 'pool_size': 10}",0.49,8,-0.014399999999999968
family-noise_n-200_noise-0.4_p-20,3009,0,relative_random_bootstrap,more_resamples,"{'depth': 5, 'leaf': 20, 'tau': 0.0, 'scale': 0.0}","{'seeds': 20, 'seed_start': 2000, 'test_size': 10000, 'proposals': 200, 'pool_size': 40}",0.5366,6,0.032200000000000006
family-interaction_mixture-0.0_n-800_p-20,3014,2,weighted_bootstrap,shallower,"{'depth': 4, 'leaf': 5, 'tau': 0.0, 'scale': 1.0}","{'seeds': 20, 'seed_start': 2000, 'test_size': 10000, 'proposals': 100, 'pool_size': 20}",1.0,4,0.24570000000000003
family-interaction_mixture-0.0_n-800_p-20,3014,2,weighted_bootstrap,deeper,"{'depth': 6, 'leaf': 5, 'tau': 0.0, 'scale': 1.0}","{'seeds': 20, 'seed_start': 2000, 'test_size': 10000, 'proposals': 100, 'pool_size': 20}",1.0,4,0.24570000000000003
family-interaction_mixture-0.0_n-800_p-20,3014,2,weighted_bootstrap,smaller_leaves,"{'depth': 5, 'leaf': 4, 'tau': 0.0, 'scale': 1.0}","{'seeds': 20, 'seed_start': 2000, 'test_size': 10000, 'proposals': 100, 'pool_size': 20}",1.0,4,0.24570000000000003
family-interaction_mixture-0.0_n-800_p-20,3014,2,weighted_bootstrap,larger_leaves,"{'depth': 5, 'leaf': 6, 'tau': 0.0, 'scale': 1.0}","{'seeds': 20, 'seed_start': 2000, 'test_size': 10000, 'proposals': 100, 'pool_size': 20}",1.0,4,0.24570000000000003
family-interaction_mixture-0.0_n-800_p-20,3014,2,weighted_bootstrap,fewer_resamples,"{'depth': 5, 'leaf': 5, 'tau': 0.0, 'scale': 1.0}","{'seeds': 20, 'seed_start': 2000, 'test_size': 10000, 'proposals': 50, 'pool_size': 10}",1.0,4,0.24570000000000003
family-interaction_mixture-0.0_n-800_p-20,3014,2,weighted_bootstrap,more_resamples,"{'depth': 5, 'leaf': 5, 'tau': 0.0, 'scale': 1.0}","{'seeds': 20, 'seed_start': 2000, 'test_size': 10000, 'proposals': 200, 'pool_size': 40}",1.0,4,0.24570000000000003
family-interaction_mixture-0.0_n-800_p-20,3013,1,weighted_bootstrap,shallower,"{'depth': 4, 'leaf': 20, 'tau': 0.0, 'scale': 0.3}","{'seeds': 20, 'seed_start': 2000, 'test_size': 10000, 'proposals': 100, 'pool_size': 20}",1.0,4,0.17689999999999995
family-interaction_mixture-0.0_n-800_p-20,3013,1,weighted_bootstrap,deeper,"{'depth': 6, 'leaf': 20, 'tau': 0.0, 'scale': 0.3}","{'seeds': 20, 'seed_start': 2000, 'test_size': 10000, 'proposals': 100, 'pool_size': 20}",1.0,4,0.17689999999999995
family-interaction_mixture-0.0_n-800_p-20,3013,1,weighted_bootstrap,smaller_leaves,"{'depth': 5, 'leaf': 16, 'tau': 0.0, 'scale': 0.3}","{'seeds': 20, 'seed_start': 2000, 'test_size': 10000, 'proposals': 100, 'pool_size': 20}",1.0,4,0.17689999999999995
family-interaction_mixture-0.0_n-800_p-20,3013,1,weighted_bootstrap,larger_leaves,"{'depth': 5, 'leaf': 24, 'tau': 0.0, 'scale': 0.3}","{'seeds': 20, 'seed_start': 2000, 'test_size': 10000, 'proposals': 100, 'pool_size': 20}",1.0,4,0.17689999999999995
family-interaction_mixture-0.0_n-800_p-20,3013,1,weighted_bootstrap,fewer_resamples,"{'depth': 5, 'leaf': 20, 'tau': 0.0, 'scale': 0.3}","{'seeds': 20, 'seed_start': 2000, 'test_size': 10000, 'proposals': 50, 'pool_size': 10}",1.0,4,0.17689999999999995
family-interaction_mixture-0.0_n-800_p-20,3013,1,weighted_bootstrap,more_resamples,"{'depth': 5, 'leaf': 20, 'tau': 0.0, 'scale': 0.3}","{'seeds': 20, 'seed_start': 2000, 'test_size': 10000, 'proposals': 200, 'pool_size': 40}",1.0,4,0.17689999999999995
family-interaction_mixture-0.0_n-800_p-20,3001,2,weighted_bootstrap,shallower,"{'depth': 4, 'leaf': 5, 'tau': 0.0, 'scale': 1.0}","{'seeds': 20, 'seed_start': 2000, 'test_size': 10000, 'proposals': 100, 'pool_size': 20}",1.0,4,0.33330000000000004
family-interaction_mixture-0.0_n-800_p-20,3001,2,weighted_bootstrap,deeper,"{'depth': 6, 'leaf': 5, 'tau': 0.0, 'scale': 1.0}","{'seeds': 20, 'seed_start': 2000, 'test_size': 10000, 'proposals': 100, 'pool_size': 20}",1.0,4,0.33330000000000004
family-interaction_mixture-0.0_n-800_p-20,3001,2,weighted_bootstrap,smaller_leaves,"{'depth': 5, 'leaf': 4, 'tau': 0.0, 'scale': 1.0}","{'seeds': 20, 'seed_start': 2000, 'test_size': 10000, 'proposals': 100, 'pool_size': 20}",1.0,4,0.33330000000000004
family-interaction_mixture-0.0_n-800_p-20,3001,2,weighted_bootstrap,larger_leaves,"{'depth': 5, 'leaf': 6, 'tau': 0.0, 'scale': 1.0}","{'seeds': 20, 'seed_start': 2000, 'test_size': 10000, 'proposals': 100, 'pool_size': 20}",1.0,4,0.33330000000000004
family-interaction_mixture-0.0_n-800_p-20,3001,2,weighted_bootstrap,fewer_resamples,"{'depth': 5, 'leaf': 5, 'tau': 0.0, 'scale': 1.0}","{'seeds': 20, 'seed_start': 2000, 'test_size': 10000, 'proposals': 50, 'pool_size': 10}",0.8096,20,0.14290000000000003
family-interaction_mixture-0.0_n-800_p-20,3001,2,weighted_bootstrap,more_resamples,"{'depth': 5, 'leaf': 5, 'tau': 0.0, 'scale': 1.0}","{'seeds': 20, 'seed_start': 2000, 'test_size': 10000, 'proposals': 200, 'pool_size': 40}",1.0,4,0.33330000000000004
family-interaction_mixture-0.0_n-800_p-20,3006,1,weighted_bootstrap,shallower,"{'depth': 4, 'leaf': 20, 'tau': 0.0, 'scale': 0.3}","{'seeds': 20, 'seed_start': 2000, 'test_size': 10000, 'proposals': 100, 'pool_size': 20}",1.0,4,0.23919999999999997
family-interaction_mixture-0.0_n-800_p-20,3006,1,weighted_bootstrap,deeper,"{'depth': 6, 'leaf': 20, 'tau': 0.0, 'scale': 0.3}","{'seeds': 20, 'seed_start': 2000, 'test_size': 10000, 'proposals': 100, 'pool_size': 20}",1.0,4,0.23919999999999997
family-interaction_mixture-0.0_n-800_p-20,3006,1,weighted_bootstrap,smaller_leaves,"{'depth': 5, 'leaf': 16, 'tau': 0.0, 'scale': 0.3}","{'seeds': 20, 'seed_start': 2000, 'test_size': 10000, 'proposals': 100, 'pool_size': 20}",1.0,4,0.23919999999999997
family-interaction_mixture-0.0_n-800_p-20,3006,1,weighted_bootstrap,larger_leaves,"{'depth': 5, 'leaf': 24, 'tau': 0.0, 'scale': 0.3}","{'seeds': 20, 'seed_start': 2000, 'test_size': 10000, 'proposals': 100, 'pool_size': 20}",1.0,4,0.23919999999999997
family-interaction_mixture-0.0_n-800_p-20,3006,1,weighted_bootstrap,fewer_resamples,"{'depth': 5, 'leaf': 20, 'tau': 0.0, 'scale': 0.3}","{'seeds': 20, 'seed_start': 2000, 'test_size': 10000, 'proposals': 50, 'pool_size': 10}",1.0,4,0.23919999999999997
family-interaction_mixture-0.0_n-800_p-20,3006,1,weighted_bootstrap,more_resamples,"{'depth': 5, 'leaf': 20, 'tau': 0.0, 'scale': 0.3}","{'seeds': 20, 'seed_start': 2000, 'test_size': 10000, 'proposals': 200, 'pool_size': 40}",1.0,4,0.23919999999999997
family-noise_n-200_noise-0.4_p-20,3000,0,relative_random_bootstrap,shallower,"{'depth': 1, 'leaf': 5, 'tau': 0.35, 'scale': 0.0}","{'seeds': 20, 'seed_start': 2000, 'test_size': 10000, 'proposals': 100, 'pool_size': 20}",0.4909,2,-0.009499999999999953
family-noise_n-200_noise-0.4_p-20,3000,0,relative_random_bootstrap,deeper,"{'depth': 3, 'leaf': 5, 'tau': 0.35, 'scale': 0.0}","{'seeds': 20, 'seed_start': 2000, 'test_size': 10000, 'proposals': 100, 'pool_size': 20}",0.495,8,-0.00539999999999996
family-noise_n-200_noise-0.4_p-20,3000,0,relative_random_bootstrap,smaller_leaves,"{'depth': 2, 'leaf': 4, 'tau': 0.35, 'scale': 0.0}","{'seeds': 20, 'seed_start': 2000, 'test_size': 10000, 'proposals': 100, 'pool_size': 20}",0.5057,4,0.005300000000000082
family-noise_n-200_noise-0.4_p-20,3000,0,relative_random_bootstrap,larger_leaves,"{'depth': 2, 'leaf': 6, 'tau': 0.35, 'scale': 0.0}","{'seeds': 20, 'seed_start': 2000, 'test_size': 10000, 'proposals': 100, 'pool_size': 20}",0.5057,4,0.005300000000000082
family-noise_n-200_noise-0.4_p-20,3000,0,relative_random_bootstrap,fewer_resamples,"{'depth': 2, 'leaf': 5, 'tau': 0.35, 'scale': 0.0}","{'seeds': 20, 'seed_start': 2000, 'test_size': 10000, 'proposals': 50, 'pool_size': 10}",0.503,4,0.0026000000000000467
family-noise_n-200_noise-0.4_p-20,3000,0,relative_random_bootstrap,more_resamples,"{'depth': 2, 'leaf': 5, 'tau': 0.35, 'scale': 0.0}","{'seeds': 20, 'seed_start': 2000, 'test_size': 10000, 'proposals': 200, 'pool_size': 40}",0.5026,4,0.0022000000000000908
family-noise_n-200_noise-0.4_p-20,3000,0,relative_bootstrap,shallower,"{'depth': 4, 'leaf': 5, 'tau': 0.35, 'scale': 0.0}","{'seeds': 20, 'seed_start': 2000, 'test_size': 10000, 'proposals': 100, 'pool_size': 20}",0.4978,10,-0.0025999999999999357
family-noise_n-200_noise-0.4_p-20,3000,0,relative_bootstrap,deeper,"{'depth': 6, 'leaf': 5, 'tau': 0.35, 'scale': 0.0}","{'seeds': 20, 'seed_start': 2000, 'test_size': 10000, 'proposals': 100, 'pool_size': 20}",0.5288,18,0.028400000000000092
family-noise_n-200_noise-0.4_p-20,3000,0,relative_bootstrap,smaller_leaves,"{'depth': 5, 'leaf': 4, 'tau': 0.35, 'scale': 0.0}","{'seeds': 20, 'seed_start': 2000, 'test_size': 10000, 'proposals': 100, 'pool_size': 20}",0.5038,19,0.0034000000000000696
family-noise_n-200_noise-0.4_p-20,3000,0,relative_bootstrap,larger_leaves,"{'depth': 5, 'leaf': 6, 'tau': 0.35, 'scale': 0.0}","{'seeds': 20, 'seed_start': 2000, 'test_size': 10000, 'proposals': 100, 'pool_size': 20}",0.5283,20,0.027900000000000036
family-noise_n-200_noise-0.4_p-20,3000,0,relative_bootstrap,fewer_resamples,"{'depth': 5, 'leaf': 5, 'tau': 0.35, 'scale': 0.0}","{'seeds': 20, 'seed_start': 2000, 'test_size': 10000, 'proposals': 50, 'pool_size': 10}",0.5056,15,0.0052000000000000934
family-noise_n-200_noise-0.4_p-20,3000,0,relative_bootstrap,more_resamples,"{'depth': 5, 'leaf': 5, 'tau': 0.35, 'scale': 0.0}","{'seeds': 20, 'seed_start': 2000, 'test_size': 10000, 'proposals': 200, 'pool_size': 40}",0.5277,8,0.02729999999999999
family-interaction_mixture-0.0_n-800_p-20,3003,0,weighted_bootstrap,shallower,"{'depth': 4, 'leaf': 5, 'tau': 0.0, 'scale': 0.3}","{'seeds': 20, 'seed_start': 2000, 'test_size': 10000, 'proposals': 100, 'pool_size': 20}",1.0,8,0.09589999999999999
family-interaction_mixture-0.0_n-800_p-20,3003,0,weighted_bootstrap,deeper,"{'depth': 6, 'leaf': 5, 'tau': 0.0, 'scale': 0.3}","{'seeds': 20, 'seed_start': 2000, 'test_size': 10000, 'proposals': 100, 'pool_size': 20}",1.0,4,0.09589999999999999
family-interaction_mixture-0.0_n-800_p-20,3003,0,weighted_bootstrap,smaller_leaves,"{'depth': 5, 'leaf': 4, 'tau': 0.0, 'scale': 0.3}","{'seeds': 20, 'seed_start': 2000, 'test_size': 10000, 'proposals': 100, 'pool_size': 20}",1.0,4,0.09589999999999999
family-interaction_mixture-0.0_n-800_p-20,3003,0,weighted_bootstrap,larger_leaves,"{'depth': 5, 'leaf': 6, 'tau': 0.0, 'scale': 0.3}","{'seeds': 20, 'seed_start': 2000, 'test_size': 10000, 'proposals': 100, 'pool_size': 20}",1.0,4,0.09589999999999999
family-interaction_mixture-0.0_n-800_p-20,3003,0,weighted_bootstrap,fewer_resamples,"{'depth': 5, 'leaf': 5, 'tau': 0.0, 'scale': 0.3}","{'seeds': 20, 'seed_start': 2000, 'test_size': 10000, 'proposals': 50, 'pool_size': 10}",1.0,4,0.09589999999999999
family-interaction_mixture-0.0_n-800_p-20,3003,0,weighted_bootstrap,more_resamples,"{'depth': 5, 'leaf': 5, 'tau': 0.0, 'scale': 0.3}","{'seeds': 20, 'seed_start': 2000, 'test_size': 10000, 'proposals': 200, 'pool_size': 40}",1.0,4,0.09589999999999999
family-interaction_mixture-0.0_n-800_p-20,3019,1,weighted_bootstrap,shallower,"{'depth': 4, 'leaf': 5, 'tau': 0.0, 'scale': 0.3}","{'seeds': 20, 'seed_start': 2000, 'test_size': 10000, 'proposals': 100, 'pool_size': 20}",0.5014,16,-0.33540000000000003
family-interaction_mixture-0.0_n-800_p-20,3019,1,weighted_bootstrap,deeper,"{'depth': 6, 'leaf': 5, 'tau': 0.0, 'scale': 0.3}","{'seeds': 20, 'seed_start': 2000, 'test_size': 10000, 'proposals': 100, 'pool_size': 20}",1.0,4,0.1632
family-interaction_mixture-0.0_n-800_p-20,3019,1,weighted_bootstrap,smaller_leaves,"{'depth': 5, 'leaf': 4, 'tau': 0.0, 'scale': 0.3}","{'seeds': 20, 'seed_start': 2000, 'test_size': 10000, 'proposals': 100, 'pool_size': 20}",1.0,4,0.1632
family-interaction_mixture-0.0_n-800_p-20,3019,1,weighted_bootstrap,larger_leaves,"{'depth': 5, 'leaf': 6, 'tau': 0.0, 'scale': 0.3}","{'seeds': 20, 'seed_start': 2000, 'test_size': 10000, 'proposals': 100, 'pool_size': 20}",1.0,4,0.1632
family-interaction_mixture-0.0_n-800_p-20,3019,1,weighted_bootstrap,fewer_resamples,"{'depth': 5, 'leaf': 5, 'tau': 0.0, 'scale': 0.3}","{'seeds': 20, 'seed_start': 2000, 'test_size': 10000, 'proposals': 50, 'pool_size': 10}",1.0,4,0.1632
family-interaction_mixture-0.0_n-800_p-20,3019,1,weighted_bootstrap,more_resamples,"{'depth': 5, 'leaf': 5, 'tau': 0.0, 'scale': 0.3}","{'seeds': 20, 'seed_start': 2000, 'test_size': 10000, 'proposals': 200, 'pool_size': 40}",1.0,4,0.1632
family-interaction_mixture-0.0_n-800_p-20,3000,0,weighted_bootstrap,shallower,"{'depth': 4, 'leaf': 20, 'tau': 0.0, 'scale': 0.3}","{'seeds': 20, 'seed_start': 2000, 'test_size': 10000, 'proposals': 100, 'pool_size': 20}",1.0,4,0.0
family-interaction_mixture-0.0_n-800_p-20,3000,0,weighted_bootstrap,deeper,"{'depth': 6, 'leaf': 20, 'tau': 0.0, 'scale': 0.3}","{'seeds': 20, 'seed_start': 2000, 'test_size': 10000, 'proposals': 100, 'pool_size': 20}",1.0,4,0.0
family-interaction_mixture-0.0_n-800_p-20,3000,0,weighted_bootstrap,smaller_leaves,"{'depth': 5, 'leaf': 16, 'tau': 0.0, 'scale': 0.3}","{'seeds': 20, 'seed_start': 2000, 'test_size': 10000, 'proposals': 100, 'pool_size': 20}",1.0,4,0.0
family-interaction_mixture-0.0_n-800_p-20,3000,0,weighted_bootstrap,larger_leaves,"{'depth': 5, 'leaf': 24, 'tau': 0.0, 'scale': 0.3}","{'seeds': 20, 'seed_start': 2000, 'test_size': 10000, 'proposals': 100, 'pool_size': 20}",1.0,4,0.0
family-interaction_mixture-0.0_n-800_p-20,3000,0,weighted_bootstrap,fewer_resamples,"{'depth': 5, 'leaf': 20, 'tau': 0.0, 'scale': 0.3}","{'seeds': 20, 'seed_start': 2000, 'test_size': 10000, 'proposals': 50, 'pool_size': 10}",1.0,4,0.0
family-interaction_mixture-0.0_n-800_p-20,3000,0,weighted_bootstrap,more_resamples,"{'depth': 5, 'leaf': 20, 'tau': 0.0, 'scale': 0.3}","{'seeds': 20, 'seed_start': 2000, 'test_size': 10000, 'proposals': 200, 'pool_size': 40}",1.0,4,0.0
family-noise_n-200_noise-0.4_p-20,3003,0,relative_bootstrap,shallower,"{'depth': 4, 'leaf': 5, 'tau': 0.5, 'scale': 0.0}","{'seeds': 20, 'seed_start': 2000, 'test_size': 10000, 'proposals': 100, 'pool_size': 20}",0.6013,2,0.07939999999999992
family-noise_n-200_noise-0.4_p-20,3003,0,relative_bootstrap,deeper,"{'depth': 6, 'leaf': 5, 'tau': 0.5, 'scale': 0.0}","{'seeds': 20, 'seed_start': 2000, 'test_size': 10000, 'proposals': 100, 'pool_size': 20}",0.6013,2,0.07939999999999992
family-noise_n-200_noise-0.4_p-20,3003,0,relative_bootstrap,smaller_leaves,"{'depth': 5, 'leaf': 4, 'tau': 0.5, 'scale': 0.0}","{'seeds': 20, 'seed_start': 2000, 'test_size': 10000, 'proposals': 100, 'pool_size': 20}",0.6013,2,0.07939999999999992
family-noise_n-200_noise-0.4_p-20,3003,0,relative_bootstrap,larger_leaves,"{'depth': 5, 'leaf': 6, 'tau': 0.5, 'scale': 0.0}","{'seeds': 20, 'seed_start': 2000, 'test_size': 10000, 'proposals': 100, 'pool_size': 20}",0.6013,2,0.07939999999999992
family-noise_n-200_noise-0.4_p-20,3003,0,relative_bootstrap,fewer_resamples,"{'depth': 5, 'leaf': 5, 'tau': 0.5, 'scale': 0.0}","{'seeds': 20, 'seed_start': 2000, 'test_size': 10000, 'proposals': 50, 'pool_size': 10}",0.6013,2,0.07939999999999992
family-noise_n-200_noise-0.4_p-20,3003,0,relative_bootstrap,more_resamples,"{'depth': 5, 'leaf': 5, 'tau': 0.5, 'scale': 0.0}","{'seeds': 20, 'seed_start': 2000, 'test_size': 10000, 'proposals': 200, 'pool_size': 40}",0.6013,2,0.07939999999999992
family-noise_n-200_noise-0.4_p-20,3003,0,relative_random_bootstrap,shallower,"{'depth': 4, 'leaf': 5, 'tau': 0.5, 'scale': 0.0}","{'seeds': 20, 'seed_start': 2000, 'test_size': 10000, 'proposals': 100, 'pool_size': 20}",0.6013,2,0.07939999999999992
family-noise_n-200_noise-0.4_p-20,3003,0,relative_random_bootstrap,deeper,"{'depth': 6, 'leaf': 5, 'tau': 0.5, 'scale': 0.0}","{'seeds': 20, 'seed_start': 2000, 'test_size': 10000, 'proposals': 100, 'pool_size': 20}",0.6013,2,0.07939999999999992
family-noise_n-200_noise-0.4_p-20,3003,0,relative_random_bootstrap,smaller_leaves,"{'depth': 5, 'leaf': 4, 'tau': 0.5, 'scale': 0.0}","{'seeds': 20, 'seed_start': 2000, 'test_size': 10000, 'proposals': 100, 'pool_size': 20}",0.6013,2,0.07939999999999992
family-noise_n-200_noise-0.4_p-20,3003,0,relative_random_bootstrap,larger_leaves,"{'depth': 5, 'leaf': 6, 'tau': 0.5, 'scale': 0.0}","{'seeds': 20, 'seed_start': 2000, 'test_size': 10000, 'proposals': 100, 'pool_size': 20}",0.6013,2,0.07939999999999992
family-noise_n-200_noise-0.4_p-20,3003,0,relative_random_bootstrap,fewer_resamples,"{'depth': 5, 'leaf': 5, 'tau': 0.5, 'scale': 0.0}","{'seeds': 20, 'seed_start': 2000, 'test_size': 10000, 'proposals': 50, 'pool_size': 10}",0.6013,2,0.07939999999999992
family-noise_n-200_noise-0.4_p-20,3003,0,relative_random_bootstrap,more_resamples,"{'depth': 5, 'leaf': 5, 'tau': 0.5, 'scale': 0.0}","{'seeds': 20, 'seed_start': 2000, 'test_size': 10000, 'proposals': 200, 'pool_size': 40}",0.6013,2,0.07939999999999992
family-interaction_mixture-0.0_n-800_p-20,3005,1,weighted_bootstrap,shallower,"{'depth': 4, 'leaf': 20, 'tau': 0.0, 'scale': 0.3}","{'seeds': 20, 'seed_start': 2000, 'test_size': 10000, 'proposals': 100, 'pool_size': 20}",1.0,4,0.0
family-interaction_mixture-0.0_n-800_p-20,3005,1,weighted_bootstrap,deeper,"{'depth': 6, 'leaf': 20, 'tau': 0.0, 'scale': 0.3}","{'seeds': 20, 'seed_start': 2000, 'test_size': 10000, 'proposals': 100, 'pool_size': 20}",1.0,4,0.0
family-interaction_mixture-0.0_n-800_p-20,3005,1,weighted_bootstrap,smaller_leaves,"{'depth': 5, 'leaf': 16, 'tau': 0.0, 'scale': 0.3}","{'seeds': 20, 'seed_start': 2000, 'test_size': 10000, 'proposals': 100, 'pool_size': 20}",1.0,4,0.0
family-interaction_mixture-0.0_n-800_p-20,3005,1,weighted_bootstrap,larger_leaves,"{'depth': 5, 'leaf': 24, 'tau': 0.0, 'scale': 0.3}","{'seeds': 20, 'seed_start': 2000, 'test_size': 10000, 'proposals': 100, 'pool_size': 20}",1.0,4,0.0
family-interaction_mixture-0.0_n-800_p-20,3005,1,weighted_bootstrap,fewer_resamples,"{'depth': 5, 'leaf': 20, 'tau': 0.0, 'scale': 0.3}","{'seeds': 20, 'seed_start': 2000, 'test_size': 10000, 'proposals': 50, 'pool_size': 10}",1.0,4,0.0
family-interaction_mixture-0.0_n-800_p-20,3005,1,weighted_bootstrap,more_resamples,"{'depth': 5, 'leaf': 20, 'tau': 0.0, 'scale': 0.3}","{'seeds': 20, 'seed_start': 2000, 'test_size': 10000, 'proposals': 200, 'pool_size': 40}",1.0,4,0.0
family-interaction_mixture-0.0_n-800_p-20,3002,2,weighted_bootstrap,shallower,"{'depth': 4, 'leaf': 20, 'tau': 0.0, 'scale': 0.6}","{'seeds': 20, 'seed_start': 2000, 'test_size': 10000, 'proposals': 100, 'pool_size': 20}",1.0,4,0.40969999999999995
family-interaction_mixture-0.0_n-800_p-20,3002,2,weighted_bootstrap,deeper,"{'depth': 6, 'leaf': 20, 'tau': 0.0, 'scale': 0.6}","{'seeds': 20, 'seed_start': 2000, 'test_size': 10000, 'proposals': 100, 'pool_size': 20}",1.0,4,0.40969999999999995
family-interaction_mixture-0.0_n-800_p-20,3002,2,weighted_bootstrap,smaller_leaves,"{'depth': 5, 'leaf': 16, 'tau': 0.0, 'scale': 0.6}","{'seeds': 20, 'seed_start': 2000, 'test_size': 10000, 'proposals': 100, 'pool_size': 20}",1.0,4,0.40969999999999995
family-interaction_mixture-0.0_n-800_p-20,3002,2,weighted_bootstrap,larger_leaves,"{'depth': 5, 'leaf': 24, 'tau': 0.0, 'scale': 0.6}","{'seeds': 20, 'seed_start': 2000, 'test_size': 10000, 'proposals': 100, 'pool_size': 20}",1.0,4,0.40969999999999995
family-interaction_mixture-0.0_n-800_p-20,3002,2,weighted_bootstrap,fewer_resamples,"{'depth': 5, 'leaf': 20, 'tau': 0.0, 'scale': 0.6}","{'seeds': 20, 'seed_start': 2000, 'test_size': 10000, 'proposals': 50, 'pool_size': 10}",1.0,4,0.40969999999999995
family-interaction_mixture-0.0_n-800_p-20,3002,2,weighted_bootstrap,more_resamples,"{'depth': 5, 'leaf': 20, 'tau': 0.0, 'scale': 0.6}","{'seeds': 20, 'seed_start': 2000, 'test_size': 10000, 'proposals': 200, 'pool_size': 40}",1.0,4,0.40969999999999995
family-interaction_mixture-0.0_n-800_p-20,3010,1,weighted_bootstrap,shallower,"{'depth': 4, 'leaf': 5, 'tau': 0.0, 'scale': 0.6}","{'seeds': 20, 'seed_start': 2000, 'test_size': 10000, 'proposals': 100, 'pool_size': 20}",1.0,8,0.12990000000000002
family-interaction_mixture-0.0_n-800_p-20,3010,1,weighted_bootstrap,deeper,"{'depth': 6, 'leaf': 5, 'tau': 0.0, 'scale': 0.6}","{'seeds': 20, 'seed_start': 2000, 'test_size': 10000, 'proposals': 100, 'pool_size': 20}",1.0,4,0.12990000000000002
family-interaction_mixture-0.0_n-800_p-20,3010,1,weighted_bootstrap,smaller_leaves,"{'depth': 5, 'leaf': 4, 'tau': 0.0, 'scale': 0.6}","{'seeds': 20, 'seed_start': 2000, 'test_size': 10000, 'proposals': 100, 'pool_size': 20}",1.0,4,0.12990000000000002
family-interaction_mixture-0.0_n-800_p-20,3010,1,weighted_bootstrap,larger_leaves,"{'depth': 5, 'leaf': 6, 'tau': 0.0, 'scale': 0.6}","{'seeds': 20, 'seed_start': 2000, 'test_size': 10000, 'proposals': 100, 'pool_size': 20}",1.0,4,0.12990000000000002
family-interaction_mixture-0.0_n-800_p-20,3010,1,weighted_bootstrap,fewer_resamples,"{'depth': 5, 'leaf': 5, 'tau': 0.0, 'scale': 0.6}","{'seeds': 20, 'seed_start': 2000, 'test_size': 10000, 'proposals': 50, 'pool_size': 10}",1.0,12,0.12990000000000002
family-interaction_mixture-0.0_n-800_p-20,3010,1,weighted_bootstrap,more_resamples,"{'depth': 5, 'leaf': 5, 'tau': 0.0, 'scale': 0.6}","{'seeds': 20, 'seed_start': 2000, 'test_size': 10000, 'proposals': 200, 'pool_size': 40}",1.0,4,0.12990000000000002
family-interaction_mixture-0.0_n-800_p-20,3017,2,weighted_bootstrap,shallower,"{'depth': 4, 'leaf': 5, 'tau': 0.0, 'scale': 0.3}","{'seeds': 20, 'seed_start': 2000, 'test_size': 10000, 'proposals': 100, 'pool_size': 20}",1.0,8,0.1614
family-interaction_mixture-0.0_n-800_p-20,3017,2,weighted_bootstrap,deeper,"{'depth': 6, 'leaf': 5, 'tau': 0.0, 'scale': 0.3}","{'seeds': 20, 'seed_start': 2000, 'test_size': 10000, 'proposals': 100, 'pool_size': 20}",1.0,12,0.1614
family-interaction_mixture-0.0_n-800_p-20,3017,2,weighted_bootstrap,smaller_leaves,"{'depth': 5, 'leaf': 4, 'tau': 0.0, 'scale': 0.3}","{'seeds': 20, 'seed_start': 2000, 'test_size': 10000, 'proposals': 100, 'pool_size': 20}",1.0,8,0.1614
family-interaction_mixture-0.0_n-800_p-20,3017,2,weighted_bootstrap,larger_leaves,"{'depth': 5, 'leaf': 6, 'tau': 0.0, 'scale': 0.3}","{'seeds': 20, 'seed_start': 2000, 'test_size': 10000, 'proposals': 100, 'pool_size': 20}",1.0,8,0.1614
family-interaction_mixture-0.0_n-800_p-20,3017,2,weighted_bootstrap,fewer_resamples,"{'depth': 5, 'leaf': 5, 'tau': 0.0, 'scale': 0.3}","{'seeds': 20, 'seed_start': 2000, 'test_size': 10000, 'proposals': 50, 'pool_size': 10}",1.0,16,0.1614
family-interaction_mixture-0.0_n-800_p-20,3017,2,weighted_bootstrap,more_resamples,"{'depth': 5, 'leaf': 5, 'tau': 0.0, 'scale': 0.3}","{'seeds': 20, 'seed_start': 2000, 'test_size': 10000, 'proposals': 200, 'pool_size': 40}",1.0,8,0.1614
family-interaction_mixture-0.0_n-800_p-20,3009,0,weighted_bootstrap,shallower,"{'depth': 4, 'leaf': 5, 'tau': 0.0, 'scale': 0.3}","{'seeds': 20, 'seed_start': 2000, 'test_size': 10000, 'proposals': 100, 'pool_size': 20}",1.0,8,0.3691
family-interaction_mixture-0.0_n-800_p-20,3009,0,weighted_bootstrap,deeper,"{'depth': 6, 'leaf': 5, 'tau': 0.0, 'scale': 0.3}","{'seeds': 20, 'seed_start': 2000, 'test_size': 10000, 'proposals': 100, 'pool_size': 20}",1.0,4,0.3691
family-interaction_mixture-0.0_n-800_p-20,3009,0,weighted_bootstrap,smaller_leaves,"{'depth': 5, 'leaf': 4, 'tau': 0.0, 'scale': 0.3}","{'seeds': 20, 'seed_start': 2000, 'test_size': 10000, 'proposals': 100, 'pool_size': 20}",1.0,4,0.3691
family-interaction_mixture-0.0_n-800_p-20,3009,0,weighted_bootstrap,larger_leaves,"{'depth': 5, 'leaf': 6, 'tau': 0.0, 'scale': 0.3}","{'seeds': 20, 'seed_start': 2000, 'test_size': 10000, 'proposals': 100, 'pool_size': 20}",1.0,4,0.3691
family-interaction_mixture-0.0_n-800_p-20,3009,0,weighted_bootstrap,fewer_resamples,"{'depth': 5, 'leaf': 5, 'tau': 0.0, 'scale': 0.3}","{'seeds': 20, 'seed_start': 2000, 'test_size': 10000, 'proposals': 50, 'pool_size': 10}",1.0,4,0.3691
family-interaction_mixture-0.0_n-800_p-20,3009,0,weighted_bootstrap,more_resamples,"{'depth': 5, 'leaf': 5, 'tau': 0.0, 'scale': 0.3}","{'seeds': 20, 'seed_start': 2000, 'test_size': 10000, 'proposals': 200, 'pool_size': 40}",1.0,4,0.3691
family-interaction_mixture-0.0_n-800_p-20,3015,0,weighted_bootstrap,shallower,"{'depth': 4, 'leaf': 20, 'tau': 0.0, 'scale': 0.3}","{'seeds': 20, 'seed_start': 2000, 'test_size': 10000, 'proposals': 100, 'pool_size': 20}",0.4979,16,-0.21230000000000004
family-interaction_mixture-0.0_n-800_p-20,3015,0,weighted_bootstrap,deeper,"{'depth': 6, 'leaf': 20, 'tau': 0.0, 'scale': 0.3}","{'seeds': 20, 'seed_start': 2000, 'test_size': 10000, 'proposals': 100, 'pool_size': 20}",0.8369,23,0.12669999999999992
family-interaction_mixture-0.0_n-800_p-20,3015,0,weighted_bootstrap,smaller_leaves,"{'depth': 5, 'leaf': 16, 'tau': 0.0, 'scale': 0.3}","{'seeds': 20, 'seed_start': 2000, 'test_size': 10000, 'proposals': 100, 'pool_size': 20}",1.0,16,0.28979999999999995
family-interaction_mixture-0.0_n-800_p-20,3015,0,weighted_bootstrap,larger_leaves,"{'depth': 5, 'leaf': 24, 'tau': 0.0, 'scale': 0.3}","{'seeds': 20, 'seed_start': 2000, 'test_size': 10000, 'proposals': 100, 'pool_size': 20}",0.9058,20,0.1956
family-interaction_mixture-0.0_n-800_p-20,3015,0,weighted_bootstrap,fewer_resamples,"{'depth': 5, 'leaf': 20, 'tau': 0.0, 'scale': 0.3}","{'seeds': 20, 'seed_start': 2000, 'test_size': 10000, 'proposals': 50, 'pool_size': 10}",0.94,16,0.2297999999999999
family-interaction_mixture-0.0_n-800_p-20,3015,0,weighted_bootstrap,more_resamples,"{'depth': 5, 'leaf': 20, 'tau': 0.0, 'scale': 0.3}","{'seeds': 20, 'seed_start': 2000, 'test_size': 10000, 'proposals': 200, 'pool_size': 40}",1.0,8,0.28979999999999995
family-noise_n-200_noise-0.4_p-20,3016,0,relative_bootstrap,shallower,"{'depth': 4, 'leaf': 20, 'tau': 0.35, 'scale': 0.0}","{'seeds': 20, 'seed_start': 2000, 'test_size': 10000, 'proposals': 100, 'pool_size': 20}",0.6039,2,0.09079999999999999
family-noise_n-200_noise-0.4_p-20,3016,0,relative_bootstrap,deeper,"{'depth': 6, 'leaf': 20, 'tau': 0.35, 'scale': 0.0}","{'seeds': 20, 'seed_start': 2000, 'test_size': 10000, 'proposals': 100, 'pool_size': 20}",0.6039,2,0.09079999999999999
family-noise_n-200_noise-0.4_p-20,3016,0,relative_bootstrap,smaller_leaves,"{'depth': 5, 'leaf': 16, 'tau': 0.35, 'scale': 0.0}","{'seeds': 20, 'seed_start': 2000, 'test_size': 10000, 'proposals': 100, 'pool_size': 20}",0.5875,3,0.07440000000000002
family-noise_n-200_noise-0.4_p-20,3016,0,relative_bootstrap,larger_leaves,"{'depth': 5, 'leaf': 24, 'tau': 0.35, 'scale': 0.0}","{'seeds': 20, 'seed_start': 2000, 'test_size': 10000, 'proposals': 100, 'pool_size': 20}",0.6039,2,0.09079999999999999
family-noise_n-200_noise-0.4_p-20,3016,0,relative_bootstrap,fewer_resamples,"{'depth': 5, 'leaf': 20, 'tau': 0.35, 'scale': 0.0}","{'seeds': 20, 'seed_start': 2000, 'test_size': 10000, 'proposals': 50, 'pool_size': 10}",0.5301,4,0.017000000000000015
family-noise_n-200_noise-0.4_p-20,3016,0,relative_bootstrap,more_resamples,"{'depth': 5, 'leaf': 20, 'tau': 0.35, 'scale': 0.0}","{'seeds': 20, 'seed_start': 2000, 'test_size': 10000, 'proposals': 200, 'pool_size': 40}",0.6039,2,0.09079999999999999
family-noise_n-200_noise-0.4_p-20,3016,0,relative_random_bootstrap,shallower,"{'depth': 4, 'leaf': 20, 'tau': 0.35, 'scale': 0.0}","{'seeds': 20, 'seed_start': 2000, 'test_size': 10000, 'proposals': 100, 'pool_size': 20}",0.6039,2,0.09079999999999999
family-noise_n-200_noise-0.4_p-20,3016,0,relative_random_bootstrap,deeper,"{'depth': 6, 'leaf': 20, 'tau': 0.35, 'scale': 0.0}","{'seeds': 20, 'seed_start': 2000, 'test_size': 10000, 'proposals': 100, 'pool_size': 20}",0.6039,2,0.09079999999999999
family-noise_n-200_noise-0.4_p-20,3016,0,relative_random_bootstrap,smaller_leaves,"{'depth': 5, 'leaf': 16, 'tau': 0.35, 'scale': 0.0}","{'seeds': 20, 'seed_start': 2000, 'test_size': 10000, 'proposals': 100, 'pool_size': 20}",0.5875,3,0.07440000000000002
family-noise_n-200_noise-0.4_p-20,3016,0,relative_random_bootstrap,larger_leaves,"{'depth': 5, 'leaf': 24, 'tau': 0.35, 'scale': 0.0}","{'seeds': 20, 'seed_start': 2000, 'test_size': 10000, 'proposals': 100, 'pool_size': 20}",0.6039,2,0.09079999999999999
family-noise_n-200_noise-0.4_p-20,3016,0,relative_random_bootstrap,fewer_resamples,"{'depth': 5, 'leaf': 20, 'tau': 0.35, 'scale': 0.0}","{'seeds': 20, 'seed_start': 2000, 'test_size': 10000, 'proposals': 50, 'pool_size': 10}",0.5301,4,0.017000000000000015
family-noise_n-200_noise-0.4_p-20,3016,0,relative_random_bootstrap,more_resamples,"{'depth': 5, 'leaf': 20, 'tau': 0.35, 'scale': 0.0}","{'seeds': 20, 'seed_start': 2000, 'test_size': 10000, 'proposals': 200, 'pool_size': 40}",0.6039,2,0.09079999999999999
family-interaction_mixture-0.0_n-800_p-20,3012,2,weighted_bootstrap,shallower,"{'depth': 4, 'leaf': 5, 'tau': 0.0, 'scale': 0.6}","{'seeds': 20, 'seed_start': 2000, 'test_size': 10000, 'proposals': 100, 'pool_size': 20}",1.0,16,0.38
family-interaction_mixture-0.0_n-800_p-20,3012,2,weighted_bootstrap,deeper,"{'depth': 6, 'leaf': 5, 'tau': 0.0, 'scale': 0.6}","{'seeds': 20, 'seed_start': 2000, 'test_size': 10000, 'proposals': 100, 'pool_size': 20}",1.0,4,0.38
family-interaction_mixture-0.0_n-800_p-20,3012,2,weighted_bootstrap,smaller_leaves,"{'depth': 5, 'leaf': 4, 'tau': 0.0, 'scale': 0.6}","{'seeds': 20, 'seed_start': 2000, 'test_size': 10000, 'proposals': 100, 'pool_size': 20}",1.0,4,0.38
family-interaction_mixture-0.0_n-800_p-20,3012,2,weighted_bootstrap,larger_leaves,"{'depth': 5, 'leaf': 6, 'tau': 0.0, 'scale': 0.6}","{'seeds': 20, 'seed_start': 2000, 'test_size': 10000, 'proposals': 100, 'pool_size': 20}",1.0,4,0.38
family-interaction_mixture-0.0_n-800_p-20,3012,2,weighted_bootstrap,fewer_resamples,"{'depth': 5, 'leaf': 5, 'tau': 0.0, 'scale': 0.6}","{'seeds': 20, 'seed_start': 2000, 'test_size': 10000, 'proposals': 50, 'pool_size': 10}",1.0,4,0.38
family-interaction_mixture-0.0_n-800_p-20,3012,2,weighted_bootstrap,more_resamples,"{'depth': 5, 'leaf': 5, 'tau': 0.0, 'scale': 0.6}","{'seeds': 20, 'seed_start': 2000, 'test_size': 10000, 'proposals': 200, 'pool_size': 40}",1.0,4,0.38
family-interaction_mixture-0.0_n-800_p-20,3015,1,weighted_bootstrap,shallower,"{'depth': 4, 'leaf': 20, 'tau': 0.0, 'scale': 0.3}","{'seeds': 20, 'seed_start': 2000, 'test_size': 10000, 'proposals': 100, 'pool_size': 20}",0.4979,16,-0.20009999999999994
family-interaction_mixture-0.0_n-800_p-20,3015,1,weighted_bootstrap,deeper,"{'depth': 6, 'leaf': 20, 'tau': 0.0, 'scale': 0.3}","{'seeds': 20, 'seed_start': 2000, 'test_size': 10000, 'proposals': 100, 'pool_size': 20}",1.0,16,0.30200000000000005
family-interaction_mixture-0.0_n-800_p-20,3015,1,weighted_bootstrap,smaller_leaves,"{'depth': 5, 'leaf': 16, 'tau': 0.0, 'scale': 0.3}","{'seeds': 20, 'seed_start': 2000, 'test_size': 10000, 'proposals': 100, 'pool_size': 20}",1.0,16,0.30200000000000005
family-interaction_mixture-0.0_n-800_p-20,3015,1,weighted_bootstrap,larger_leaves,"{'depth': 5, 'leaf': 24, 'tau': 0.0, 'scale': 0.3}","{'seeds': 20, 'seed_start': 2000, 'test_size': 10000, 'proposals': 100, 'pool_size': 20}",0.6532,29,-0.04479999999999995
family-interaction_mixture-0.0_n-800_p-20,3015,1,weighted_bootstrap,fewer_resamples,"{'depth': 5, 'leaf': 20, 'tau': 0.0, 'scale': 0.3}","{'seeds': 20, 'seed_start': 2000, 'test_size': 10000, 'proposals': 50, 'pool_size': 10}",1.0,4,0.30200000000000005
family-interaction_mixture-0.0_n-800_p-20,3015,1,weighted_bootstrap,more_resamples,"{'depth': 5, 'leaf': 20, 'tau': 0.0, 'scale': 0.3}","{'seeds': 20, 'seed_start': 2000, 'test_size': 10000, 'proposals': 200, 'pool_size': 40}",1.0,8,0.30200000000000005
family-interaction_mixture-0.0_n-800_p-20,3009,1,weighted_bootstrap,shallower,"{'depth': 4, 'leaf': 5, 'tau': 0.0, 'scale': 0.3}","{'seeds': 20, 'seed_start': 2000, 'test_size': 10000, 'proposals': 100, 'pool_size': 20}",1.0,8,0.34130000000000005
family-interaction_mixture-0.0_n-800_p-20,3009,1,weighted_bootstrap,deeper,"{'depth': 6, 'leaf': 5, 'tau': 0.0, 'scale': 0.3}","{'seeds': 20, 'seed_start': 2000, 'test_size': 10000, 'proposals': 100, 'pool_size': 20}",1.0,4,0.34130000000000005
family-interaction_mixture-0.0_n-800_p-20,3009,1,weighted_bootstrap,smaller_leaves,"{'depth': 5, 'leaf': 4, 'tau': 0.0, 'scale': 0.3}","{'seeds': 20, 'seed_start': 2000, 'test_size': 10000, 'proposals': 100, 'pool_size': 20}",1.0,4,0.34130000000000005
family-interaction_mixture-0.0_n-800_p-20,3009,1,weighted_bootstrap,larger_leaves,"{'depth': 5, 'leaf': 6, 'tau': 0.0, 'scale': 0.3}","{'seeds': 20, 'seed_start': 2000, 'test_size': 10000, 'proposals': 100, 'pool_size': 20}",1.0,4,0.34130000000000005
family-interaction_mixture-0.0_n-800_p-20,3009,1,weighted_bootstrap,fewer_resamples,"{'depth': 5, 'leaf': 5, 'tau': 0.0, 'scale': 0.3}","{'seeds': 20, 'seed_start': 2000, 'test_size': 10000, 'proposals': 50, 'pool_size': 10}",1.0,4,0.34130000000000005
family-interaction_mixture-0.0_n-800_p-20,3009,1,weighted_bootstrap,more_resamples,"{'depth': 5, 'leaf': 5, 'tau': 0.0, 'scale': 0.3}","{'seeds': 20, 'seed_start': 2000, 'test_size': 10000, 'proposals': 200, 'pool_size': 40}",1.0,4,0.34130000000000005
family-noise_n-200_noise-0.4_p-20,3013,0,relative_bootstrap,shallower,"{'depth': 4, 'leaf': 5, 'tau': 0.5, 'scale': 0.0}","{'seeds': 20, 'seed_start': 2000, 'test_size': 10000, 'proposals': 100, 'pool_size': 20}",0.595,2,0.06499999999999995
family-noise_n-200_noise-0.4_p-20,3013,0,relative_bootstrap,deeper,"{'depth': 6, 'leaf': 5, 'tau': 0.5, 'scale': 0.0}","{'seeds': 20, 'seed_start': 2000, 'test_size': 10000, 'proposals': 100, 'pool_size': 20}",0.595,2,0.06499999999999995
family-noise_n-200_noise-0.4_p-20,3013,0,relative_bootstrap,smaller_leaves,"{'depth': 5, 'leaf': 4, 'tau': 0.5, 'scale': 0.0}","{'seeds': 20, 'seed_start': 2000, 'test_size': 10000, 'proposals': 100, 'pool_size': 20}",0.595,2,0.06499999999999995
family-noise_n-200_noise-0.4_p-20,3013,0,relative_bootstrap,larger_leaves,"{'depth': 5, 'leaf': 6, 'tau': 0.5, 'scale': 0.0}","{'seeds': 20, 'seed_start': 2000, 'test_size': 10000, 'proposals': 100, 'pool_size': 20}",0.595,2,0.06499999999999995
family-noise_n-200_noise-0.4_p-20,3013,0,relative_bootstrap,fewer_resamples,"{'depth': 5, 'leaf': 5, 'tau': 0.5, 'scale': 0.0}","{'seeds': 20, 'seed_start': 2000, 'test_size': 10000, 'proposals': 50, 'pool_size': 10}",0.595,2,0.06499999999999995
family-noise_n-200_noise-0.4_p-20,3013,0,relative_bootstrap,more_resamples,"{'depth': 5, 'leaf': 5, 'tau': 0.5, 'scale': 0.0}","{'seeds': 20, 'seed_start': 2000, 'test_size': 10000, 'proposals': 200, 'pool_size': 40}",0.595,2,0.06499999999999995
family-noise_n-200_noise-0.4_p-20,3013,0,relative_random_bootstrap,shallower,"{'depth': 4, 'leaf': 5, 'tau': 0.5, 'scale': 0.0}","{'seeds': 20, 'seed_start': 2000, 'test_size': 10000, 'proposals': 100, 'pool_size': 20}",0.595,2,0.06499999999999995
family-noise_n-200_noise-0.4_p-20,3013,0,relative_random_bootstrap,deeper,"{'depth': 6, 'leaf': 5, 'tau': 0.5, 'scale': 0.0}","{'seeds': 20, 'seed_start': 2000, 'test_size': 10000, 'proposals': 100, 'pool_size': 20}",0.595,2,0.06499999999999995
family-noise_n-200_noise-0.4_p-20,3013,0,relative_random_bootstrap,smaller_leaves,"{'depth': 5, 'leaf': 4, 'tau': 0.5, 'scale': 0.0}","{'seeds': 20, 'seed_start': 2000, 'test_size': 10000, 'proposals': 100, 'pool_size': 20}",0.595,2,0.06499999999999995
family-noise_n-200_noise-0.4_p-20,3013,0,relative_random_bootstrap,larger_leaves,"{'depth': 5, 'leaf': 6, 'tau': 0.5, 'scale': 0.0}","{'seeds': 20, 'seed_start': 2000, 'test_size': 10000, 'proposals': 100, 'pool_size': 20}",0.595,2,0.06499999999999995
family-noise_n-200_noise-0.4_p-20,3013,0,relative_random_bootstrap,fewer_resamples,"{'depth': 5, 'leaf': 5, 'tau': 0.5, 'scale': 0.0}","{'seeds': 20, 'seed_start': 2000, 'test_size': 10000, 'proposals': 50, 'pool_size': 10}",0.595,2,0.06499999999999995
family-noise_n-200_noise-0.4_p-20,3013,0,relative_random_bootstrap,more_resamples,"{'depth': 5, 'leaf': 5, 'tau': 0.5, 'scale': 0.0}","{'seeds': 20, 'seed_start': 2000, 'test_size': 10000, 'proposals': 200, 'pool_size': 40}",0.595,2,0.06499999999999995
family-interaction_mixture-0.0_n-800_p-20,3010,0,weighted_bootstrap,shallower,"{'depth': 4, 'leaf': 5, 'tau': 0.0, 'scale': 0.6}","{'seeds': 20, 'seed_start': 2000, 'test_size': 10000, 'proposals': 100, 'pool_size': 20}",1.0,8,0.13070000000000004
family-interaction_mixture-0.0_n-800_p-20,3010,0,weighted_bootstrap,deeper,"{'depth': 6, 'leaf': 5, 'tau': 0.0, 'scale': 0.6}","{'seeds': 20, 'seed_start': 2000, 'test_size': 10000, 'proposals': 100, 'pool_size': 20}",1.0,4,0.13070000000000004
family-interaction_mixture-0.0_n-800_p-20,3010,0,weighted_bootstrap,smaller_leaves,"{'depth': 5, 'leaf': 4, 'tau': 0.0, 'scale': 0.6}","{'seeds': 20, 'seed_start': 2000, 'test_size': 10000, 'proposals': 100, 'pool_size': 20}",1.0,4,0.13070000000000004
family-interaction_mixture-0.0_n-800_p-20,3010,0,weighted_bootstrap,larger_leaves,"{'depth': 5, 'leaf': 6, 'tau': 0.0, 'scale': 0.6}","{'seeds': 20, 'seed_start': 2000, 'test_size': 10000, 'proposals': 100, 'pool_size': 20}",1.0,4,0.13070000000000004
family-interaction_mixture-0.0_n-800_p-20,3010,0,weighted_bootstrap,fewer_resamples,"{'depth': 5, 'leaf': 5, 'tau': 0.0, 'scale': 0.6}","{'seeds': 20, 'seed_start': 2000, 'test_size': 10000, 'proposals': 50, 'pool_size': 10}",1.0,16,0.13070000000000004
family-interaction_mixture-0.0_n-800_p-20,3010,0,weighted_bootstrap,more_resamples,"{'depth': 5, 'leaf': 5, 'tau': 0.0, 'scale': 0.6}","{'seeds': 20, 'seed_start': 2000, 'test_size': 10000, 'proposals': 200, 'pool_size': 40}",1.0,4,0.13070000000000004
family-noise_n-200_noise-0.4_p-20,3006,0,relative_bootstrap,shallower,"{'depth': 4, 'leaf': 5, 'tau': 0.35, 'scale': 0.0}","{'seeds': 20, 'seed_start': 2000, 'test_size': 10000, 'proposals': 100, 'pool_size': 20}",0.5813,9,0.07720000000000005
family-noise_n-200_noise-0.4_p-20,3006,0,relative_bootstrap,deeper,"{'depth': 6, 'leaf': 5, 'tau': 0.35, 'scale': 0.0}","{'seeds': 20, 'seed_start': 2000, 'test_size': 10000, 'proposals': 100, 'pool_size': 20}",0.5667,16,0.06259999999999999
family-noise_n-200_noise-0.4_p-20,3006,0,relative_bootstrap,smaller_leaves,"{'depth': 5, 'leaf': 4, 'tau': 0.35, 'scale': 0.0}","{'seeds': 20, 'seed_start': 2000, 'test_size': 10000, 'proposals': 100, 'pool_size': 20}",0.5742,15,0.07010000000000005
family-noise_n-200_noise-0.4_p-20,3006,0,relative_bootstrap,larger_leaves,"{'depth': 5, 'leaf': 6, 'tau': 0.35, 'scale': 0.0}","{'seeds': 20, 'seed_start': 2000, 'test_size': 10000, 'proposals': 100, 'pool_size': 20}",0.5813,11,0.07720000000000005
family-noise_n-200_noise-0.4_p-20,3006,0,relative_bootstrap,fewer_resamples,"{'depth': 5, 'leaf': 5, 'tau': 0.35, 'scale': 0.0}","{'seeds': 20, 'seed_start': 2000, 'test_size': 10000, 'proposals': 50, 'pool_size': 10}",0.5715,4,0.06740000000000002
family-noise_n-200_noise-0.4_p-20,3006,0,relative_bootstrap,more_resamples,"{'depth': 5, 'leaf': 5, 'tau': 0.35, 'scale': 0.0}","{'seeds': 20, 'seed_start': 2000, 'test_size': 10000, 'proposals': 200, 'pool_size': 40}",0.5993,2,0.09520000000000006
family-noise_n-200_noise-0.4_p-20,3006,0,relative_random_bootstrap,shallower,"{'depth': 4, 'leaf': 5, 'tau': 0.0, 'scale': 0.0}","{'seeds': 20, 'seed_start': 2000, 'test_size': 10000, 'proposals': 100, 'pool_size': 20}",0.5596,12,0.055499999999999994
family-noise_n-200_noise-0.4_p-20,3006,0,relative_random_bootstrap,deeper,"{'depth': 6, 'leaf': 5, 'tau': 0.0, 'scale': 0.0}","{'seeds': 20, 'seed_start': 2000, 'test_size': 10000, 'proposals': 100, 'pool_size': 20}",0.4986,22,-0.005500000000000005
family-noise_n-200_noise-0.4_p-20,3006,0,relative_random_bootstrap,smaller_leaves,"{'depth': 5, 'leaf': 4, 'tau': 0.0, 'scale': 0.0}","{'seeds': 20, 'seed_start': 2000, 'test_size': 10000, 'proposals': 100, 'pool_size': 20}",0.5513,20,0.04720000000000002
family-noise_n-200_noise-0.4_p-20,3006,0,relative_random_bootstrap,larger_leaves,"{'depth': 5, 'leaf': 6, 'tau': 0.0, 'scale': 0.0}","{'seeds': 20, 'seed_start': 2000, 'test_size': 10000, 'proposals': 100, 'pool_size': 20}",0.5244,16,0.020299999999999985
family-noise_n-200_noise-0.4_p-20,3006,0,relative_random_bootstrap,fewer_resamples,"{'depth': 5, 'leaf': 5, 'tau': 0.0, 'scale': 0.0}","{'seeds': 20, 'seed_start': 2000, 'test_size': 10000, 'proposals': 50, 'pool_size': 10}",0.557,21,0.05290000000000006
family-noise_n-200_noise-0.4_p-20,3006,0,relative_random_bootstrap,more_resamples,"{'depth': 5, 'leaf': 5, 'tau': 0.0, 'scale': 0.0}","{'seeds': 20, 'seed_start': 2000, 'test_size': 10000, 'proposals': 200, 'pool_size': 40}",0.4948,20,-0.009299999999999975
family-interaction_mixture-0.0_n-800_p-20,3005,0,weighted_bootstrap,shallower,"{'depth': 4, 'leaf': 20, 'tau': 0.0, 'scale': 0.3}","{'seeds': 20, 'seed_start': 2000, 'test_size': 10000, 'proposals': 100, 'pool_size': 20}",1.0,4,0.0
family-interaction_mixture-0.0_n-800_p-20,3005,0,weighted_bootstrap,deeper,"{'depth': 6, 'leaf': 20, 'tau': 0.0, 'scale': 0.3}","{'seeds': 20, 'seed_start': 2000, 'test_size': 10000, 'proposals': 100, 'pool_size': 20}",1.0,4,0.0
family-interaction_mixture-0.0_n-800_p-20,3005,0,weighted_bootstrap,smaller_leaves,"{'depth': 5, 'leaf': 16, 'tau': 0.0, 'scale': 0.3}","{'seeds': 20, 'seed_start': 2000, 'test_size': 10000, 'proposals': 100, 'pool_size': 20}",1.0,4,0.0
family-interaction_mixture-0.0_n-800_p-20,3005,0,weighted_bootstrap,larger_leaves,"{'depth': 5, 'leaf': 24, 'tau': 0.0, 'scale': 0.3}","{'seeds': 20, 'seed_start': 2000, 'test_size': 10000, 'proposals': 100, 'pool_size': 20}",1.0,4,0.0
family-interaction_mixture-0.0_n-800_p-20,3005,0,weighted_bootstrap,fewer_resamples,"{'depth': 5, 'leaf': 20, 'tau': 0.0, 'scale': 0.3}","{'seeds': 20, 'seed_start': 2000, 'test_size': 10000, 'proposals': 50, 'pool_size': 10}",1.0,4,0.0
family-interaction_mixture-0.0_n-800_p-20,3005,0,weighted_bootstrap,more_resamples,"{'depth': 5, 'leaf': 20, 'tau': 0.0, 'scale': 0.3}","{'seeds': 20, 'seed_start': 2000, 'test_size': 10000, 'proposals': 200, 'pool_size': 40}",1.0,4,0.0
family-interaction_mixture-0.0_n-800_p-20,3007,2,weighted_bootstrap,shallower,"{'depth': 4, 'leaf': 20, 'tau': 0.0, 'scale': 0.3}","{'seeds': 20, 'seed_start': 2000, 'test_size': 10000, 'proposals': 100, 'pool_size': 20}",0.502,16,-0.30500000000000005
family-interaction_mixture-0.0_n-800_p-20,3007,2,weighted_bootstrap,deeper,"{'depth': 6, 'leaf': 20, 'tau': 0.0, 'scale': 0.3}","{'seeds': 20, 'seed_start': 2000, 'test_size': 10000, 'proposals': 100, 'pool_size': 20}",1.0,4,0.19299999999999995
family-interaction_mixture-0.0_n-800_p-20,3007,2,weighted_bootstrap,smaller_leaves,"{'depth': 5, 'leaf': 16, 'tau': 0.0, 'scale': 0.3}","{'seeds': 20, 'seed_start': 2000, 'test_size': 10000, 'proposals': 100, 'pool_size': 20}",1.0,4,0.19299999999999995
family-interaction_mixture-0.0_n-800_p-20,3007,2,weighted_bootstrap,larger_leaves,"{'depth': 5, 'leaf': 24, 'tau': 0.0, 'scale': 0.3}","{'seeds': 20, 'seed_start': 2000, 'test_size': 10000, 'proposals': 100, 'pool_size': 20}",1.0,4,0.19299999999999995
family-interaction_mixture-0.0_n-800_p-20,3007,2,weighted_bootstrap,fewer_resamples,"{'depth': 5, 'leaf': 20, 'tau': 0.0, 'scale': 0.3}","{'seeds': 20, 'seed_start': 2000, 'test_size': 10000, 'proposals': 50, 'pool_size': 10}",1.0,4,0.19299999999999995
family-interaction_mixture-0.0_n-800_p-20,3007,2,weighted_bootstrap,more_resamples,"{'depth': 5, 'leaf': 20, 'tau': 0.0, 'scale': 0.3}","{'seeds': 20, 'seed_start': 2000, 'test_size': 10000, 'proposals': 200, 'pool_size': 40}",1.0,4,0.19299999999999995
family-interaction_mixture-0.0_n-800_p-20,3000,1,weighted_bootstrap,shallower,"{'depth': 4, 'leaf': 20, 'tau': 0.0, 'scale': 0.3}","{'seeds': 20, 'seed_start': 2000, 'test_size': 10000, 'proposals': 100, 'pool_size': 20}",1.0,4,0.0
family-interaction_mixture-0.0_n-800_p-20,3000,1,weighted_bootstrap,deeper,"{'depth': 6, 'leaf': 20, 'tau': 0.0, 'scale': 0.3}","{'seeds': 20, 'seed_start': 2000, 'test_size': 10000, 'proposals': 100, 'pool_size': 20}",1.0,4,0.0
family-interaction_mixture-0.0_n-800_p-20,3000,1,weighted_bootstrap,smaller_leaves,"{'depth': 5, 'leaf': 16, 'tau': 0.0, 'scale': 0.3}","{'seeds': 20, 'seed_start': 2000, 'test_size': 10000, 'proposals': 100, 'pool_size': 20}",1.0,4,0.0
family-interaction_mixture-0.0_n-800_p-20,3000,1,weighted_bootstrap,larger_leaves,"{'depth': 5, 'leaf': 24, 'tau': 0.0, 'scale': 0.3}","{'seeds': 20, 'seed_start': 2000, 'test_size': 10000, 'proposals': 100, 'pool_size': 20}",1.0,4,0.0
family-interaction_mixture-0.0_n-800_p-20,3000,1,weighted_bootstrap,fewer_resamples,"{'depth': 5, 'leaf': 20, 'tau': 0.0, 'scale': 0.3}","{'seeds': 20, 'seed_start': 2000, 'test_size': 10000, 'proposals': 50, 'pool_size': 10}",1.0,4,0.0
family-interaction_mixture-0.0_n-800_p-20,3000,1,weighted_bootstrap,more_resamples,"{'depth': 5, 'leaf': 20, 'tau': 0.0, 'scale': 0.3}","{'seeds': 20, 'seed_start': 2000, 'test_size': 10000, 'proposals': 200, 'pool_size': 40}",1.0,4,0.0
family-interaction_mixture-0.0_n-800_p-20,3019,0,weighted_bootstrap,shallower,"{'depth': 4, 'leaf': 5, 'tau': 0.0, 'scale': 0.3}","{'seeds': 20, 'seed_start': 2000, 'test_size': 10000, 'proposals': 100, 'pool_size': 20}",0.5014,16,-0.3360000000000001
family-interaction_mixture-0.0_n-800_p-20,3019,0,weighted_bootstrap,deeper,"{'depth': 6, 'leaf': 5, 'tau': 0.0, 'scale': 0.3}","{'seeds': 20, 'seed_start': 2000, 'test_size': 10000, 'proposals': 100, 'pool_size': 20}",1.0,4,0.16259999999999997
family-interaction_mixture-0.0_n-800_p-20,3019,0,weighted_bootstrap,smaller_leaves,"{'depth': 5, 'leaf': 4, 'tau': 0.0, 'scale': 0.3}","{'seeds': 20, 'seed_start': 2000, 'test_size': 10000, 'proposals': 100, 'pool_size': 20}",1.0,4,0.16259999999999997
family-interaction_mixture-0.0_n-800_p-20,3019,0,weighted_bootstrap,larger_leaves,"{'depth': 5, 'leaf': 6, 'tau': 0.0, 'scale': 0.3}","{'seeds': 20, 'seed_start': 2000, 'test_size': 10000, 'proposals': 100, 'pool_size': 20}",1.0,4,0.16259999999999997
family-interaction_mixture-0.0_n-800_p-20,3019,0,weighted_bootstrap,fewer_resamples,"{'depth': 5, 'leaf': 5, 'tau': 0.0, 'scale': 0.3}","{'seeds': 20, 'seed_start': 2000, 'test_size': 10000, 'proposals': 50, 'pool_size': 10}",1.0,4,0.16259999999999997
family-interaction_mixture-0.0_n-800_p-20,3019,0,weighted_bootstrap,more_resamples,"{'depth': 5, 'leaf': 5, 'tau': 0.0, 'scale': 0.3}","{'seeds': 20, 'seed_start': 2000, 'test_size': 10000, 'proposals': 200, 'pool_size': 40}",1.0,4,0.16259999999999997
